ISO-10303-21;
HEADER;
/* Generated by software containing ST-Developer
 * from STEP Tools, Inc. (www.steptools.com) 
 */

FILE_DESCRIPTION(
/* description */ (''),
/* implementation_level */ '2;1');

FILE_NAME(
/* name */ 'final render of board!.step',
/* time_stamp */ '2026-07-30T16:47:59-08:00',
/* author */ (''),
/* organization */ (''),
/* preprocessor_version */ 'ST-DEVELOPER v20.1',
/* originating_system */ 'Autodesk Translation Framework v15.8.0.0',
/* authorisation */ '');

FILE_SCHEMA (('AUTOMOTIVE_DESIGN { 1 0 10303 214 3 1 1 }'));
ENDSEC;

DATA;
#10=MECHANICAL_DESIGN_GEOMETRIC_PRESENTATION_REPRESENTATION('',(#130,#131,
#132,#133,#134,#135,#136,#137,#138,#139,#140,#141,#142,#143,#144,#145,#146,
#147,#148,#149,#150,#151,#152,#153,#154,#155,#156,#157,#158,#159,#160,#161,
#162,#163,#164,#165,#166,#167,#168,#169,#170,#171,#172,#173,#174,#175,#176,
#177,#178,#179,#180,#181,#182,#183,#184,#185,#186,#187,#188,#189,#190,#191,
#192,#193,#194,#195,#196,#197,#198,#199,#200,#201,#202,#203,#204,#205,#206,
#207,#208,#209,#210,#211,#212,#213,#214,#215,#216,#217,#218,#219,#220,#221,
#222,#223,#224,#225,#226,#227,#228,#229,#230,#231),#19797);
#11=CONTEXT_DEPENDENT_OVER_RIDING_STYLED_ITEM('',(#19863),#19825,#231,(#24));
#12=MAPPED_ITEM('',#13,#12502);
#13=REPRESENTATION_MAP(#12502,#19823);
#14=ITEM_DEFINED_TRANSFORMATION($,$,#11688,#12088);
#15=ITEM_DEFINED_TRANSFORMATION($,$,#11688,#12089);
#16=ITEM_DEFINED_TRANSFORMATION($,$,#11636,#12497);
#17=ITEM_DEFINED_TRANSFORMATION($,$,#11672,#12498);
#18=ITEM_DEFINED_TRANSFORMATION($,$,#11679,#12499);
#19=ITEM_DEFINED_TRANSFORMATION($,$,#11686,#12500);
#20=ITEM_DEFINED_TRANSFORMATION($,$,#11687,#12501);
#21=(
REPRESENTATION_RELATIONSHIP($,$,#19829,#19827)
REPRESENTATION_RELATIONSHIP_WITH_TRANSFORMATION(#14)
SHAPE_REPRESENTATION_RELATIONSHIP()
);
#22=(
REPRESENTATION_RELATIONSHIP($,$,#19829,#19828)
REPRESENTATION_RELATIONSHIP_WITH_TRANSFORMATION(#15)
SHAPE_REPRESENTATION_RELATIONSHIP()
);
#23=(
REPRESENTATION_RELATIONSHIP($,$,#19824,#19823)
REPRESENTATION_RELATIONSHIP_WITH_TRANSFORMATION(#16)
SHAPE_REPRESENTATION_RELATIONSHIP()
);
#24=(
REPRESENTATION_RELATIONSHIP($,$,#19825,#19823)
REPRESENTATION_RELATIONSHIP_WITH_TRANSFORMATION(#17)
SHAPE_REPRESENTATION_RELATIONSHIP()
);
#25=(
REPRESENTATION_RELATIONSHIP($,$,#19826,#19823)
REPRESENTATION_RELATIONSHIP_WITH_TRANSFORMATION(#18)
SHAPE_REPRESENTATION_RELATIONSHIP()
);
#26=(
REPRESENTATION_RELATIONSHIP($,$,#19827,#19823)
REPRESENTATION_RELATIONSHIP_WITH_TRANSFORMATION(#19)
SHAPE_REPRESENTATION_RELATIONSHIP()
);
#27=(
REPRESENTATION_RELATIONSHIP($,$,#19828,#19823)
REPRESENTATION_RELATIONSHIP_WITH_TRANSFORMATION(#20)
SHAPE_REPRESENTATION_RELATIONSHIP()
);
#28=CONTEXT_DEPENDENT_SHAPE_REPRESENTATION(#21,#19816);
#29=CONTEXT_DEPENDENT_SHAPE_REPRESENTATION(#22,#19817);
#30=CONTEXT_DEPENDENT_SHAPE_REPRESENTATION(#23,#19818);
#31=CONTEXT_DEPENDENT_SHAPE_REPRESENTATION(#24,#19819);
#32=CONTEXT_DEPENDENT_SHAPE_REPRESENTATION(#25,#19820);
#33=CONTEXT_DEPENDENT_SHAPE_REPRESENTATION(#26,#19821);
#34=CONTEXT_DEPENDENT_SHAPE_REPRESENTATION(#27,#19822);
#35=NEXT_ASSEMBLY_USAGE_OCCURRENCE(
'MGNR-7-R_857EA8204C097978A51D2F721FA9D4C0_MGNR7R:1',
'MGNR-7-R_857EA8204C097978A51D2F721FA9D4C0_MGNR7R:1',
'MGNR-7-R_857EA8204C097978A51D2F721FA9D4C0_MGNR7R:1',#19835,#19837,
'MGNR-7-R_857EA8204C097978A51D2F721FA9D4C0_MGNR7R:1');
#36=NEXT_ASSEMBLY_USAGE_OCCURRENCE(
'MGNR-7-R_857EA8204C097978A51D2F721FA9D4C0_MGNR7R:1',
'MGNR-7-R_857EA8204C097978A51D2F721FA9D4C0_MGNR7R:1',
'MGNR-7-R_857EA8204C097978A51D2F721FA9D4C0_MGNR7R:1',#19836,#19837,
'MGNR-7-R_857EA8204C097978A51D2F721FA9D4C0_MGNR7R:1');
#37=NEXT_ASSEMBLY_USAGE_OCCURRENCE('big box:1','big box:1','big box:1',
#19831,#19832,'big box:1');
#38=NEXT_ASSEMBLY_USAGE_OCCURRENCE('Component20:1','Component20:1',
'Component20:1',#19831,#19833,'Component20:1');
#39=NEXT_ASSEMBLY_USAGE_OCCURRENCE('Component21:1','Component21:1',
'Component21:1',#19831,#19834,'Component21:1');
#40=NEXT_ASSEMBLY_USAGE_OCCURRENCE('MGNR-7-R0499-H-M 469806:2',
'MGNR-7-R0499-H-M 469806:2','MGNR-7-R0499-H-M 469806:2',#19831,#19835,
'MGNR-7-R0499-H-M 469806:2');
#41=NEXT_ASSEMBLY_USAGE_OCCURRENCE('MGNR-7-R0499-H-M 469806:3',
'MGNR-7-R0499-H-M 469806:3','MGNR-7-R0499-H-M 469806:3',#19831,#19836,
'MGNR-7-R0499-H-M 469806:3');
#42=B_SPLINE_SURFACE_WITH_KNOTS('',3,1,((#16746,#16747),(#16748,#16749),
(#16750,#16751),(#16752,#16753),(#16754,#16755),(#16756,#16757),(#16758,
#16759),(#16760,#16761),(#16762,#16763),(#16764,#16765),(#16766,#16767),
(#16768,#16769),(#16770,#16771),(#16772,#16773),(#16774,#16775),(#16776,
#16777),(#16778,#16779),(#16780,#16781),(#16782,#16783),(#16784,#16785),
(#16786,#16787),(#16788,#16789),(#16790,#16791),(#16792,#16793),(#16794,
#16795)),.UNSPECIFIED.,.F.,.F.,.F.,(4,3,3,3,3,3,3,3,4),(2,2),(0.,1.,2.,
3.,4.,5.,6.,7.,8.),(0.,0.000119999999999987),.UNSPECIFIED.);
#43=B_SPLINE_SURFACE_WITH_KNOTS('',3,1,((#16837,#16838),(#16839,#16840),
(#16841,#16842),(#16843,#16844),(#16845,#16846)),.UNSPECIFIED.,.F.,.F.,
 .F.,(4,1,4),(2,2),(0.,0.488182823051682,1.),(0.,0.000119999999999987),
 .UNSPECIFIED.);
#44=B_SPLINE_SURFACE_WITH_KNOTS('',3,1,((#16858,#16859),(#16860,#16861),
(#16862,#16863),(#16864,#16865),(#16866,#16867)),.UNSPECIFIED.,.F.,.F.,
 .F.,(4,1,4),(2,2),(0.,0.533356021139863,1.),(0.,0.000119999999999987),
 .UNSPECIFIED.);
#45=B_SPLINE_SURFACE_WITH_KNOTS('',3,1,((#16890,#16891),(#16892,#16893),
(#16894,#16895),(#16896,#16897),(#16898,#16899),(#16900,#16901),(#16902,
#16903),(#16904,#16905),(#16906,#16907),(#16908,#16909),(#16910,#16911),
(#16912,#16913),(#16914,#16915)),.UNSPECIFIED.,.F.,.F.,.F.,(4,3,3,3,4),
(2,2),(0.,1.,2.,3.,4.),(0.,0.000119999999999987),.UNSPECIFIED.);
#46=B_SPLINE_SURFACE_WITH_KNOTS('',2,1,((#16937,#16938),(#16939,#16940),
(#16941,#16942)),.UNSPECIFIED.,.F.,.F.,.F.,(3,3),(2,2),(0.,1.),(0.,0.000119999999999987),
 .UNSPECIFIED.);
#47=B_SPLINE_SURFACE_WITH_KNOTS('',3,1,((#16952,#16953),(#16954,#16955),
(#16956,#16957),(#16958,#16959),(#16960,#16961),(#16962,#16963)),
 .UNSPECIFIED.,.F.,.F.,.F.,(4,1,1,4),(2,2),(0.,0.555466443032553,0.855197594576252,
1.),(0.,0.000119999999999987),.UNSPECIFIED.);
#48=B_SPLINE_SURFACE_WITH_KNOTS('',3,1,((#16992,#16993),(#16994,#16995),
(#16996,#16997),(#16998,#16999),(#17000,#17001),(#17002,#17003)),
 .UNSPECIFIED.,.F.,.F.,.F.,(4,1,1,4),(2,2),(0.,0.418187606589205,0.657275980827075,
1.),(0.,0.000119999999999987),.UNSPECIFIED.);
#49=B_SPLINE_SURFACE_WITH_KNOTS('',3,1,((#17016,#17017),(#17018,#17019),
(#17020,#17021),(#17022,#17023),(#17024,#17025)),.UNSPECIFIED.,.F.,.F.,
 .F.,(4,1,4),(2,2),(0.,0.579359807421921,1.),(0.,0.000119999999999987),
 .UNSPECIFIED.);
#50=B_SPLINE_SURFACE_WITH_KNOTS('',3,1,((#17049,#17050),(#17051,#17052),
(#17053,#17054),(#17055,#17056),(#17057,#17058),(#17059,#17060)),
 .UNSPECIFIED.,.F.,.F.,.F.,(4,1,1,4),(2,2),(0.,0.426964242203182,0.635117692319321,
1.),(0.,0.000119999999999987),.UNSPECIFIED.);
#51=B_SPLINE_SURFACE_WITH_KNOTS('',3,1,((#17077,#17078),(#17079,#17080),
(#17081,#17082),(#17083,#17084),(#17085,#17086),(#17087,#17088),(#17089,
#17090),(#17091,#17092),(#17093,#17094),(#17095,#17096),(#17097,#17098),
(#17099,#17100),(#17101,#17102)),.UNSPECIFIED.,.F.,.F.,.F.,(4,3,3,3,4),
(2,2),(0.,1.,2.,3.,4.),(0.,0.000119999999999987),.UNSPECIFIED.);
#52=B_SPLINE_SURFACE_WITH_KNOTS('',3,1,((#17130,#17131),(#17132,#17133),
(#17134,#17135),(#17136,#17137),(#17138,#17139)),.UNSPECIFIED.,.F.,.F.,
 .F.,(4,1,4),(2,2),(0.,0.418865317935403,1.),(0.,0.000119999999999987),
 .UNSPECIFIED.);
#53=B_SPLINE_SURFACE_WITH_KNOTS('',3,1,((#17151,#17152),(#17153,#17154),
(#17155,#17156),(#17157,#17158),(#17159,#17160)),.UNSPECIFIED.,.F.,.F.,
 .F.,(4,1,4),(2,2),(0.,0.597800386873713,1.),(0.,0.00012000000000012),
 .UNSPECIFIED.);
#54=B_SPLINE_SURFACE_WITH_KNOTS('',3,1,((#17179,#17180),(#17181,#17182),
(#17183,#17184),(#17185,#17186),(#17187,#17188),(#17189,#17190),(#17191,
#17192),(#17193,#17194),(#17195,#17196),(#17197,#17198),(#17199,#17200),
(#17201,#17202),(#17203,#17204),(#17205,#17206),(#17207,#17208),(#17209,
#17210),(#17211,#17212),(#17213,#17214),(#17215,#17216),(#17217,#17218),
(#17219,#17220),(#17221,#17222),(#17223,#17224),(#17225,#17226),(#17227,
#17228),(#17229,#17230),(#17231,#17232),(#17233,#17234),(#17235,#17236),
(#17237,#17238),(#17239,#17240)),.UNSPECIFIED.,.F.,.F.,.F.,(4,3,3,3,3,3,
3,3,3,3,4),(2,2),(0.,1.,2.,3.,4.,5.,6.,7.,8.,9.,10.),(0.,0.000119999999999987),
 .UNSPECIFIED.);
#55=B_SPLINE_SURFACE_WITH_KNOTS('',3,1,((#17288,#17289),(#17290,#17291),
(#17292,#17293),(#17294,#17295),(#17296,#17297),(#17298,#17299),(#17300,
#17301),(#17302,#17303),(#17304,#17305),(#17306,#17307),(#17308,#17309),
(#17310,#17311),(#17312,#17313),(#17314,#17315),(#17316,#17317),(#17318,
#17319),(#17320,#17321),(#17322,#17323),(#17324,#17325),(#17326,#17327),
(#17328,#17329),(#17330,#17331)),.UNSPECIFIED.,.F.,.F.,.F.,(4,3,3,3,3,3,
3,4),(2,2),(0.,1.,2.,3.,4.,5.,6.,7.),(0.,0.000119999999999987),
 .UNSPECIFIED.);
#56=B_SPLINE_SURFACE_WITH_KNOTS('',3,1,((#17367,#17368),(#17369,#17370),
(#17371,#17372),(#17373,#17374),(#17375,#17376),(#17377,#17378),(#17379,
#17380),(#17381,#17382),(#17383,#17384),(#17385,#17386),(#17387,#17388),
(#17389,#17390),(#17391,#17392)),.UNSPECIFIED.,.F.,.F.,.F.,(4,3,3,3,4),
(2,2),(0.,1.,2.,3.,4.),(0.,0.000119999999999987),.UNSPECIFIED.);
#57=B_SPLINE_SURFACE_WITH_KNOTS('',3,1,((#17422,#17423),(#17424,#17425),
(#17426,#17427),(#17428,#17429)),.UNSPECIFIED.,.F.,.F.,.F.,(4,4),(2,2),
(0.,1.),(0.,0.000119999999999987),.UNSPECIFIED.);
#58=B_SPLINE_SURFACE_WITH_KNOTS('',3,1,((#17444,#17445),(#17446,#17447),
(#17448,#17449),(#17450,#17451),(#17452,#17453)),.UNSPECIFIED.,.F.,.F.,
 .F.,(4,1,4),(2,2),(0.,0.489546046324485,1.),(0.,0.000119999999999987),
 .UNSPECIFIED.);
#59=B_SPLINE_SURFACE_WITH_KNOTS('',3,1,((#17473,#17474),(#17475,#17476),
(#17477,#17478),(#17479,#17480),(#17481,#17482)),.UNSPECIFIED.,.F.,.F.,
 .F.,(4,1,4),(2,2),(0.,0.575534353889211,1.),(0.,0.000119999999999987),
 .UNSPECIFIED.);
#60=B_SPLINE_SURFACE_WITH_KNOTS('',3,1,((#17494,#17495),(#17496,#17497),
(#17498,#17499),(#17500,#17501),(#17502,#17503),(#17504,#17505),(#17506,
#17507),(#17508,#17509),(#17510,#17511),(#17512,#17513),(#17514,#17515),
(#17516,#17517),(#17518,#17519),(#17520,#17521),(#17522,#17523),(#17524,
#17525),(#17526,#17527),(#17528,#17529),(#17530,#17531)),.UNSPECIFIED.,
 .F.,.F.,.F.,(4,3,3,3,3,3,4),(2,2),(0.,1.,2.,3.,4.,5.,6.),(0.,0.000119999999999987),
 .UNSPECIFIED.);
#61=B_SPLINE_SURFACE_WITH_KNOTS('',3,1,((#17565,#17566),(#17567,#17568),
(#17569,#17570),(#17571,#17572),(#17573,#17574),(#17575,#17576),(#17577,
#17578),(#17579,#17580),(#17581,#17582),(#17583,#17584)),.UNSPECIFIED.,
 .F.,.F.,.F.,(4,3,3,4),(2,2),(0.,1.,2.,3.),(0.,0.000119999999999987),
 .UNSPECIFIED.);
#62=B_SPLINE_SURFACE_WITH_KNOTS('',3,1,((#17649,#17650),(#17651,#17652),
(#17653,#17654),(#17655,#17656),(#17657,#17658),(#17659,#17660),(#17661,
#17662),(#17663,#17664),(#17665,#17666),(#17667,#17668),(#17669,#17670),
(#17671,#17672),(#17673,#17674),(#17675,#17676),(#17677,#17678),(#17679,
#17680),(#17681,#17682),(#17683,#17684),(#17685,#17686),(#17687,#17688),
(#17689,#17690),(#17691,#17692),(#17693,#17694),(#17695,#17696),(#17697,
#17698),(#17699,#17700),(#17701,#17702),(#17703,#17704)),.UNSPECIFIED.,
 .F.,.F.,.F.,(4,3,3,3,3,3,3,3,3,4),(2,2),(0.,1.,2.,3.,4.,5.,6.,7.,8.,9.),
(0.,0.000119999999999987),.UNSPECIFIED.);
#63=B_SPLINE_SURFACE_WITH_KNOTS('',3,1,((#17749,#17750),(#17751,#17752),
(#17753,#17754),(#17755,#17756),(#17757,#17758),(#17759,#17760),(#17761,
#17762),(#17763,#17764),(#17765,#17766),(#17767,#17768),(#17769,#17770),
(#17771,#17772),(#17773,#17774),(#17775,#17776),(#17777,#17778),(#17779,
#17780)),.UNSPECIFIED.,.F.,.F.,.F.,(4,3,3,3,3,4),(2,2),(0.,1.,2.,3.,4.,
5.),(0.,0.000119999999999987),.UNSPECIFIED.);
#64=B_SPLINE_SURFACE_WITH_KNOTS('',3,1,((#17811,#17812),(#17813,#17814),
(#17815,#17816),(#17817,#17818),(#17819,#17820),(#17821,#17822),(#17823,
#17824),(#17825,#17826),(#17827,#17828),(#17829,#17830),(#17831,#17832),
(#17833,#17834),(#17835,#17836)),.UNSPECIFIED.,.F.,.F.,.F.,(4,3,3,3,4),
(2,2),(0.,1.,2.,3.,4.),(0.,0.000119999999999987),.UNSPECIFIED.);
#65=B_SPLINE_SURFACE_WITH_KNOTS('',3,1,((#17864,#17865),(#17866,#17867),
(#17868,#17869),(#17870,#17871),(#17872,#17873),(#17874,#17875),(#17876,
#17877),(#17878,#17879),(#17880,#17881),(#17882,#17883),(#17884,#17885),
(#17886,#17887),(#17888,#17889)),.UNSPECIFIED.,.F.,.F.,.F.,(4,3,3,3,4),
(2,2),(0.,1.,2.,3.,4.),(0.,0.000119999999999987),.UNSPECIFIED.);
#66=B_SPLINE_CURVE_WITH_KNOTS('',3,(#16103,#16104,#16105,#16106,#16107,
#16108,#16109,#16110,#16111,#16112,#16113,#16114,#16115,#16116,#16117,#16118,
#16119,#16120,#16121,#16122,#16123,#16124,#16125,#16126,#16127),
 .UNSPECIFIED.,.F.,.F.,(4,3,3,3,3,3,3,3,4),(0.,0.999999999996947,1.99999999999739,
2.99999999999783,3.99999999999827,4.9999999999987,5.99999999999914,6.99999999999958,
8.),.UNSPECIFIED.);
#67=B_SPLINE_CURVE_WITH_KNOTS('',3,(#16135,#16136,#16137,#16138,#16139),
 .UNSPECIFIED.,.F.,.F.,(4,1,4),(0.,0.488182823051682,1.),.UNSPECIFIED.);
#68=B_SPLINE_CURVE_WITH_KNOTS('',3,(#16143,#16144,#16145,#16146,#16147),
 .UNSPECIFIED.,.F.,.F.,(4,1,4),(0.,0.533356021139863,1.),.UNSPECIFIED.);
#69=B_SPLINE_CURVE_WITH_KNOTS('',3,(#16157,#16158,#16159,#16160,#16161,
#16162,#16163,#16164,#16165,#16166,#16167,#16168,#16169),.UNSPECIFIED.,
 .F.,.F.,(4,3,3,3,4),(0.,1.,2.,3.,4.),.UNSPECIFIED.);
#70=B_SPLINE_CURVE_WITH_KNOTS('',2,(#16173,#16174,#16175),.UNSPECIFIED.,
 .F.,.F.,(3,3),(0.,1.),.UNSPECIFIED.);
#71=B_SPLINE_CURVE_WITH_KNOTS('',3,(#16179,#16180,#16181,#16182,#16183,
#16184),.UNSPECIFIED.,.F.,.F.,(4,1,1,4),(0.,0.555466443032553,0.855197594576252,
1.),.UNSPECIFIED.);
#72=B_SPLINE_CURVE_WITH_KNOTS('',3,(#16196,#16197,#16198,#16199,#16200,
#16201),.UNSPECIFIED.,.F.,.F.,(4,1,1,4),(0.,0.418187606589205,0.657275980827075,
1.),.UNSPECIFIED.);
#73=B_SPLINE_CURVE_WITH_KNOTS('',3,(#16205,#16206,#16207,#16208,#16209),
 .UNSPECIFIED.,.F.,.F.,(4,1,4),(0.,0.579359807421921,1.),.UNSPECIFIED.);
#74=B_SPLINE_CURVE_WITH_KNOTS('',3,(#16219,#16220,#16221,#16222,#16223,
#16224),.UNSPECIFIED.,.F.,.F.,(4,1,1,4),(0.,0.426964242203182,0.635117692319321,
1.),.UNSPECIFIED.);
#75=B_SPLINE_CURVE_WITH_KNOTS('',3,(#16230,#16231,#16232,#16233,#16234,
#16235,#16236,#16237,#16238,#16239,#16240,#16241,#16242),.UNSPECIFIED.,
 .F.,.F.,(4,3,3,3,4),(0.,1.,2.,3.,4.),.UNSPECIFIED.);
#76=B_SPLINE_CURVE_WITH_KNOTS('',3,(#16250,#16251,#16252,#16253,#16254),
 .UNSPECIFIED.,.F.,.F.,(4,1,4),(0.,0.418865317935403,1.),.UNSPECIFIED.);
#77=B_SPLINE_CURVE_WITH_KNOTS('',3,(#16258,#16259,#16260,#16261,#16262),
 .UNSPECIFIED.,.F.,.F.,(4,1,4),(0.,0.597800386873713,1.),.UNSPECIFIED.);
#78=B_SPLINE_CURVE_WITH_KNOTS('',3,(#16270,#16271,#16272,#16273,#16274,
#16275,#16276,#16277,#16278,#16279,#16280,#16281,#16282,#16283,#16284,#16285,
#16286,#16287,#16288,#16289,#16290,#16291,#16292,#16293,#16294,#16295,#16296,
#16297,#16298,#16299,#16300),.UNSPECIFIED.,.F.,.F.,(4,3,3,3,3,3,3,3,3,3,
4),(0.,0.999999999998491,1.99999999999866,2.99999999999883,3.999999999999,
4.99999999999916,5.99999999999933,6.9999999999995,7.99999999999967,8.99999999999984,
10.),.UNSPECIFIED.);
#79=B_SPLINE_CURVE_WITH_KNOTS('',3,(#16308,#16309,#16310,#16311,#16312,
#16313,#16314,#16315,#16316,#16317,#16318,#16319,#16320,#16321,#16322,#16323,
#16324,#16325,#16326,#16327,#16328,#16329),.UNSPECIFIED.,.F.,.F.,(4,3,3,
3,3,3,3,4),(0.,1.,2.,3.,4.,5.,6.,7.),.UNSPECIFIED.);
#80=B_SPLINE_CURVE_WITH_KNOTS('',3,(#16337,#16338,#16339,#16340,#16341,
#16342,#16343,#16344,#16345,#16346,#16347,#16348,#16349),.UNSPECIFIED.,
 .F.,.F.,(4,3,3,3,4),(0.,0.999999999998422,1.99999999999895,2.99999999999948,
4.),.UNSPECIFIED.);
#81=B_SPLINE_CURVE_WITH_KNOTS('',3,(#16357,#16358,#16359,#16360),
 .UNSPECIFIED.,.F.,.F.,(4,4),(0.,1.),.UNSPECIFIED.);
#82=B_SPLINE_CURVE_WITH_KNOTS('',3,(#16366,#16367,#16368,#16369,#16370),
 .UNSPECIFIED.,.F.,.F.,(4,1,4),(0.,0.489546046324485,1.),.UNSPECIFIED.);
#83=B_SPLINE_CURVE_WITH_KNOTS('',3,(#16378,#16379,#16380,#16381,#16382),
 .UNSPECIFIED.,.F.,.F.,(4,1,4),(0.,0.575534353889211,1.),.UNSPECIFIED.);
#84=B_SPLINE_CURVE_WITH_KNOTS('',3,(#16386,#16387,#16388,#16389,#16390,
#16391,#16392,#16393,#16394,#16395,#16396,#16397,#16398,#16399,#16400,#16401,
#16402,#16403,#16404),.UNSPECIFIED.,.F.,.F.,(4,3,3,3,3,3,4),(0.,1.,2.,3.,
4.,5.,6.),.UNSPECIFIED.);
#85=B_SPLINE_CURVE_WITH_KNOTS('',3,(#16412,#16413,#16414,#16415,#16416,
#16417,#16418,#16419,#16420,#16421),.UNSPECIFIED.,.F.,.F.,(4,3,3,4),(0.,
1.,2.,3.),.UNSPECIFIED.);
#86=B_SPLINE_CURVE_WITH_KNOTS('',3,(#16449,#16450,#16451,#16452,#16453,
#16454,#16455,#16456,#16457,#16458,#16459,#16460,#16461,#16462,#16463,#16464,
#16465,#16466,#16467,#16468,#16469,#16470,#16471,#16472,#16473,#16474,#16475,
#16476,#16477,#16478,#16479),.UNSPECIFIED.,.F.,.F.,(4,3,3,3,3,3,3,3,3,3,
4),(0.,0.999999999992386,1.99999999999335,2.99999999999432,3.99999999999529,
4.99999999999625,5.49999999999674,5.99999999999722,6.99999999999818,7.99999999999915,
9.),.UNSPECIFIED.);
#87=B_SPLINE_CURVE_WITH_KNOTS('',3,(#16487,#16488,#16489,#16490,#16491,
#16492,#16493,#16494,#16495,#16496,#16497,#16498,#16499,#16500,#16501,#16502),
 .UNSPECIFIED.,.F.,.F.,(4,3,3,3,3,4),(0.,1.,2.,3.,4.,5.),.UNSPECIFIED.);
#88=B_SPLINE_CURVE_WITH_KNOTS('',3,(#16510,#16511,#16512,#16513,#16514,
#16515,#16516,#16517,#16518,#16519,#16520,#16521,#16522),.UNSPECIFIED.,
 .F.,.F.,(4,3,3,3,4),(0.,1.,2.,3.,4.),.UNSPECIFIED.);
#89=B_SPLINE_CURVE_WITH_KNOTS('',3,(#16530,#16531,#16532,#16533,#16534,
#16535,#16536,#16537,#16538,#16539,#16540,#16541,#16542),.UNSPECIFIED.,
 .F.,.F.,(4,3,3,3,4),(0.,1.,2.,3.,4.),.UNSPECIFIED.);
#90=B_SPLINE_CURVE_WITH_KNOTS('',3,(#16799,#16800,#16801,#16802,#16803,
#16804,#16805,#16806,#16807,#16808,#16809,#16810,#16811,#16812,#16813,#16814,
#16815,#16816,#16817,#16818,#16819,#16820,#16821,#16822,#16823),
 .UNSPECIFIED.,.F.,.F.,(4,3,3,3,3,3,3,3,4),(0.,1.,2.,3.,4.,5.,6.,7.,8.),
 .UNSPECIFIED.);
#91=B_SPLINE_CURVE_WITH_KNOTS('',3,(#16848,#16849,#16850,#16851,#16852),
 .UNSPECIFIED.,.F.,.F.,(4,1,4),(0.,0.488182823051682,1.),.UNSPECIFIED.);
#92=B_SPLINE_CURVE_WITH_KNOTS('',3,(#16869,#16870,#16871,#16872,#16873),
 .UNSPECIFIED.,.F.,.F.,(4,1,4),(0.,0.533356021139863,1.),.UNSPECIFIED.);
#93=B_SPLINE_CURVE_WITH_KNOTS('',3,(#16919,#16920,#16921,#16922,#16923,
#16924,#16925,#16926,#16927,#16928,#16929,#16930,#16931),.UNSPECIFIED.,
 .F.,.F.,(4,3,3,3,4),(0.,1.,2.,3.,4.),.UNSPECIFIED.);
#94=B_SPLINE_CURVE_WITH_KNOTS('',2,(#16944,#16945,#16946),.UNSPECIFIED.,
 .F.,.F.,(3,3),(0.,1.),.UNSPECIFIED.);
#95=B_SPLINE_CURVE_WITH_KNOTS('',3,(#16965,#16966,#16967,#16968,#16969,
#16970),.UNSPECIFIED.,.F.,.F.,(4,1,1,4),(0.,0.555466443032553,0.855197594576252,
1.),.UNSPECIFIED.);
#96=B_SPLINE_CURVE_WITH_KNOTS('',3,(#17005,#17006,#17007,#17008,#17009,
#17010),.UNSPECIFIED.,.F.,.F.,(4,1,1,4),(0.,0.418187606589205,0.657275980827075,
1.),.UNSPECIFIED.);
#97=B_SPLINE_CURVE_WITH_KNOTS('',3,(#17027,#17028,#17029,#17030,#17031),
 .UNSPECIFIED.,.F.,.F.,(4,1,4),(0.,0.579359807421921,1.),.UNSPECIFIED.);
#98=B_SPLINE_CURVE_WITH_KNOTS('',3,(#17062,#17063,#17064,#17065,#17066,
#17067),.UNSPECIFIED.,.F.,.F.,(4,1,1,4),(0.,0.426964242203182,0.635117692319321,
1.),.UNSPECIFIED.);
#99=B_SPLINE_CURVE_WITH_KNOTS('',3,(#17104,#17105,#17106,#17107,#17108,
#17109,#17110,#17111,#17112,#17113,#17114,#17115,#17116),.UNSPECIFIED.,
 .F.,.F.,(4,3,3,3,4),(0.,1.,2.,3.,4.),.UNSPECIFIED.);
#100=B_SPLINE_CURVE_WITH_KNOTS('',3,(#17141,#17142,#17143,#17144,#17145),
 .UNSPECIFIED.,.F.,.F.,(4,1,4),(0.,0.418865317935403,1.),.UNSPECIFIED.);
#101=B_SPLINE_CURVE_WITH_KNOTS('',3,(#17162,#17163,#17164,#17165,#17166),
 .UNSPECIFIED.,.F.,.F.,(4,1,4),(0.,0.597800386873713,1.),.UNSPECIFIED.);
#102=B_SPLINE_CURVE_WITH_KNOTS('',3,(#17244,#17245,#17246,#17247,#17248,
#17249,#17250,#17251,#17252,#17253,#17254,#17255,#17256,#17257,#17258,#17259,
#17260,#17261,#17262,#17263,#17264,#17265,#17266,#17267,#17268,#17269,#17270,
#17271,#17272,#17273,#17274),.UNSPECIFIED.,.F.,.F.,(4,3,3,3,3,3,3,3,3,3,
4),(0.,1.,2.,3.,4.,5.,6.,7.,8.,9.,10.),.UNSPECIFIED.);
#103=B_SPLINE_CURVE_WITH_KNOTS('',3,(#17333,#17334,#17335,#17336,#17337,
#17338,#17339,#17340,#17341,#17342,#17343,#17344,#17345,#17346,#17347,#17348,
#17349,#17350,#17351,#17352,#17353,#17354),.UNSPECIFIED.,.F.,.F.,(4,3,3,
3,3,3,3,4),(0.,1.,2.,3.,4.,5.,6.,7.),.UNSPECIFIED.);
#104=B_SPLINE_CURVE_WITH_KNOTS('',3,(#17396,#17397,#17398,#17399,#17400,
#17401,#17402,#17403,#17404,#17405,#17406,#17407,#17408),.UNSPECIFIED.,
 .F.,.F.,(4,3,3,3,4),(0.,1.,2.,3.,4.),.UNSPECIFIED.);
#105=B_SPLINE_CURVE_WITH_KNOTS('',3,(#17431,#17432,#17433,#17434),
 .UNSPECIFIED.,.F.,.F.,(4,4),(0.,1.),.UNSPECIFIED.);
#106=B_SPLINE_CURVE_WITH_KNOTS('',3,(#17455,#17456,#17457,#17458,#17459),
 .UNSPECIFIED.,.F.,.F.,(4,1,4),(0.,0.489546046324485,1.),.UNSPECIFIED.);
#107=B_SPLINE_CURVE_WITH_KNOTS('',3,(#17484,#17485,#17486,#17487,#17488),
 .UNSPECIFIED.,.F.,.F.,(4,1,4),(0.,0.575534353889211,1.),.UNSPECIFIED.);
#108=B_SPLINE_CURVE_WITH_KNOTS('',3,(#17533,#17534,#17535,#17536,#17537,
#17538,#17539,#17540,#17541,#17542,#17543,#17544,#17545,#17546,#17547,#17548,
#17549,#17550,#17551),.UNSPECIFIED.,.F.,.F.,(4,3,3,3,3,3,4),(0.,1.,2.,3.,
4.,5.,6.),.UNSPECIFIED.);
#109=B_SPLINE_CURVE_WITH_KNOTS('',3,(#17586,#17587,#17588,#17589,#17590,
#17591,#17592,#17593,#17594,#17595),.UNSPECIFIED.,.F.,.F.,(4,3,3,4),(0.,
1.,2.,3.),.UNSPECIFIED.);
#110=B_SPLINE_CURVE_WITH_KNOTS('',3,(#17708,#17709,#17710,#17711,#17712,
#17713,#17714,#17715,#17716,#17717,#17718,#17719,#17720,#17721,#17722,#17723,
#17724,#17725,#17726,#17727,#17728,#17729,#17730,#17731,#17732,#17733,#17734,
#17735),.UNSPECIFIED.,.F.,.F.,(4,3,3,3,3,3,3,3,3,4),(0.,1.,2.,3.,4.,5.,
6.,7.,8.,9.),.UNSPECIFIED.);
#111=B_SPLINE_CURVE_WITH_KNOTS('',3,(#17782,#17783,#17784,#17785,#17786,
#17787,#17788,#17789,#17790,#17791,#17792,#17793,#17794,#17795,#17796,#17797),
 .UNSPECIFIED.,.F.,.F.,(4,3,3,3,3,4),(0.,1.,2.,3.,4.,5.),.UNSPECIFIED.);
#112=B_SPLINE_CURVE_WITH_KNOTS('',3,(#17838,#17839,#17840,#17841,#17842,
#17843,#17844,#17845,#17846,#17847,#17848,#17849,#17850),.UNSPECIFIED.,
 .F.,.F.,(4,3,3,3,4),(0.,1.,2.,3.,4.),.UNSPECIFIED.);
#113=B_SPLINE_CURVE_WITH_KNOTS('',3,(#17891,#17892,#17893,#17894,#17895,
#17896,#17897,#17898,#17899,#17900,#17901,#17902,#17903),.UNSPECIFIED.,
 .F.,.F.,(4,3,3,3,4),(0.,1.,2.,3.,4.),.UNSPECIFIED.);
#114=ELLIPSE('',#11689,0.140390027541618,0.140249322609274);
#115=ELLIPSE('',#11690,0.140390027541618,0.140249322609274);
#116=ELLIPSE('',#11893,0.140390027541618,0.140249322609286);
#117=ELLIPSE('',#12070,0.140390027541618,0.140249322609286);
#118=(
BOUNDED_SURFACE()
B_SPLINE_SURFACE(3,1,((#15669,#15670),(#15671,#15672),(#15673,#15674),(#15675,
#15676)),.UNSPECIFIED.,.F.,.F.,.F.)
B_SPLINE_SURFACE_WITH_KNOTS((4,4),(2,2),(0.,1.),(0.,0.000119999999999987),
 .UNSPECIFIED.)
GEOMETRIC_REPRESENTATION_ITEM()
RATIONAL_B_SPLINE_SURFACE(((1.,1.),(0.333333333333333,0.333333333333333),
(0.333333333333333,0.333333333333333),(1.,1.)))
REPRESENTATION_ITEM('')
SURFACE()
);
#119=(
BOUNDED_SURFACE()
B_SPLINE_SURFACE(3,1,((#17970,#17971),(#17972,#17973),(#17974,#17975),(#17976,
#17977)),.UNSPECIFIED.,.F.,.F.,.F.)
B_SPLINE_SURFACE_WITH_KNOTS((4,4),(2,2),(0.,1.),(0.,0.000119999999999987),
 .UNSPECIFIED.)
GEOMETRIC_REPRESENTATION_ITEM()
RATIONAL_B_SPLINE_SURFACE(((1.,1.),(0.333333333333334,0.333333333333334),
(0.333333333333334,0.333333333333334),(1.,1.)))
REPRESENTATION_ITEM('')
SURFACE()
);
#120=SHAPE_REPRESENTATION_RELATIONSHIP('SRR','None',#19824,#125);
#121=SHAPE_REPRESENTATION_RELATIONSHIP('SRR','None',#19825,#126);
#122=SHAPE_REPRESENTATION_RELATIONSHIP('SRR','None',#19826,#127);
#123=SHAPE_REPRESENTATION_RELATIONSHIP('SRR','None',#19829,#128);
#124=SHAPE_REPRESENTATION_RELATIONSHIP('SRR','None',#19823,#129);
#125=ADVANCED_BREP_SHAPE_REPRESENTATION('',(#232),#19791);
#126=ADVANCED_BREP_SHAPE_REPRESENTATION('',(#233),#19792);
#127=ADVANCED_BREP_SHAPE_REPRESENTATION('',(#234),#19793);
#128=ADVANCED_BREP_SHAPE_REPRESENTATION('',(#235),#19796);
#129=ADVANCED_BREP_SHAPE_REPRESENTATION('',(#236,#237,#238,#239,#240,#241,
#242,#243,#244,#245,#246,#247,#248,#249,#250,#251,#252,#253,#254,#255,#256,
#257,#258,#259,#260,#261,#262,#263,#264,#265,#266,#267,#268,#269,#270,#271,
#272,#273,#274,#275,#276,#277,#278,#279,#280,#281,#282,#283,#284,#285,#286,
#287,#288,#289,#290,#291,#292,#293,#294,#295,#296,#297,#298,#299,#300),
#19790);
#130=STYLED_ITEM('',(#19866),#232);
#131=STYLED_ITEM('',(#19863),#233);
#132=STYLED_ITEM('',(#19867),#234);
#133=STYLED_ITEM('',(#19868),#235);
#134=STYLED_ITEM('',(#19865),#11124);
#135=STYLED_ITEM('',(#19864),#236);
#136=STYLED_ITEM('',(#19864),#237);
#137=STYLED_ITEM('',(#19864),#238);
#138=STYLED_ITEM('',(#19865),#11142);
#139=STYLED_ITEM('',(#19864),#239);
#140=STYLED_ITEM('',(#19864),#240);
#141=STYLED_ITEM('',(#19865),#11154);
#142=STYLED_ITEM('',(#19864),#241);
#143=STYLED_ITEM('',(#19864),#242);
#144=STYLED_ITEM('',(#19865),#11166);
#145=STYLED_ITEM('',(#19864),#243);
#146=STYLED_ITEM('',(#19865),#11170);
#147=STYLED_ITEM('',(#19864),#244);
#148=STYLED_ITEM('',(#19865),#11177);
#149=STYLED_ITEM('',(#19864),#245);
#150=STYLED_ITEM('',(#19865),#11184);
#151=STYLED_ITEM('',(#19864),#246);
#152=STYLED_ITEM('',(#19865),#11189);
#153=STYLED_ITEM('',(#19864),#247);
#154=STYLED_ITEM('',(#19864),#248);
#155=STYLED_ITEM('',(#19864),#249);
#156=STYLED_ITEM('',(#19864),#250);
#157=STYLED_ITEM('',(#19864),#251);
#158=STYLED_ITEM('',(#19864),#252);
#159=STYLED_ITEM('',(#19864),#253);
#160=STYLED_ITEM('',(#19864),#254);
#161=STYLED_ITEM('',(#19865),#11237);
#162=STYLED_ITEM('',(#19864),#255);
#163=STYLED_ITEM('',(#19865),#11244);
#164=STYLED_ITEM('',(#19864),#256);
#165=STYLED_ITEM('',(#19865),#11250);
#166=STYLED_ITEM('',(#19864),#257);
#167=STYLED_ITEM('',(#19864),#258);
#168=STYLED_ITEM('',(#19864),#259);
#169=STYLED_ITEM('',(#19865),#11267);
#170=STYLED_ITEM('',(#19864),#260);
#171=STYLED_ITEM('',(#19865),#11273);
#172=STYLED_ITEM('',(#19864),#261);
#173=STYLED_ITEM('',(#19865),#11280);
#174=STYLED_ITEM('',(#19864),#262);
#175=STYLED_ITEM('',(#19865),#11285);
#176=STYLED_ITEM('',(#19864),#263);
#177=STYLED_ITEM('',(#19864),#264);
#178=STYLED_ITEM('',(#19864),#265);
#179=STYLED_ITEM('',(#19864),#266);
#180=STYLED_ITEM('',(#19864),#267);
#181=STYLED_ITEM('',(#19864),#268);
#182=STYLED_ITEM('',(#19865),#11321);
#183=STYLED_ITEM('',(#19864),#269);
#184=STYLED_ITEM('',(#19865),#11328);
#185=STYLED_ITEM('',(#19864),#270);
#186=STYLED_ITEM('',(#19865),#11334);
#187=STYLED_ITEM('',(#19864),#271);
#188=STYLED_ITEM('',(#19865),#11340);
#189=STYLED_ITEM('',(#19864),#272);
#190=STYLED_ITEM('',(#19865),#11345);
#191=STYLED_ITEM('',(#19864),#273);
#192=STYLED_ITEM('',(#19865),#11352);
#193=STYLED_ITEM('',(#19864),#274);
#194=STYLED_ITEM('',(#19865),#11357);
#195=STYLED_ITEM('',(#19864),#275);
#196=STYLED_ITEM('',(#19864),#276);
#197=STYLED_ITEM('',(#19864),#277);
#198=STYLED_ITEM('',(#19864),#278);
#199=STYLED_ITEM('',(#19865),#11382);
#200=STYLED_ITEM('',(#19864),#279);
#201=STYLED_ITEM('',(#19865),#11387);
#202=STYLED_ITEM('',(#19864),#280);
#203=STYLED_ITEM('',(#19865),#11393);
#204=STYLED_ITEM('',(#19864),#281);
#205=STYLED_ITEM('',(#19865),#11400);
#206=STYLED_ITEM('',(#19864),#282);
#207=STYLED_ITEM('',(#19864),#283);
#208=STYLED_ITEM('',(#19864),#284);
#209=STYLED_ITEM('',(#19864),#285);
#210=STYLED_ITEM('',(#19864),#286);
#211=STYLED_ITEM('',(#19864),#287);
#212=STYLED_ITEM('',(#19864),#288);
#213=STYLED_ITEM('',(#19864),#289);
#214=STYLED_ITEM('',(#19865),#11447);
#215=STYLED_ITEM('',(#19864),#290);
#216=STYLED_ITEM('',(#19865),#11454);
#217=STYLED_ITEM('',(#19864),#291);
#218=STYLED_ITEM('',(#19865),#11460);
#219=STYLED_ITEM('',(#19864),#292);
#220=STYLED_ITEM('',(#19864),#293);
#221=STYLED_ITEM('',(#19864),#294);
#222=STYLED_ITEM('',(#19864),#295);
#223=STYLED_ITEM('',(#19864),#296);
#224=STYLED_ITEM('',(#19865),#11489);
#225=STYLED_ITEM('',(#19864),#297);
#226=STYLED_ITEM('',(#19865),#11496);
#227=STYLED_ITEM('',(#19864),#298);
#228=STYLED_ITEM('',(#19865),#11502);
#229=STYLED_ITEM('',(#19864),#299);
#230=STYLED_ITEM('',(#19866),#300);
#231=STYLED_ITEM('',(#19869),#12);
#232=MANIFOLD_SOLID_BREP('Body1',#11521);
#233=MANIFOLD_SOLID_BREP('Body1',#11522);
#234=MANIFOLD_SOLID_BREP('Body1',#11523);
#235=MANIFOLD_SOLID_BREP('Body1',#11524);
#236=MANIFOLD_SOLID_BREP('Body1',#11525);
#237=MANIFOLD_SOLID_BREP('Body4',#11526);
#238=MANIFOLD_SOLID_BREP('Body5',#11527);
#239=MANIFOLD_SOLID_BREP('Body6',#11528);
#240=MANIFOLD_SOLID_BREP('Body7',#11529);
#241=MANIFOLD_SOLID_BREP('Body8',#11530);
#242=MANIFOLD_SOLID_BREP('Body9',#11531);
#243=MANIFOLD_SOLID_BREP('Body10',#11532);
#244=MANIFOLD_SOLID_BREP('Body11',#11533);
#245=MANIFOLD_SOLID_BREP('Body12',#11534);
#246=MANIFOLD_SOLID_BREP('Body13',#11535);
#247=MANIFOLD_SOLID_BREP('Body14',#11536);
#248=MANIFOLD_SOLID_BREP('Body15',#11537);
#249=MANIFOLD_SOLID_BREP('Body16',#11538);
#250=MANIFOLD_SOLID_BREP('Body17',#11539);
#251=MANIFOLD_SOLID_BREP('Body18',#11540);
#252=MANIFOLD_SOLID_BREP('Body19',#11541);
#253=MANIFOLD_SOLID_BREP('Body20',#11542);
#254=MANIFOLD_SOLID_BREP('Body21',#11543);
#255=MANIFOLD_SOLID_BREP('Body22',#11544);
#256=MANIFOLD_SOLID_BREP('Body23',#11545);
#257=MANIFOLD_SOLID_BREP('Body24',#11546);
#258=MANIFOLD_SOLID_BREP('Body25',#11547);
#259=MANIFOLD_SOLID_BREP('Body26',#11548);
#260=MANIFOLD_SOLID_BREP('Body27',#11549);
#261=MANIFOLD_SOLID_BREP('Body28',#11550);
#262=MANIFOLD_SOLID_BREP('Body29',#11551);
#263=MANIFOLD_SOLID_BREP('Body30',#11552);
#264=MANIFOLD_SOLID_BREP('Body31',#11553);
#265=MANIFOLD_SOLID_BREP('Body32',#11554);
#266=MANIFOLD_SOLID_BREP('Body33',#11555);
#267=MANIFOLD_SOLID_BREP('Body34',#11556);
#268=MANIFOLD_SOLID_BREP('Body35',#11557);
#269=MANIFOLD_SOLID_BREP('Body36',#11558);
#270=MANIFOLD_SOLID_BREP('Body37',#11559);
#271=MANIFOLD_SOLID_BREP('Body38',#11560);
#272=MANIFOLD_SOLID_BREP('Body39',#11561);
#273=MANIFOLD_SOLID_BREP('Body40',#11562);
#274=MANIFOLD_SOLID_BREP('Body41',#11563);
#275=MANIFOLD_SOLID_BREP('Body42',#11564);
#276=MANIFOLD_SOLID_BREP('Body43',#11565);
#277=MANIFOLD_SOLID_BREP('Body44',#11566);
#278=MANIFOLD_SOLID_BREP('Body45',#11567);
#279=MANIFOLD_SOLID_BREP('Body46',#11568);
#280=MANIFOLD_SOLID_BREP('Body47',#11569);
#281=MANIFOLD_SOLID_BREP('Body48',#11570);
#282=MANIFOLD_SOLID_BREP('Body49',#11571);
#283=MANIFOLD_SOLID_BREP('Body50',#11572);
#284=MANIFOLD_SOLID_BREP('Body51',#11573);
#285=MANIFOLD_SOLID_BREP('Body52',#11574);
#286=MANIFOLD_SOLID_BREP('Body53',#11575);
#287=MANIFOLD_SOLID_BREP('Body54',#11576);
#288=MANIFOLD_SOLID_BREP('Body55',#11577);
#289=MANIFOLD_SOLID_BREP('Body56',#11578);
#290=MANIFOLD_SOLID_BREP('Body57',#11579);
#291=MANIFOLD_SOLID_BREP('Body58',#11580);
#292=MANIFOLD_SOLID_BREP('Body59',#11581);
#293=MANIFOLD_SOLID_BREP('Body60',#11582);
#294=MANIFOLD_SOLID_BREP('Body61',#11583);
#295=MANIFOLD_SOLID_BREP('Body62',#11584);
#296=MANIFOLD_SOLID_BREP('Body63',#11585);
#297=MANIFOLD_SOLID_BREP('Body64',#11586);
#298=MANIFOLD_SOLID_BREP('Body65',#11587);
#299=MANIFOLD_SOLID_BREP('Body66',#11588);
#300=MANIFOLD_SOLID_BREP('Body67',#11589);
#301=CYLINDRICAL_SURFACE('',#11647,20.);
#302=CYLINDRICAL_SURFACE('',#11650,20.);
#303=CYLINDRICAL_SURFACE('',#11653,20.0000000000001);
#304=CYLINDRICAL_SURFACE('',#11656,20.0000000000001);
#305=CYLINDRICAL_SURFACE('',#11664,13.);
#306=CYLINDRICAL_SURFACE('',#11666,13.);
#307=CYLINDRICAL_SURFACE('',#11668,13.0000000000001);
#308=CYLINDRICAL_SURFACE('',#11670,13.0000000000001);
#309=CYLINDRICAL_SURFACE('',#11691,2.1);
#310=CYLINDRICAL_SURFACE('',#11694,1.2);
#311=CYLINDRICAL_SURFACE('',#11697,2.1);
#312=CYLINDRICAL_SURFACE('',#11700,1.2);
#313=CYLINDRICAL_SURFACE('',#11703,0.349999999100525);
#314=CYLINDRICAL_SURFACE('',#11706,1.2);
#315=CYLINDRICAL_SURFACE('',#11709,2.1);
#316=CYLINDRICAL_SURFACE('',#11712,1.2);
#317=CYLINDRICAL_SURFACE('',#11715,2.1);
#318=CYLINDRICAL_SURFACE('',#11718,1.20000000000001);
#319=CYLINDRICAL_SURFACE('',#11721,2.1);
#320=CYLINDRICAL_SURFACE('',#11724,1.20000000000001);
#321=CYLINDRICAL_SURFACE('',#11727,2.1);
#322=CYLINDRICAL_SURFACE('',#11730,1.20000000000001);
#323=CYLINDRICAL_SURFACE('',#11733,2.1);
#324=CYLINDRICAL_SURFACE('',#11736,1.20000000000001);
#325=CYLINDRICAL_SURFACE('',#11739,2.1);
#326=CYLINDRICAL_SURFACE('',#11742,1.20000000000001);
#327=CYLINDRICAL_SURFACE('',#11745,2.09999999999999);
#328=CYLINDRICAL_SURFACE('',#11748,1.20000000000001);
#329=CYLINDRICAL_SURFACE('',#11751,2.09999999999999);
#330=CYLINDRICAL_SURFACE('',#11754,1.20000000000001);
#331=CYLINDRICAL_SURFACE('',#11757,2.09999999999999);
#332=CYLINDRICAL_SURFACE('',#11760,1.20000000000001);
#333=CYLINDRICAL_SURFACE('',#11763,2.09999999999999);
#334=CYLINDRICAL_SURFACE('',#11766,1.20000000000001);
#335=CYLINDRICAL_SURFACE('',#11769,2.09999999999999);
#336=CYLINDRICAL_SURFACE('',#11772,1.20000000000001);
#337=CYLINDRICAL_SURFACE('',#11775,2.09999999999999);
#338=CYLINDRICAL_SURFACE('',#11778,1.20000000000001);
#339=CYLINDRICAL_SURFACE('',#11781,2.09999999999999);
#340=CYLINDRICAL_SURFACE('',#11784,1.20000000000001);
#341=CYLINDRICAL_SURFACE('',#11787,2.09999999999999);
#342=CYLINDRICAL_SURFACE('',#11790,1.20000000000001);
#343=CYLINDRICAL_SURFACE('',#11793,2.09999999999999);
#344=CYLINDRICAL_SURFACE('',#11796,1.19999999999998);
#345=CYLINDRICAL_SURFACE('',#11799,2.09999999999999);
#346=CYLINDRICAL_SURFACE('',#11802,1.19999999999998);
#347=CYLINDRICAL_SURFACE('',#11805,2.09999999999999);
#348=CYLINDRICAL_SURFACE('',#11808,1.19999999999998);
#349=CYLINDRICAL_SURFACE('',#11811,2.09999999999999);
#350=CYLINDRICAL_SURFACE('',#11814,1.19999999999998);
#351=CYLINDRICAL_SURFACE('',#11817,2.09999999999999);
#352=CYLINDRICAL_SURFACE('',#11820,1.19999999999998);
#353=CYLINDRICAL_SURFACE('',#11823,2.09999999999999);
#354=CYLINDRICAL_SURFACE('',#11826,1.19999999999998);
#355=CYLINDRICAL_SURFACE('',#11829,2.09999999999999);
#356=CYLINDRICAL_SURFACE('',#11832,1.19999999999998);
#357=CYLINDRICAL_SURFACE('',#11835,2.09999999999999);
#358=CYLINDRICAL_SURFACE('',#11838,1.19999999999998);
#359=CYLINDRICAL_SURFACE('',#11841,2.09999999999999);
#360=CYLINDRICAL_SURFACE('',#11844,1.19999999999998);
#361=CYLINDRICAL_SURFACE('',#11847,2.09999999999999);
#362=CYLINDRICAL_SURFACE('',#11850,1.19999999999998);
#363=CYLINDRICAL_SURFACE('',#11853,2.09999999999999);
#364=CYLINDRICAL_SURFACE('',#11856,1.19999999999998);
#365=CYLINDRICAL_SURFACE('',#11859,2.09999999999999);
#366=CYLINDRICAL_SURFACE('',#11862,1.19999999999998);
#367=CYLINDRICAL_SURFACE('',#11865,2.09999999999999);
#368=CYLINDRICAL_SURFACE('',#11868,1.19999999999998);
#369=CYLINDRICAL_SURFACE('',#11871,2.09999999999999);
#370=CYLINDRICAL_SURFACE('',#11874,1.19999999999998);
#371=CYLINDRICAL_SURFACE('',#11877,2.09999999999999);
#372=CYLINDRICAL_SURFACE('',#11880,1.19999999999998);
#373=CYLINDRICAL_SURFACE('',#11883,2.09999999999999);
#374=CYLINDRICAL_SURFACE('',#11886,1.19999999999998);
#375=CYLINDRICAL_SURFACE('',#11889,2.09999999999999);
#376=CYLINDRICAL_SURFACE('',#11925,0.699999836593774);
#377=CYLINDRICAL_SURFACE('',#11928,0.100000008199074);
#378=CYLINDRICAL_SURFACE('',#11933,0.0999999810230101);
#379=CYLINDRICAL_SURFACE('',#11936,0.700000044312378);
#380=CYLINDRICAL_SURFACE('',#11939,0.099999980899634);
#381=CYLINDRICAL_SURFACE('',#11946,0.100000011899633);
#382=CYLINDRICAL_SURFACE('',#11949,0.699999836593754);
#383=CYLINDRICAL_SURFACE('',#11952,0.100000008199072);
#384=CYLINDRICAL_SURFACE('',#11956,0.349999999100852);
#385=CYLINDRICAL_SURFACE('',#11960,0.0999999810230093);
#386=CYLINDRICAL_SURFACE('',#11963,0.700000044312378);
#387=CYLINDRICAL_SURFACE('',#11966,0.0999999808996336);
#388=CYLINDRICAL_SURFACE('',#11974,0.100000011899633);
#389=CYLINDRICAL_SURFACE('',#12067,0.0408217658354887);
#390=CYLINDRICAL_SURFACE('',#12085,0.0203806599221971);
#391=CYLINDRICAL_SURFACE('',#12485,20.);
#392=CYLINDRICAL_SURFACE('',#12487,20.);
#393=CYLINDRICAL_SURFACE('',#12494,20.0000000000001);
#394=CYLINDRICAL_SURFACE('',#12496,20.0000000000001);
#395=FACE_BOUND('',#1194,.T.);
#396=FACE_BOUND('',#1294,.T.);
#397=FACE_BOUND('',#1295,.T.);
#398=FACE_BOUND('',#1296,.T.);
#399=FACE_BOUND('',#1297,.T.);
#400=FACE_BOUND('',#1298,.T.);
#401=FACE_BOUND('',#1299,.T.);
#402=FACE_BOUND('',#1300,.T.);
#403=FACE_BOUND('',#1301,.T.);
#404=FACE_BOUND('',#1302,.T.);
#405=FACE_BOUND('',#1303,.T.);
#406=FACE_BOUND('',#1304,.T.);
#407=FACE_BOUND('',#1305,.T.);
#408=FACE_BOUND('',#1306,.T.);
#409=FACE_BOUND('',#1307,.T.);
#410=FACE_BOUND('',#1308,.T.);
#411=FACE_BOUND('',#1309,.T.);
#412=FACE_BOUND('',#1310,.T.);
#413=FACE_BOUND('',#1311,.T.);
#414=FACE_BOUND('',#1312,.T.);
#415=FACE_BOUND('',#1313,.T.);
#416=FACE_BOUND('',#1314,.T.);
#417=FACE_BOUND('',#1315,.T.);
#418=FACE_BOUND('',#1316,.T.);
#419=FACE_BOUND('',#1317,.T.);
#420=FACE_BOUND('',#1318,.T.);
#421=FACE_BOUND('',#1319,.T.);
#422=FACE_BOUND('',#1320,.T.);
#423=FACE_BOUND('',#1321,.T.);
#424=FACE_BOUND('',#1322,.T.);
#425=FACE_BOUND('',#1323,.T.);
#426=FACE_BOUND('',#1324,.T.);
#427=FACE_BOUND('',#1325,.T.);
#428=FACE_BOUND('',#1326,.T.);
#429=FACE_BOUND('',#1327,.T.);
#430=FACE_BOUND('',#1328,.T.);
#431=FACE_BOUND('',#1329,.T.);
#432=FACE_BOUND('',#1330,.T.);
#433=FACE_BOUND('',#1331,.T.);
#434=FACE_BOUND('',#1332,.T.);
#435=FACE_BOUND('',#1333,.T.);
#436=FACE_BOUND('',#1334,.T.);
#437=FACE_BOUND('',#1336,.T.);
#438=FACE_BOUND('',#1338,.T.);
#439=FACE_BOUND('',#1340,.T.);
#440=FACE_BOUND('',#1342,.T.);
#441=FACE_BOUND('',#1344,.T.);
#442=FACE_BOUND('',#1346,.T.);
#443=FACE_BOUND('',#1348,.T.);
#444=FACE_BOUND('',#1350,.T.);
#445=FACE_BOUND('',#1352,.T.);
#446=FACE_BOUND('',#1354,.T.);
#447=FACE_BOUND('',#1356,.T.);
#448=FACE_BOUND('',#1358,.T.);
#449=FACE_BOUND('',#1360,.T.);
#450=FACE_BOUND('',#1362,.T.);
#451=FACE_BOUND('',#1364,.T.);
#452=FACE_BOUND('',#1366,.T.);
#453=FACE_BOUND('',#1368,.T.);
#454=FACE_BOUND('',#1370,.T.);
#455=FACE_BOUND('',#1372,.T.);
#456=FACE_BOUND('',#1374,.T.);
#457=FACE_BOUND('',#1376,.T.);
#458=FACE_BOUND('',#1378,.T.);
#459=FACE_BOUND('',#1380,.T.);
#460=FACE_BOUND('',#1382,.T.);
#461=FACE_BOUND('',#1384,.T.);
#462=FACE_BOUND('',#1386,.T.);
#463=FACE_BOUND('',#1388,.T.);
#464=FACE_BOUND('',#1390,.T.);
#465=FACE_BOUND('',#1392,.T.);
#466=FACE_BOUND('',#1394,.T.);
#467=FACE_BOUND('',#1396,.T.);
#468=FACE_BOUND('',#1420,.T.);
#469=FACE_BOUND('',#1421,.T.);
#470=FACE_BOUND('',#1422,.T.);
#471=FACE_BOUND('',#1423,.T.);
#472=FACE_BOUND('',#1424,.T.);
#473=FACE_BOUND('',#1425,.T.);
#474=FACE_BOUND('',#1426,.T.);
#475=FACE_BOUND('',#1427,.T.);
#476=FACE_BOUND('',#1428,.T.);
#477=FACE_BOUND('',#1429,.T.);
#478=FACE_BOUND('',#1430,.T.);
#479=FACE_BOUND('',#1431,.T.);
#480=FACE_BOUND('',#1432,.T.);
#481=FACE_BOUND('',#1433,.T.);
#482=FACE_BOUND('',#1434,.T.);
#483=FACE_BOUND('',#1435,.T.);
#484=FACE_BOUND('',#1436,.T.);
#485=FACE_BOUND('',#1437,.T.);
#486=FACE_BOUND('',#1438,.T.);
#487=FACE_BOUND('',#1439,.T.);
#488=FACE_BOUND('',#1440,.T.);
#489=FACE_BOUND('',#1441,.T.);
#490=FACE_BOUND('',#1442,.T.);
#491=FACE_BOUND('',#1443,.T.);
#492=FACE_BOUND('',#1444,.T.);
#493=FACE_BOUND('',#1445,.T.);
#494=FACE_BOUND('',#1446,.T.);
#495=FACE_BOUND('',#1447,.T.);
#496=FACE_BOUND('',#1448,.T.);
#497=FACE_BOUND('',#1449,.T.);
#498=FACE_BOUND('',#1450,.T.);
#499=FACE_BOUND('',#1451,.T.);
#500=FACE_BOUND('',#1452,.T.);
#501=FACE_BOUND('',#1459,.T.);
#502=FACE_BOUND('',#1461,.T.);
#503=FACE_BOUND('',#1575,.T.);
#504=FACE_BOUND('',#1585,.T.);
#505=FACE_BOUND('',#1978,.T.);
#506=FACE_OUTER_BOUND('',#1193,.T.);
#507=FACE_OUTER_BOUND('',#1195,.T.);
#508=FACE_OUTER_BOUND('',#1196,.T.);
#509=FACE_OUTER_BOUND('',#1197,.T.);
#510=FACE_OUTER_BOUND('',#1198,.T.);
#511=FACE_OUTER_BOUND('',#1199,.T.);
#512=FACE_OUTER_BOUND('',#1200,.T.);
#513=FACE_OUTER_BOUND('',#1201,.T.);
#514=FACE_OUTER_BOUND('',#1202,.T.);
#515=FACE_OUTER_BOUND('',#1203,.T.);
#516=FACE_OUTER_BOUND('',#1204,.T.);
#517=FACE_OUTER_BOUND('',#1205,.T.);
#518=FACE_OUTER_BOUND('',#1206,.T.);
#519=FACE_OUTER_BOUND('',#1207,.T.);
#520=FACE_OUTER_BOUND('',#1208,.T.);
#521=FACE_OUTER_BOUND('',#1209,.T.);
#522=FACE_OUTER_BOUND('',#1210,.T.);
#523=FACE_OUTER_BOUND('',#1211,.T.);
#524=FACE_OUTER_BOUND('',#1212,.T.);
#525=FACE_OUTER_BOUND('',#1213,.T.);
#526=FACE_OUTER_BOUND('',#1214,.T.);
#527=FACE_OUTER_BOUND('',#1215,.T.);
#528=FACE_OUTER_BOUND('',#1216,.T.);
#529=FACE_OUTER_BOUND('',#1217,.T.);
#530=FACE_OUTER_BOUND('',#1218,.T.);
#531=FACE_OUTER_BOUND('',#1219,.T.);
#532=FACE_OUTER_BOUND('',#1220,.T.);
#533=FACE_OUTER_BOUND('',#1221,.T.);
#534=FACE_OUTER_BOUND('',#1222,.T.);
#535=FACE_OUTER_BOUND('',#1223,.T.);
#536=FACE_OUTER_BOUND('',#1224,.T.);
#537=FACE_OUTER_BOUND('',#1225,.T.);
#538=FACE_OUTER_BOUND('',#1226,.T.);
#539=FACE_OUTER_BOUND('',#1227,.T.);
#540=FACE_OUTER_BOUND('',#1228,.T.);
#541=FACE_OUTER_BOUND('',#1229,.T.);
#542=FACE_OUTER_BOUND('',#1230,.T.);
#543=FACE_OUTER_BOUND('',#1231,.T.);
#544=FACE_OUTER_BOUND('',#1232,.T.);
#545=FACE_OUTER_BOUND('',#1233,.T.);
#546=FACE_OUTER_BOUND('',#1234,.T.);
#547=FACE_OUTER_BOUND('',#1235,.T.);
#548=FACE_OUTER_BOUND('',#1236,.T.);
#549=FACE_OUTER_BOUND('',#1237,.T.);
#550=FACE_OUTER_BOUND('',#1238,.T.);
#551=FACE_OUTER_BOUND('',#1239,.T.);
#552=FACE_OUTER_BOUND('',#1240,.T.);
#553=FACE_OUTER_BOUND('',#1241,.T.);
#554=FACE_OUTER_BOUND('',#1242,.T.);
#555=FACE_OUTER_BOUND('',#1243,.T.);
#556=FACE_OUTER_BOUND('',#1244,.T.);
#557=FACE_OUTER_BOUND('',#1245,.T.);
#558=FACE_OUTER_BOUND('',#1246,.T.);
#559=FACE_OUTER_BOUND('',#1247,.T.);
#560=FACE_OUTER_BOUND('',#1248,.T.);
#561=FACE_OUTER_BOUND('',#1249,.T.);
#562=FACE_OUTER_BOUND('',#1250,.T.);
#563=FACE_OUTER_BOUND('',#1251,.T.);
#564=FACE_OUTER_BOUND('',#1252,.T.);
#565=FACE_OUTER_BOUND('',#1253,.T.);
#566=FACE_OUTER_BOUND('',#1254,.T.);
#567=FACE_OUTER_BOUND('',#1255,.T.);
#568=FACE_OUTER_BOUND('',#1256,.T.);
#569=FACE_OUTER_BOUND('',#1257,.T.);
#570=FACE_OUTER_BOUND('',#1258,.T.);
#571=FACE_OUTER_BOUND('',#1259,.T.);
#572=FACE_OUTER_BOUND('',#1260,.T.);
#573=FACE_OUTER_BOUND('',#1261,.T.);
#574=FACE_OUTER_BOUND('',#1262,.T.);
#575=FACE_OUTER_BOUND('',#1263,.T.);
#576=FACE_OUTER_BOUND('',#1264,.T.);
#577=FACE_OUTER_BOUND('',#1265,.T.);
#578=FACE_OUTER_BOUND('',#1266,.T.);
#579=FACE_OUTER_BOUND('',#1267,.T.);
#580=FACE_OUTER_BOUND('',#1268,.T.);
#581=FACE_OUTER_BOUND('',#1269,.T.);
#582=FACE_OUTER_BOUND('',#1270,.T.);
#583=FACE_OUTER_BOUND('',#1271,.T.);
#584=FACE_OUTER_BOUND('',#1272,.T.);
#585=FACE_OUTER_BOUND('',#1273,.T.);
#586=FACE_OUTER_BOUND('',#1274,.T.);
#587=FACE_OUTER_BOUND('',#1275,.T.);
#588=FACE_OUTER_BOUND('',#1276,.T.);
#589=FACE_OUTER_BOUND('',#1277,.T.);
#590=FACE_OUTER_BOUND('',#1278,.T.);
#591=FACE_OUTER_BOUND('',#1279,.T.);
#592=FACE_OUTER_BOUND('',#1280,.T.);
#593=FACE_OUTER_BOUND('',#1281,.T.);
#594=FACE_OUTER_BOUND('',#1282,.T.);
#595=FACE_OUTER_BOUND('',#1283,.T.);
#596=FACE_OUTER_BOUND('',#1284,.T.);
#597=FACE_OUTER_BOUND('',#1285,.T.);
#598=FACE_OUTER_BOUND('',#1286,.T.);
#599=FACE_OUTER_BOUND('',#1287,.T.);
#600=FACE_OUTER_BOUND('',#1288,.T.);
#601=FACE_OUTER_BOUND('',#1289,.T.);
#602=FACE_OUTER_BOUND('',#1290,.T.);
#603=FACE_OUTER_BOUND('',#1291,.T.);
#604=FACE_OUTER_BOUND('',#1292,.T.);
#605=FACE_OUTER_BOUND('',#1293,.T.);
#606=FACE_OUTER_BOUND('',#1335,.T.);
#607=FACE_OUTER_BOUND('',#1337,.T.);
#608=FACE_OUTER_BOUND('',#1339,.T.);
#609=FACE_OUTER_BOUND('',#1341,.T.);
#610=FACE_OUTER_BOUND('',#1343,.T.);
#611=FACE_OUTER_BOUND('',#1345,.T.);
#612=FACE_OUTER_BOUND('',#1347,.T.);
#613=FACE_OUTER_BOUND('',#1349,.T.);
#614=FACE_OUTER_BOUND('',#1351,.T.);
#615=FACE_OUTER_BOUND('',#1353,.T.);
#616=FACE_OUTER_BOUND('',#1355,.T.);
#617=FACE_OUTER_BOUND('',#1357,.T.);
#618=FACE_OUTER_BOUND('',#1359,.T.);
#619=FACE_OUTER_BOUND('',#1361,.T.);
#620=FACE_OUTER_BOUND('',#1363,.T.);
#621=FACE_OUTER_BOUND('',#1365,.T.);
#622=FACE_OUTER_BOUND('',#1367,.T.);
#623=FACE_OUTER_BOUND('',#1369,.T.);
#624=FACE_OUTER_BOUND('',#1371,.T.);
#625=FACE_OUTER_BOUND('',#1373,.T.);
#626=FACE_OUTER_BOUND('',#1375,.T.);
#627=FACE_OUTER_BOUND('',#1377,.T.);
#628=FACE_OUTER_BOUND('',#1379,.T.);
#629=FACE_OUTER_BOUND('',#1381,.T.);
#630=FACE_OUTER_BOUND('',#1383,.T.);
#631=FACE_OUTER_BOUND('',#1385,.T.);
#632=FACE_OUTER_BOUND('',#1387,.T.);
#633=FACE_OUTER_BOUND('',#1389,.T.);
#634=FACE_OUTER_BOUND('',#1391,.T.);
#635=FACE_OUTER_BOUND('',#1393,.T.);
#636=FACE_OUTER_BOUND('',#1395,.T.);
#637=FACE_OUTER_BOUND('',#1397,.T.);
#638=FACE_OUTER_BOUND('',#1398,.T.);
#639=FACE_OUTER_BOUND('',#1399,.T.);
#640=FACE_OUTER_BOUND('',#1400,.T.);
#641=FACE_OUTER_BOUND('',#1401,.T.);
#642=FACE_OUTER_BOUND('',#1402,.T.);
#643=FACE_OUTER_BOUND('',#1403,.T.);
#644=FACE_OUTER_BOUND('',#1404,.T.);
#645=FACE_OUTER_BOUND('',#1405,.T.);
#646=FACE_OUTER_BOUND('',#1406,.T.);
#647=FACE_OUTER_BOUND('',#1407,.T.);
#648=FACE_OUTER_BOUND('',#1408,.T.);
#649=FACE_OUTER_BOUND('',#1409,.T.);
#650=FACE_OUTER_BOUND('',#1410,.T.);
#651=FACE_OUTER_BOUND('',#1411,.T.);
#652=FACE_OUTER_BOUND('',#1412,.T.);
#653=FACE_OUTER_BOUND('',#1413,.T.);
#654=FACE_OUTER_BOUND('',#1414,.T.);
#655=FACE_OUTER_BOUND('',#1415,.T.);
#656=FACE_OUTER_BOUND('',#1416,.T.);
#657=FACE_OUTER_BOUND('',#1417,.T.);
#658=FACE_OUTER_BOUND('',#1418,.T.);
#659=FACE_OUTER_BOUND('',#1419,.T.);
#660=FACE_OUTER_BOUND('',#1453,.T.);
#661=FACE_OUTER_BOUND('',#1454,.T.);
#662=FACE_OUTER_BOUND('',#1455,.T.);
#663=FACE_OUTER_BOUND('',#1456,.T.);
#664=FACE_OUTER_BOUND('',#1457,.T.);
#665=FACE_OUTER_BOUND('',#1458,.T.);
#666=FACE_OUTER_BOUND('',#1460,.T.);
#667=FACE_OUTER_BOUND('',#1462,.T.);
#668=FACE_OUTER_BOUND('',#1463,.T.);
#669=FACE_OUTER_BOUND('',#1464,.T.);
#670=FACE_OUTER_BOUND('',#1465,.T.);
#671=FACE_OUTER_BOUND('',#1466,.T.);
#672=FACE_OUTER_BOUND('',#1467,.T.);
#673=FACE_OUTER_BOUND('',#1468,.T.);
#674=FACE_OUTER_BOUND('',#1469,.T.);
#675=FACE_OUTER_BOUND('',#1470,.T.);
#676=FACE_OUTER_BOUND('',#1471,.T.);
#677=FACE_OUTER_BOUND('',#1472,.T.);
#678=FACE_OUTER_BOUND('',#1473,.T.);
#679=FACE_OUTER_BOUND('',#1474,.T.);
#680=FACE_OUTER_BOUND('',#1475,.T.);
#681=FACE_OUTER_BOUND('',#1476,.T.);
#682=FACE_OUTER_BOUND('',#1477,.T.);
#683=FACE_OUTER_BOUND('',#1478,.T.);
#684=FACE_OUTER_BOUND('',#1479,.T.);
#685=FACE_OUTER_BOUND('',#1480,.T.);
#686=FACE_OUTER_BOUND('',#1481,.T.);
#687=FACE_OUTER_BOUND('',#1482,.T.);
#688=FACE_OUTER_BOUND('',#1483,.T.);
#689=FACE_OUTER_BOUND('',#1484,.T.);
#690=FACE_OUTER_BOUND('',#1485,.T.);
#691=FACE_OUTER_BOUND('',#1486,.T.);
#692=FACE_OUTER_BOUND('',#1487,.T.);
#693=FACE_OUTER_BOUND('',#1488,.T.);
#694=FACE_OUTER_BOUND('',#1489,.T.);
#695=FACE_OUTER_BOUND('',#1490,.T.);
#696=FACE_OUTER_BOUND('',#1491,.T.);
#697=FACE_OUTER_BOUND('',#1492,.T.);
#698=FACE_OUTER_BOUND('',#1493,.T.);
#699=FACE_OUTER_BOUND('',#1494,.T.);
#700=FACE_OUTER_BOUND('',#1495,.T.);
#701=FACE_OUTER_BOUND('',#1496,.T.);
#702=FACE_OUTER_BOUND('',#1497,.T.);
#703=FACE_OUTER_BOUND('',#1498,.T.);
#704=FACE_OUTER_BOUND('',#1499,.T.);
#705=FACE_OUTER_BOUND('',#1500,.T.);
#706=FACE_OUTER_BOUND('',#1501,.T.);
#707=FACE_OUTER_BOUND('',#1502,.T.);
#708=FACE_OUTER_BOUND('',#1503,.T.);
#709=FACE_OUTER_BOUND('',#1504,.T.);
#710=FACE_OUTER_BOUND('',#1505,.T.);
#711=FACE_OUTER_BOUND('',#1506,.T.);
#712=FACE_OUTER_BOUND('',#1507,.T.);
#713=FACE_OUTER_BOUND('',#1508,.T.);
#714=FACE_OUTER_BOUND('',#1509,.T.);
#715=FACE_OUTER_BOUND('',#1510,.T.);
#716=FACE_OUTER_BOUND('',#1511,.T.);
#717=FACE_OUTER_BOUND('',#1512,.T.);
#718=FACE_OUTER_BOUND('',#1513,.T.);
#719=FACE_OUTER_BOUND('',#1514,.T.);
#720=FACE_OUTER_BOUND('',#1515,.T.);
#721=FACE_OUTER_BOUND('',#1516,.T.);
#722=FACE_OUTER_BOUND('',#1517,.T.);
#723=FACE_OUTER_BOUND('',#1518,.T.);
#724=FACE_OUTER_BOUND('',#1519,.T.);
#725=FACE_OUTER_BOUND('',#1520,.T.);
#726=FACE_OUTER_BOUND('',#1521,.T.);
#727=FACE_OUTER_BOUND('',#1522,.T.);
#728=FACE_OUTER_BOUND('',#1523,.T.);
#729=FACE_OUTER_BOUND('',#1524,.T.);
#730=FACE_OUTER_BOUND('',#1525,.T.);
#731=FACE_OUTER_BOUND('',#1526,.T.);
#732=FACE_OUTER_BOUND('',#1527,.T.);
#733=FACE_OUTER_BOUND('',#1528,.T.);
#734=FACE_OUTER_BOUND('',#1529,.T.);
#735=FACE_OUTER_BOUND('',#1530,.T.);
#736=FACE_OUTER_BOUND('',#1531,.T.);
#737=FACE_OUTER_BOUND('',#1532,.T.);
#738=FACE_OUTER_BOUND('',#1533,.T.);
#739=FACE_OUTER_BOUND('',#1534,.T.);
#740=FACE_OUTER_BOUND('',#1535,.T.);
#741=FACE_OUTER_BOUND('',#1536,.T.);
#742=FACE_OUTER_BOUND('',#1537,.T.);
#743=FACE_OUTER_BOUND('',#1538,.T.);
#744=FACE_OUTER_BOUND('',#1539,.T.);
#745=FACE_OUTER_BOUND('',#1540,.T.);
#746=FACE_OUTER_BOUND('',#1541,.T.);
#747=FACE_OUTER_BOUND('',#1542,.T.);
#748=FACE_OUTER_BOUND('',#1543,.T.);
#749=FACE_OUTER_BOUND('',#1544,.T.);
#750=FACE_OUTER_BOUND('',#1545,.T.);
#751=FACE_OUTER_BOUND('',#1546,.T.);
#752=FACE_OUTER_BOUND('',#1547,.T.);
#753=FACE_OUTER_BOUND('',#1548,.T.);
#754=FACE_OUTER_BOUND('',#1549,.T.);
#755=FACE_OUTER_BOUND('',#1550,.T.);
#756=FACE_OUTER_BOUND('',#1551,.T.);
#757=FACE_OUTER_BOUND('',#1552,.T.);
#758=FACE_OUTER_BOUND('',#1553,.T.);
#759=FACE_OUTER_BOUND('',#1554,.T.);
#760=FACE_OUTER_BOUND('',#1555,.T.);
#761=FACE_OUTER_BOUND('',#1556,.T.);
#762=FACE_OUTER_BOUND('',#1557,.T.);
#763=FACE_OUTER_BOUND('',#1558,.T.);
#764=FACE_OUTER_BOUND('',#1559,.T.);
#765=FACE_OUTER_BOUND('',#1560,.T.);
#766=FACE_OUTER_BOUND('',#1561,.T.);
#767=FACE_OUTER_BOUND('',#1562,.T.);
#768=FACE_OUTER_BOUND('',#1563,.T.);
#769=FACE_OUTER_BOUND('',#1564,.T.);
#770=FACE_OUTER_BOUND('',#1565,.T.);
#771=FACE_OUTER_BOUND('',#1566,.T.);
#772=FACE_OUTER_BOUND('',#1567,.T.);
#773=FACE_OUTER_BOUND('',#1568,.T.);
#774=FACE_OUTER_BOUND('',#1569,.T.);
#775=FACE_OUTER_BOUND('',#1570,.T.);
#776=FACE_OUTER_BOUND('',#1571,.T.);
#777=FACE_OUTER_BOUND('',#1572,.T.);
#778=FACE_OUTER_BOUND('',#1573,.T.);
#779=FACE_OUTER_BOUND('',#1574,.T.);
#780=FACE_OUTER_BOUND('',#1576,.T.);
#781=FACE_OUTER_BOUND('',#1577,.T.);
#782=FACE_OUTER_BOUND('',#1578,.T.);
#783=FACE_OUTER_BOUND('',#1579,.T.);
#784=FACE_OUTER_BOUND('',#1580,.T.);
#785=FACE_OUTER_BOUND('',#1581,.T.);
#786=FACE_OUTER_BOUND('',#1582,.T.);
#787=FACE_OUTER_BOUND('',#1583,.T.);
#788=FACE_OUTER_BOUND('',#1584,.T.);
#789=FACE_OUTER_BOUND('',#1586,.T.);
#790=FACE_OUTER_BOUND('',#1587,.T.);
#791=FACE_OUTER_BOUND('',#1588,.T.);
#792=FACE_OUTER_BOUND('',#1589,.T.);
#793=FACE_OUTER_BOUND('',#1590,.T.);
#794=FACE_OUTER_BOUND('',#1591,.T.);
#795=FACE_OUTER_BOUND('',#1592,.T.);
#796=FACE_OUTER_BOUND('',#1593,.T.);
#797=FACE_OUTER_BOUND('',#1594,.T.);
#798=FACE_OUTER_BOUND('',#1595,.T.);
#799=FACE_OUTER_BOUND('',#1596,.T.);
#800=FACE_OUTER_BOUND('',#1597,.T.);
#801=FACE_OUTER_BOUND('',#1598,.T.);
#802=FACE_OUTER_BOUND('',#1599,.T.);
#803=FACE_OUTER_BOUND('',#1600,.T.);
#804=FACE_OUTER_BOUND('',#1601,.T.);
#805=FACE_OUTER_BOUND('',#1602,.T.);
#806=FACE_OUTER_BOUND('',#1603,.T.);
#807=FACE_OUTER_BOUND('',#1604,.T.);
#808=FACE_OUTER_BOUND('',#1605,.T.);
#809=FACE_OUTER_BOUND('',#1606,.T.);
#810=FACE_OUTER_BOUND('',#1607,.T.);
#811=FACE_OUTER_BOUND('',#1608,.T.);
#812=FACE_OUTER_BOUND('',#1609,.T.);
#813=FACE_OUTER_BOUND('',#1610,.T.);
#814=FACE_OUTER_BOUND('',#1611,.T.);
#815=FACE_OUTER_BOUND('',#1612,.T.);
#816=FACE_OUTER_BOUND('',#1613,.T.);
#817=FACE_OUTER_BOUND('',#1614,.T.);
#818=FACE_OUTER_BOUND('',#1615,.T.);
#819=FACE_OUTER_BOUND('',#1616,.T.);
#820=FACE_OUTER_BOUND('',#1617,.T.);
#821=FACE_OUTER_BOUND('',#1618,.T.);
#822=FACE_OUTER_BOUND('',#1619,.T.);
#823=FACE_OUTER_BOUND('',#1620,.T.);
#824=FACE_OUTER_BOUND('',#1621,.T.);
#825=FACE_OUTER_BOUND('',#1622,.T.);
#826=FACE_OUTER_BOUND('',#1623,.T.);
#827=FACE_OUTER_BOUND('',#1624,.T.);
#828=FACE_OUTER_BOUND('',#1625,.T.);
#829=FACE_OUTER_BOUND('',#1626,.T.);
#830=FACE_OUTER_BOUND('',#1627,.T.);
#831=FACE_OUTER_BOUND('',#1628,.T.);
#832=FACE_OUTER_BOUND('',#1629,.T.);
#833=FACE_OUTER_BOUND('',#1630,.T.);
#834=FACE_OUTER_BOUND('',#1631,.T.);
#835=FACE_OUTER_BOUND('',#1632,.T.);
#836=FACE_OUTER_BOUND('',#1633,.T.);
#837=FACE_OUTER_BOUND('',#1634,.T.);
#838=FACE_OUTER_BOUND('',#1635,.T.);
#839=FACE_OUTER_BOUND('',#1636,.T.);
#840=FACE_OUTER_BOUND('',#1637,.T.);
#841=FACE_OUTER_BOUND('',#1638,.T.);
#842=FACE_OUTER_BOUND('',#1639,.T.);
#843=FACE_OUTER_BOUND('',#1640,.T.);
#844=FACE_OUTER_BOUND('',#1641,.T.);
#845=FACE_OUTER_BOUND('',#1642,.T.);
#846=FACE_OUTER_BOUND('',#1643,.T.);
#847=FACE_OUTER_BOUND('',#1644,.T.);
#848=FACE_OUTER_BOUND('',#1645,.T.);
#849=FACE_OUTER_BOUND('',#1646,.T.);
#850=FACE_OUTER_BOUND('',#1647,.T.);
#851=FACE_OUTER_BOUND('',#1648,.T.);
#852=FACE_OUTER_BOUND('',#1649,.T.);
#853=FACE_OUTER_BOUND('',#1650,.T.);
#854=FACE_OUTER_BOUND('',#1651,.T.);
#855=FACE_OUTER_BOUND('',#1652,.T.);
#856=FACE_OUTER_BOUND('',#1653,.T.);
#857=FACE_OUTER_BOUND('',#1654,.T.);
#858=FACE_OUTER_BOUND('',#1655,.T.);
#859=FACE_OUTER_BOUND('',#1656,.T.);
#860=FACE_OUTER_BOUND('',#1657,.T.);
#861=FACE_OUTER_BOUND('',#1658,.T.);
#862=FACE_OUTER_BOUND('',#1659,.T.);
#863=FACE_OUTER_BOUND('',#1660,.T.);
#864=FACE_OUTER_BOUND('',#1661,.T.);
#865=FACE_OUTER_BOUND('',#1662,.T.);
#866=FACE_OUTER_BOUND('',#1663,.T.);
#867=FACE_OUTER_BOUND('',#1664,.T.);
#868=FACE_OUTER_BOUND('',#1665,.T.);
#869=FACE_OUTER_BOUND('',#1666,.T.);
#870=FACE_OUTER_BOUND('',#1667,.T.);
#871=FACE_OUTER_BOUND('',#1668,.T.);
#872=FACE_OUTER_BOUND('',#1669,.T.);
#873=FACE_OUTER_BOUND('',#1670,.T.);
#874=FACE_OUTER_BOUND('',#1671,.T.);
#875=FACE_OUTER_BOUND('',#1672,.T.);
#876=FACE_OUTER_BOUND('',#1673,.T.);
#877=FACE_OUTER_BOUND('',#1674,.T.);
#878=FACE_OUTER_BOUND('',#1675,.T.);
#879=FACE_OUTER_BOUND('',#1676,.T.);
#880=FACE_OUTER_BOUND('',#1677,.T.);
#881=FACE_OUTER_BOUND('',#1678,.T.);
#882=FACE_OUTER_BOUND('',#1679,.T.);
#883=FACE_OUTER_BOUND('',#1680,.T.);
#884=FACE_OUTER_BOUND('',#1681,.T.);
#885=FACE_OUTER_BOUND('',#1682,.T.);
#886=FACE_OUTER_BOUND('',#1683,.T.);
#887=FACE_OUTER_BOUND('',#1684,.T.);
#888=FACE_OUTER_BOUND('',#1685,.T.);
#889=FACE_OUTER_BOUND('',#1686,.T.);
#890=FACE_OUTER_BOUND('',#1687,.T.);
#891=FACE_OUTER_BOUND('',#1688,.T.);
#892=FACE_OUTER_BOUND('',#1689,.T.);
#893=FACE_OUTER_BOUND('',#1690,.T.);
#894=FACE_OUTER_BOUND('',#1691,.T.);
#895=FACE_OUTER_BOUND('',#1692,.T.);
#896=FACE_OUTER_BOUND('',#1693,.T.);
#897=FACE_OUTER_BOUND('',#1694,.T.);
#898=FACE_OUTER_BOUND('',#1695,.T.);
#899=FACE_OUTER_BOUND('',#1696,.T.);
#900=FACE_OUTER_BOUND('',#1697,.T.);
#901=FACE_OUTER_BOUND('',#1698,.T.);
#902=FACE_OUTER_BOUND('',#1699,.T.);
#903=FACE_OUTER_BOUND('',#1700,.T.);
#904=FACE_OUTER_BOUND('',#1701,.T.);
#905=FACE_OUTER_BOUND('',#1702,.T.);
#906=FACE_OUTER_BOUND('',#1703,.T.);
#907=FACE_OUTER_BOUND('',#1704,.T.);
#908=FACE_OUTER_BOUND('',#1705,.T.);
#909=FACE_OUTER_BOUND('',#1706,.T.);
#910=FACE_OUTER_BOUND('',#1707,.T.);
#911=FACE_OUTER_BOUND('',#1708,.T.);
#912=FACE_OUTER_BOUND('',#1709,.T.);
#913=FACE_OUTER_BOUND('',#1710,.T.);
#914=FACE_OUTER_BOUND('',#1711,.T.);
#915=FACE_OUTER_BOUND('',#1712,.T.);
#916=FACE_OUTER_BOUND('',#1713,.T.);
#917=FACE_OUTER_BOUND('',#1714,.T.);
#918=FACE_OUTER_BOUND('',#1715,.T.);
#919=FACE_OUTER_BOUND('',#1716,.T.);
#920=FACE_OUTER_BOUND('',#1717,.T.);
#921=FACE_OUTER_BOUND('',#1718,.T.);
#922=FACE_OUTER_BOUND('',#1719,.T.);
#923=FACE_OUTER_BOUND('',#1720,.T.);
#924=FACE_OUTER_BOUND('',#1721,.T.);
#925=FACE_OUTER_BOUND('',#1722,.T.);
#926=FACE_OUTER_BOUND('',#1723,.T.);
#927=FACE_OUTER_BOUND('',#1724,.T.);
#928=FACE_OUTER_BOUND('',#1725,.T.);
#929=FACE_OUTER_BOUND('',#1726,.T.);
#930=FACE_OUTER_BOUND('',#1727,.T.);
#931=FACE_OUTER_BOUND('',#1728,.T.);
#932=FACE_OUTER_BOUND('',#1729,.T.);
#933=FACE_OUTER_BOUND('',#1730,.T.);
#934=FACE_OUTER_BOUND('',#1731,.T.);
#935=FACE_OUTER_BOUND('',#1732,.T.);
#936=FACE_OUTER_BOUND('',#1733,.T.);
#937=FACE_OUTER_BOUND('',#1734,.T.);
#938=FACE_OUTER_BOUND('',#1735,.T.);
#939=FACE_OUTER_BOUND('',#1736,.T.);
#940=FACE_OUTER_BOUND('',#1737,.T.);
#941=FACE_OUTER_BOUND('',#1738,.T.);
#942=FACE_OUTER_BOUND('',#1739,.T.);
#943=FACE_OUTER_BOUND('',#1740,.T.);
#944=FACE_OUTER_BOUND('',#1741,.T.);
#945=FACE_OUTER_BOUND('',#1742,.T.);
#946=FACE_OUTER_BOUND('',#1743,.T.);
#947=FACE_OUTER_BOUND('',#1744,.T.);
#948=FACE_OUTER_BOUND('',#1745,.T.);
#949=FACE_OUTER_BOUND('',#1746,.T.);
#950=FACE_OUTER_BOUND('',#1747,.T.);
#951=FACE_OUTER_BOUND('',#1748,.T.);
#952=FACE_OUTER_BOUND('',#1749,.T.);
#953=FACE_OUTER_BOUND('',#1750,.T.);
#954=FACE_OUTER_BOUND('',#1751,.T.);
#955=FACE_OUTER_BOUND('',#1752,.T.);
#956=FACE_OUTER_BOUND('',#1753,.T.);
#957=FACE_OUTER_BOUND('',#1754,.T.);
#958=FACE_OUTER_BOUND('',#1755,.T.);
#959=FACE_OUTER_BOUND('',#1756,.T.);
#960=FACE_OUTER_BOUND('',#1757,.T.);
#961=FACE_OUTER_BOUND('',#1758,.T.);
#962=FACE_OUTER_BOUND('',#1759,.T.);
#963=FACE_OUTER_BOUND('',#1760,.T.);
#964=FACE_OUTER_BOUND('',#1761,.T.);
#965=FACE_OUTER_BOUND('',#1762,.T.);
#966=FACE_OUTER_BOUND('',#1763,.T.);
#967=FACE_OUTER_BOUND('',#1764,.T.);
#968=FACE_OUTER_BOUND('',#1765,.T.);
#969=FACE_OUTER_BOUND('',#1766,.T.);
#970=FACE_OUTER_BOUND('',#1767,.T.);
#971=FACE_OUTER_BOUND('',#1768,.T.);
#972=FACE_OUTER_BOUND('',#1769,.T.);
#973=FACE_OUTER_BOUND('',#1770,.T.);
#974=FACE_OUTER_BOUND('',#1771,.T.);
#975=FACE_OUTER_BOUND('',#1772,.T.);
#976=FACE_OUTER_BOUND('',#1773,.T.);
#977=FACE_OUTER_BOUND('',#1774,.T.);
#978=FACE_OUTER_BOUND('',#1775,.T.);
#979=FACE_OUTER_BOUND('',#1776,.T.);
#980=FACE_OUTER_BOUND('',#1777,.T.);
#981=FACE_OUTER_BOUND('',#1778,.T.);
#982=FACE_OUTER_BOUND('',#1779,.T.);
#983=FACE_OUTER_BOUND('',#1780,.T.);
#984=FACE_OUTER_BOUND('',#1781,.T.);
#985=FACE_OUTER_BOUND('',#1782,.T.);
#986=FACE_OUTER_BOUND('',#1783,.T.);
#987=FACE_OUTER_BOUND('',#1784,.T.);
#988=FACE_OUTER_BOUND('',#1785,.T.);
#989=FACE_OUTER_BOUND('',#1786,.T.);
#990=FACE_OUTER_BOUND('',#1787,.T.);
#991=FACE_OUTER_BOUND('',#1788,.T.);
#992=FACE_OUTER_BOUND('',#1789,.T.);
#993=FACE_OUTER_BOUND('',#1790,.T.);
#994=FACE_OUTER_BOUND('',#1791,.T.);
#995=FACE_OUTER_BOUND('',#1792,.T.);
#996=FACE_OUTER_BOUND('',#1793,.T.);
#997=FACE_OUTER_BOUND('',#1794,.T.);
#998=FACE_OUTER_BOUND('',#1795,.T.);
#999=FACE_OUTER_BOUND('',#1796,.T.);
#1000=FACE_OUTER_BOUND('',#1797,.T.);
#1001=FACE_OUTER_BOUND('',#1798,.T.);
#1002=FACE_OUTER_BOUND('',#1799,.T.);
#1003=FACE_OUTER_BOUND('',#1800,.T.);
#1004=FACE_OUTER_BOUND('',#1801,.T.);
#1005=FACE_OUTER_BOUND('',#1802,.T.);
#1006=FACE_OUTER_BOUND('',#1803,.T.);
#1007=FACE_OUTER_BOUND('',#1804,.T.);
#1008=FACE_OUTER_BOUND('',#1805,.T.);
#1009=FACE_OUTER_BOUND('',#1806,.T.);
#1010=FACE_OUTER_BOUND('',#1807,.T.);
#1011=FACE_OUTER_BOUND('',#1808,.T.);
#1012=FACE_OUTER_BOUND('',#1809,.T.);
#1013=FACE_OUTER_BOUND('',#1810,.T.);
#1014=FACE_OUTER_BOUND('',#1811,.T.);
#1015=FACE_OUTER_BOUND('',#1812,.T.);
#1016=FACE_OUTER_BOUND('',#1813,.T.);
#1017=FACE_OUTER_BOUND('',#1814,.T.);
#1018=FACE_OUTER_BOUND('',#1815,.T.);
#1019=FACE_OUTER_BOUND('',#1816,.T.);
#1020=FACE_OUTER_BOUND('',#1817,.T.);
#1021=FACE_OUTER_BOUND('',#1818,.T.);
#1022=FACE_OUTER_BOUND('',#1819,.T.);
#1023=FACE_OUTER_BOUND('',#1820,.T.);
#1024=FACE_OUTER_BOUND('',#1821,.T.);
#1025=FACE_OUTER_BOUND('',#1822,.T.);
#1026=FACE_OUTER_BOUND('',#1823,.T.);
#1027=FACE_OUTER_BOUND('',#1824,.T.);
#1028=FACE_OUTER_BOUND('',#1825,.T.);
#1029=FACE_OUTER_BOUND('',#1826,.T.);
#1030=FACE_OUTER_BOUND('',#1827,.T.);
#1031=FACE_OUTER_BOUND('',#1828,.T.);
#1032=FACE_OUTER_BOUND('',#1829,.T.);
#1033=FACE_OUTER_BOUND('',#1830,.T.);
#1034=FACE_OUTER_BOUND('',#1831,.T.);
#1035=FACE_OUTER_BOUND('',#1832,.T.);
#1036=FACE_OUTER_BOUND('',#1833,.T.);
#1037=FACE_OUTER_BOUND('',#1834,.T.);
#1038=FACE_OUTER_BOUND('',#1835,.T.);
#1039=FACE_OUTER_BOUND('',#1836,.T.);
#1040=FACE_OUTER_BOUND('',#1837,.T.);
#1041=FACE_OUTER_BOUND('',#1838,.T.);
#1042=FACE_OUTER_BOUND('',#1839,.T.);
#1043=FACE_OUTER_BOUND('',#1840,.T.);
#1044=FACE_OUTER_BOUND('',#1841,.T.);
#1045=FACE_OUTER_BOUND('',#1842,.T.);
#1046=FACE_OUTER_BOUND('',#1843,.T.);
#1047=FACE_OUTER_BOUND('',#1844,.T.);
#1048=FACE_OUTER_BOUND('',#1845,.T.);
#1049=FACE_OUTER_BOUND('',#1846,.T.);
#1050=FACE_OUTER_BOUND('',#1847,.T.);
#1051=FACE_OUTER_BOUND('',#1848,.T.);
#1052=FACE_OUTER_BOUND('',#1849,.T.);
#1053=FACE_OUTER_BOUND('',#1850,.T.);
#1054=FACE_OUTER_BOUND('',#1851,.T.);
#1055=FACE_OUTER_BOUND('',#1852,.T.);
#1056=FACE_OUTER_BOUND('',#1853,.T.);
#1057=FACE_OUTER_BOUND('',#1854,.T.);
#1058=FACE_OUTER_BOUND('',#1855,.T.);
#1059=FACE_OUTER_BOUND('',#1856,.T.);
#1060=FACE_OUTER_BOUND('',#1857,.T.);
#1061=FACE_OUTER_BOUND('',#1858,.T.);
#1062=FACE_OUTER_BOUND('',#1859,.T.);
#1063=FACE_OUTER_BOUND('',#1860,.T.);
#1064=FACE_OUTER_BOUND('',#1861,.T.);
#1065=FACE_OUTER_BOUND('',#1862,.T.);
#1066=FACE_OUTER_BOUND('',#1863,.T.);
#1067=FACE_OUTER_BOUND('',#1864,.T.);
#1068=FACE_OUTER_BOUND('',#1865,.T.);
#1069=FACE_OUTER_BOUND('',#1866,.T.);
#1070=FACE_OUTER_BOUND('',#1867,.T.);
#1071=FACE_OUTER_BOUND('',#1868,.T.);
#1072=FACE_OUTER_BOUND('',#1869,.T.);
#1073=FACE_OUTER_BOUND('',#1870,.T.);
#1074=FACE_OUTER_BOUND('',#1871,.T.);
#1075=FACE_OUTER_BOUND('',#1872,.T.);
#1076=FACE_OUTER_BOUND('',#1873,.T.);
#1077=FACE_OUTER_BOUND('',#1874,.T.);
#1078=FACE_OUTER_BOUND('',#1875,.T.);
#1079=FACE_OUTER_BOUND('',#1876,.T.);
#1080=FACE_OUTER_BOUND('',#1877,.T.);
#1081=FACE_OUTER_BOUND('',#1878,.T.);
#1082=FACE_OUTER_BOUND('',#1879,.T.);
#1083=FACE_OUTER_BOUND('',#1880,.T.);
#1084=FACE_OUTER_BOUND('',#1881,.T.);
#1085=FACE_OUTER_BOUND('',#1882,.T.);
#1086=FACE_OUTER_BOUND('',#1883,.T.);
#1087=FACE_OUTER_BOUND('',#1884,.T.);
#1088=FACE_OUTER_BOUND('',#1885,.T.);
#1089=FACE_OUTER_BOUND('',#1886,.T.);
#1090=FACE_OUTER_BOUND('',#1887,.T.);
#1091=FACE_OUTER_BOUND('',#1888,.T.);
#1092=FACE_OUTER_BOUND('',#1889,.T.);
#1093=FACE_OUTER_BOUND('',#1890,.T.);
#1094=FACE_OUTER_BOUND('',#1891,.T.);
#1095=FACE_OUTER_BOUND('',#1892,.T.);
#1096=FACE_OUTER_BOUND('',#1893,.T.);
#1097=FACE_OUTER_BOUND('',#1894,.T.);
#1098=FACE_OUTER_BOUND('',#1895,.T.);
#1099=FACE_OUTER_BOUND('',#1896,.T.);
#1100=FACE_OUTER_BOUND('',#1897,.T.);
#1101=FACE_OUTER_BOUND('',#1898,.T.);
#1102=FACE_OUTER_BOUND('',#1899,.T.);
#1103=FACE_OUTER_BOUND('',#1900,.T.);
#1104=FACE_OUTER_BOUND('',#1901,.T.);
#1105=FACE_OUTER_BOUND('',#1902,.T.);
#1106=FACE_OUTER_BOUND('',#1903,.T.);
#1107=FACE_OUTER_BOUND('',#1904,.T.);
#1108=FACE_OUTER_BOUND('',#1905,.T.);
#1109=FACE_OUTER_BOUND('',#1906,.T.);
#1110=FACE_OUTER_BOUND('',#1907,.T.);
#1111=FACE_OUTER_BOUND('',#1908,.T.);
#1112=FACE_OUTER_BOUND('',#1909,.T.);
#1113=FACE_OUTER_BOUND('',#1910,.T.);
#1114=FACE_OUTER_BOUND('',#1911,.T.);
#1115=FACE_OUTER_BOUND('',#1912,.T.);
#1116=FACE_OUTER_BOUND('',#1913,.T.);
#1117=FACE_OUTER_BOUND('',#1914,.T.);
#1118=FACE_OUTER_BOUND('',#1915,.T.);
#1119=FACE_OUTER_BOUND('',#1916,.T.);
#1120=FACE_OUTER_BOUND('',#1917,.T.);
#1121=FACE_OUTER_BOUND('',#1918,.T.);
#1122=FACE_OUTER_BOUND('',#1919,.T.);
#1123=FACE_OUTER_BOUND('',#1920,.T.);
#1124=FACE_OUTER_BOUND('',#1921,.T.);
#1125=FACE_OUTER_BOUND('',#1922,.T.);
#1126=FACE_OUTER_BOUND('',#1923,.T.);
#1127=FACE_OUTER_BOUND('',#1924,.T.);
#1128=FACE_OUTER_BOUND('',#1925,.T.);
#1129=FACE_OUTER_BOUND('',#1926,.T.);
#1130=FACE_OUTER_BOUND('',#1927,.T.);
#1131=FACE_OUTER_BOUND('',#1928,.T.);
#1132=FACE_OUTER_BOUND('',#1929,.T.);
#1133=FACE_OUTER_BOUND('',#1930,.T.);
#1134=FACE_OUTER_BOUND('',#1931,.T.);
#1135=FACE_OUTER_BOUND('',#1932,.T.);
#1136=FACE_OUTER_BOUND('',#1933,.T.);
#1137=FACE_OUTER_BOUND('',#1934,.T.);
#1138=FACE_OUTER_BOUND('',#1935,.T.);
#1139=FACE_OUTER_BOUND('',#1936,.T.);
#1140=FACE_OUTER_BOUND('',#1937,.T.);
#1141=FACE_OUTER_BOUND('',#1938,.T.);
#1142=FACE_OUTER_BOUND('',#1939,.T.);
#1143=FACE_OUTER_BOUND('',#1940,.T.);
#1144=FACE_OUTER_BOUND('',#1941,.T.);
#1145=FACE_OUTER_BOUND('',#1942,.T.);
#1146=FACE_OUTER_BOUND('',#1943,.T.);
#1147=FACE_OUTER_BOUND('',#1944,.T.);
#1148=FACE_OUTER_BOUND('',#1945,.T.);
#1149=FACE_OUTER_BOUND('',#1946,.T.);
#1150=FACE_OUTER_BOUND('',#1947,.T.);
#1151=FACE_OUTER_BOUND('',#1948,.T.);
#1152=FACE_OUTER_BOUND('',#1949,.T.);
#1153=FACE_OUTER_BOUND('',#1950,.T.);
#1154=FACE_OUTER_BOUND('',#1951,.T.);
#1155=FACE_OUTER_BOUND('',#1952,.T.);
#1156=FACE_OUTER_BOUND('',#1953,.T.);
#1157=FACE_OUTER_BOUND('',#1954,.T.);
#1158=FACE_OUTER_BOUND('',#1955,.T.);
#1159=FACE_OUTER_BOUND('',#1956,.T.);
#1160=FACE_OUTER_BOUND('',#1957,.T.);
#1161=FACE_OUTER_BOUND('',#1958,.T.);
#1162=FACE_OUTER_BOUND('',#1959,.T.);
#1163=FACE_OUTER_BOUND('',#1960,.T.);
#1164=FACE_OUTER_BOUND('',#1961,.T.);
#1165=FACE_OUTER_BOUND('',#1962,.T.);
#1166=FACE_OUTER_BOUND('',#1963,.T.);
#1167=FACE_OUTER_BOUND('',#1964,.T.);
#1168=FACE_OUTER_BOUND('',#1965,.T.);
#1169=FACE_OUTER_BOUND('',#1966,.T.);
#1170=FACE_OUTER_BOUND('',#1967,.T.);
#1171=FACE_OUTER_BOUND('',#1968,.T.);
#1172=FACE_OUTER_BOUND('',#1969,.T.);
#1173=FACE_OUTER_BOUND('',#1970,.T.);
#1174=FACE_OUTER_BOUND('',#1971,.T.);
#1175=FACE_OUTER_BOUND('',#1972,.T.);
#1176=FACE_OUTER_BOUND('',#1973,.T.);
#1177=FACE_OUTER_BOUND('',#1974,.T.);
#1178=FACE_OUTER_BOUND('',#1975,.T.);
#1179=FACE_OUTER_BOUND('',#1976,.T.);
#1180=FACE_OUTER_BOUND('',#1977,.T.);
#1181=FACE_OUTER_BOUND('',#1979,.T.);
#1182=FACE_OUTER_BOUND('',#1980,.T.);
#1183=FACE_OUTER_BOUND('',#1981,.T.);
#1184=FACE_OUTER_BOUND('',#1982,.T.);
#1185=FACE_OUTER_BOUND('',#1983,.T.);
#1186=FACE_OUTER_BOUND('',#1984,.T.);
#1187=FACE_OUTER_BOUND('',#1985,.T.);
#1188=FACE_OUTER_BOUND('',#1986,.T.);
#1189=FACE_OUTER_BOUND('',#1987,.T.);
#1190=FACE_OUTER_BOUND('',#1988,.T.);
#1191=FACE_OUTER_BOUND('',#1989,.T.);
#1192=FACE_OUTER_BOUND('',#1990,.T.);
#1193=EDGE_LOOP('',(#7243,#7244,#7245,#7246,#7247,#7248,#7249,#7250));
#1194=EDGE_LOOP('',(#7251,#7252,#7253,#7254,#7255,#7256,#7257,#7258));
#1195=EDGE_LOOP('',(#7259,#7260,#7261,#7262));
#1196=EDGE_LOOP('',(#7263,#7264,#7265,#7266));
#1197=EDGE_LOOP('',(#7267,#7268,#7269,#7270));
#1198=EDGE_LOOP('',(#7271,#7272,#7273,#7274));
#1199=EDGE_LOOP('',(#7275,#7276,#7277,#7278));
#1200=EDGE_LOOP('',(#7279,#7280,#7281,#7282));
#1201=EDGE_LOOP('',(#7283,#7284,#7285,#7286));
#1202=EDGE_LOOP('',(#7287,#7288,#7289,#7290));
#1203=EDGE_LOOP('',(#7291,#7292,#7293,#7294,#7295,#7296,#7297,#7298));
#1204=EDGE_LOOP('',(#7299,#7300,#7301,#7302,#7303,#7304,#7305,#7306));
#1205=EDGE_LOOP('',(#7307,#7308,#7309,#7310));
#1206=EDGE_LOOP('',(#7311,#7312,#7313,#7314));
#1207=EDGE_LOOP('',(#7315,#7316,#7317,#7318));
#1208=EDGE_LOOP('',(#7319,#7320,#7321,#7322));
#1209=EDGE_LOOP('',(#7323,#7324,#7325,#7326));
#1210=EDGE_LOOP('',(#7327,#7328,#7329,#7330));
#1211=EDGE_LOOP('',(#7331,#7332,#7333,#7334));
#1212=EDGE_LOOP('',(#7335,#7336,#7337,#7338));
#1213=EDGE_LOOP('',(#7339,#7340,#7341,#7342));
#1214=EDGE_LOOP('',(#7343,#7344,#7345,#7346));
#1215=EDGE_LOOP('',(#7347,#7348,#7349,#7350));
#1216=EDGE_LOOP('',(#7351,#7352,#7353,#7354));
#1217=EDGE_LOOP('',(#7355,#7356,#7357,#7358));
#1218=EDGE_LOOP('',(#7359,#7360,#7361,#7362));
#1219=EDGE_LOOP('',(#7363,#7364,#7365,#7366));
#1220=EDGE_LOOP('',(#7367,#7368,#7369,#7370));
#1221=EDGE_LOOP('',(#7371,#7372,#7373,#7374));
#1222=EDGE_LOOP('',(#7375,#7376,#7377,#7378));
#1223=EDGE_LOOP('',(#7379,#7380,#7381,#7382));
#1224=EDGE_LOOP('',(#7383,#7384,#7385,#7386));
#1225=EDGE_LOOP('',(#7387,#7388,#7389,#7390));
#1226=EDGE_LOOP('',(#7391,#7392,#7393,#7394));
#1227=EDGE_LOOP('',(#7395,#7396,#7397,#7398));
#1228=EDGE_LOOP('',(#7399,#7400,#7401,#7402));
#1229=EDGE_LOOP('',(#7403,#7404,#7405,#7406));
#1230=EDGE_LOOP('',(#7407,#7408,#7409,#7410));
#1231=EDGE_LOOP('',(#7411,#7412,#7413,#7414));
#1232=EDGE_LOOP('',(#7415,#7416,#7417,#7418));
#1233=EDGE_LOOP('',(#7419,#7420,#7421,#7422));
#1234=EDGE_LOOP('',(#7423,#7424,#7425,#7426));
#1235=EDGE_LOOP('',(#7427,#7428,#7429,#7430));
#1236=EDGE_LOOP('',(#7431,#7432,#7433,#7434));
#1237=EDGE_LOOP('',(#7435,#7436,#7437,#7438));
#1238=EDGE_LOOP('',(#7439,#7440,#7441,#7442));
#1239=EDGE_LOOP('',(#7443,#7444,#7445,#7446));
#1240=EDGE_LOOP('',(#7447,#7448,#7449,#7450));
#1241=EDGE_LOOP('',(#7451,#7452,#7453,#7454));
#1242=EDGE_LOOP('',(#7455,#7456,#7457,#7458));
#1243=EDGE_LOOP('',(#7459,#7460,#7461,#7462));
#1244=EDGE_LOOP('',(#7463,#7464,#7465,#7466));
#1245=EDGE_LOOP('',(#7467,#7468,#7469,#7470));
#1246=EDGE_LOOP('',(#7471,#7472,#7473,#7474));
#1247=EDGE_LOOP('',(#7475,#7476,#7477,#7478));
#1248=EDGE_LOOP('',(#7479,#7480,#7481,#7482));
#1249=EDGE_LOOP('',(#7483,#7484,#7485,#7486));
#1250=EDGE_LOOP('',(#7487,#7488,#7489,#7490));
#1251=EDGE_LOOP('',(#7491,#7492,#7493,#7494));
#1252=EDGE_LOOP('',(#7495,#7496,#7497,#7498));
#1253=EDGE_LOOP('',(#7499,#7500,#7501,#7502));
#1254=EDGE_LOOP('',(#7503,#7504,#7505,#7506));
#1255=EDGE_LOOP('',(#7507,#7508,#7509,#7510));
#1256=EDGE_LOOP('',(#7511,#7512,#7513,#7514));
#1257=EDGE_LOOP('',(#7515,#7516,#7517,#7518));
#1258=EDGE_LOOP('',(#7519,#7520,#7521,#7522));
#1259=EDGE_LOOP('',(#7523,#7524,#7525,#7526));
#1260=EDGE_LOOP('',(#7527,#7528,#7529,#7530));
#1261=EDGE_LOOP('',(#7531,#7532,#7533,#7534));
#1262=EDGE_LOOP('',(#7535,#7536,#7537,#7538));
#1263=EDGE_LOOP('',(#7539,#7540,#7541,#7542));
#1264=EDGE_LOOP('',(#7543,#7544,#7545,#7546));
#1265=EDGE_LOOP('',(#7547,#7548,#7549,#7550));
#1266=EDGE_LOOP('',(#7551,#7552,#7553,#7554));
#1267=EDGE_LOOP('',(#7555,#7556,#7557,#7558));
#1268=EDGE_LOOP('',(#7559,#7560,#7561,#7562));
#1269=EDGE_LOOP('',(#7563,#7564,#7565,#7566));
#1270=EDGE_LOOP('',(#7567,#7568,#7569,#7570));
#1271=EDGE_LOOP('',(#7571,#7572,#7573,#7574));
#1272=EDGE_LOOP('',(#7575,#7576,#7577,#7578));
#1273=EDGE_LOOP('',(#7579,#7580,#7581,#7582));
#1274=EDGE_LOOP('',(#7583,#7584,#7585,#7586));
#1275=EDGE_LOOP('',(#7587,#7588,#7589,#7590));
#1276=EDGE_LOOP('',(#7591,#7592,#7593,#7594));
#1277=EDGE_LOOP('',(#7595,#7596,#7597,#7598));
#1278=EDGE_LOOP('',(#7599,#7600,#7601,#7602));
#1279=EDGE_LOOP('',(#7603,#7604,#7605,#7606));
#1280=EDGE_LOOP('',(#7607,#7608,#7609,#7610));
#1281=EDGE_LOOP('',(#7611,#7612,#7613,#7614));
#1282=EDGE_LOOP('',(#7615,#7616,#7617,#7618));
#1283=EDGE_LOOP('',(#7619,#7620,#7621,#7622));
#1284=EDGE_LOOP('',(#7623,#7624,#7625,#7626));
#1285=EDGE_LOOP('',(#7627,#7628,#7629,#7630));
#1286=EDGE_LOOP('',(#7631,#7632,#7633,#7634));
#1287=EDGE_LOOP('',(#7635,#7636,#7637,#7638));
#1288=EDGE_LOOP('',(#7639,#7640,#7641,#7642));
#1289=EDGE_LOOP('',(#7643,#7644,#7645,#7646));
#1290=EDGE_LOOP('',(#7647,#7648,#7649,#7650));
#1291=EDGE_LOOP('',(#7651,#7652,#7653,#7654));
#1292=EDGE_LOOP('',(#7655,#7656,#7657,#7658));
#1293=EDGE_LOOP('',(#7659,#7660,#7661,#7662));
#1294=EDGE_LOOP('',(#7663));
#1295=EDGE_LOOP('',(#7664));
#1296=EDGE_LOOP('',(#7665));
#1297=EDGE_LOOP('',(#7666));
#1298=EDGE_LOOP('',(#7667));
#1299=EDGE_LOOP('',(#7668));
#1300=EDGE_LOOP('',(#7669));
#1301=EDGE_LOOP('',(#7670));
#1302=EDGE_LOOP('',(#7671));
#1303=EDGE_LOOP('',(#7672));
#1304=EDGE_LOOP('',(#7673));
#1305=EDGE_LOOP('',(#7674));
#1306=EDGE_LOOP('',(#7675));
#1307=EDGE_LOOP('',(#7676));
#1308=EDGE_LOOP('',(#7677));
#1309=EDGE_LOOP('',(#7678));
#1310=EDGE_LOOP('',(#7679));
#1311=EDGE_LOOP('',(#7680));
#1312=EDGE_LOOP('',(#7681));
#1313=EDGE_LOOP('',(#7682));
#1314=EDGE_LOOP('',(#7683));
#1315=EDGE_LOOP('',(#7684));
#1316=EDGE_LOOP('',(#7685));
#1317=EDGE_LOOP('',(#7686));
#1318=EDGE_LOOP('',(#7687));
#1319=EDGE_LOOP('',(#7688));
#1320=EDGE_LOOP('',(#7689));
#1321=EDGE_LOOP('',(#7690));
#1322=EDGE_LOOP('',(#7691));
#1323=EDGE_LOOP('',(#7692));
#1324=EDGE_LOOP('',(#7693));
#1325=EDGE_LOOP('',(#7694,#7695,#7696,#7697,#7698,#7699,#7700,#7701,#7702,
#7703,#7704));
#1326=EDGE_LOOP('',(#7705,#7706,#7707,#7708,#7709,#7710,#7711,#7712,#7713,
#7714,#7715,#7716,#7717,#7718,#7719,#7720,#7721,#7722,#7723,#7724,#7725,
#7726,#7727,#7728,#7729,#7730,#7731,#7732,#7733,#7734));
#1327=EDGE_LOOP('',(#7735,#7736,#7737,#7738,#7739,#7740,#7741,#7742));
#1328=EDGE_LOOP('',(#7743,#7744,#7745,#7746,#7747,#7748,#7749,#7750,#7751,
#7752,#7753,#7754,#7755,#7756,#7757,#7758,#7759,#7760,#7761,#7762,#7763,
#7764,#7765,#7766));
#1329=EDGE_LOOP('',(#7767,#7768,#7769,#7770,#7771,#7772,#7773));
#1330=EDGE_LOOP('',(#7774,#7775,#7776,#7777,#7778,#7779,#7780,#7781,#7782,
#7783,#7784,#7785,#7786,#7787,#7788,#7789));
#1331=EDGE_LOOP('',(#7790,#7791,#7792,#7793,#7794,#7795,#7796));
#1332=EDGE_LOOP('',(#7797,#7798));
#1333=EDGE_LOOP('',(#7799));
#1334=EDGE_LOOP('',(#7800));
#1335=EDGE_LOOP('',(#7801));
#1336=EDGE_LOOP('',(#7802));
#1337=EDGE_LOOP('',(#7803));
#1338=EDGE_LOOP('',(#7804));
#1339=EDGE_LOOP('',(#7805));
#1340=EDGE_LOOP('',(#7806));
#1341=EDGE_LOOP('',(#7807));
#1342=EDGE_LOOP('',(#7808));
#1343=EDGE_LOOP('',(#7809));
#1344=EDGE_LOOP('',(#7810));
#1345=EDGE_LOOP('',(#7811));
#1346=EDGE_LOOP('',(#7812));
#1347=EDGE_LOOP('',(#7813));
#1348=EDGE_LOOP('',(#7814));
#1349=EDGE_LOOP('',(#7815));
#1350=EDGE_LOOP('',(#7816));
#1351=EDGE_LOOP('',(#7817));
#1352=EDGE_LOOP('',(#7818));
#1353=EDGE_LOOP('',(#7819));
#1354=EDGE_LOOP('',(#7820));
#1355=EDGE_LOOP('',(#7821));
#1356=EDGE_LOOP('',(#7822));
#1357=EDGE_LOOP('',(#7823));
#1358=EDGE_LOOP('',(#7824));
#1359=EDGE_LOOP('',(#7825));
#1360=EDGE_LOOP('',(#7826));
#1361=EDGE_LOOP('',(#7827));
#1362=EDGE_LOOP('',(#7828));
#1363=EDGE_LOOP('',(#7829));
#1364=EDGE_LOOP('',(#7830));
#1365=EDGE_LOOP('',(#7831));
#1366=EDGE_LOOP('',(#7832));
#1367=EDGE_LOOP('',(#7833));
#1368=EDGE_LOOP('',(#7834));
#1369=EDGE_LOOP('',(#7835));
#1370=EDGE_LOOP('',(#7836));
#1371=EDGE_LOOP('',(#7837));
#1372=EDGE_LOOP('',(#7838));
#1373=EDGE_LOOP('',(#7839));
#1374=EDGE_LOOP('',(#7840));
#1375=EDGE_LOOP('',(#7841));
#1376=EDGE_LOOP('',(#7842));
#1377=EDGE_LOOP('',(#7843));
#1378=EDGE_LOOP('',(#7844));
#1379=EDGE_LOOP('',(#7845));
#1380=EDGE_LOOP('',(#7846));
#1381=EDGE_LOOP('',(#7847));
#1382=EDGE_LOOP('',(#7848));
#1383=EDGE_LOOP('',(#7849));
#1384=EDGE_LOOP('',(#7850));
#1385=EDGE_LOOP('',(#7851));
#1386=EDGE_LOOP('',(#7852));
#1387=EDGE_LOOP('',(#7853));
#1388=EDGE_LOOP('',(#7854));
#1389=EDGE_LOOP('',(#7855));
#1390=EDGE_LOOP('',(#7856));
#1391=EDGE_LOOP('',(#7857));
#1392=EDGE_LOOP('',(#7858));
#1393=EDGE_LOOP('',(#7859));
#1394=EDGE_LOOP('',(#7860));
#1395=EDGE_LOOP('',(#7861));
#1396=EDGE_LOOP('',(#7862));
#1397=EDGE_LOOP('',(#7863,#7864,#7865,#7866));
#1398=EDGE_LOOP('',(#7867,#7868,#7869,#7870));
#1399=EDGE_LOOP('',(#7871,#7872,#7873,#7874));
#1400=EDGE_LOOP('',(#7875,#7876,#7877,#7878));
#1401=EDGE_LOOP('',(#7879,#7880,#7881,#7882));
#1402=EDGE_LOOP('',(#7883,#7884,#7885,#7886));
#1403=EDGE_LOOP('',(#7887,#7888,#7889,#7890));
#1404=EDGE_LOOP('',(#7891,#7892,#7893,#7894));
#1405=EDGE_LOOP('',(#7895,#7896,#7897,#7898));
#1406=EDGE_LOOP('',(#7899,#7900,#7901,#7902));
#1407=EDGE_LOOP('',(#7903,#7904,#7905,#7906));
#1408=EDGE_LOOP('',(#7907,#7908,#7909,#7910));
#1409=EDGE_LOOP('',(#7911,#7912,#7913,#7914));
#1410=EDGE_LOOP('',(#7915,#7916,#7917,#7918));
#1411=EDGE_LOOP('',(#7919,#7920,#7921,#7922));
#1412=EDGE_LOOP('',(#7923,#7924,#7925,#7926));
#1413=EDGE_LOOP('',(#7927,#7928,#7929,#7930));
#1414=EDGE_LOOP('',(#7931,#7932,#7933,#7934));
#1415=EDGE_LOOP('',(#7935,#7936,#7937,#7938));
#1416=EDGE_LOOP('',(#7939,#7940,#7941,#7942));
#1417=EDGE_LOOP('',(#7943,#7944,#7945,#7946));
#1418=EDGE_LOOP('',(#7947,#7948,#7949,#7950));
#1419=EDGE_LOOP('',(#7951,#7952,#7953,#7954));
#1420=EDGE_LOOP('',(#7955));
#1421=EDGE_LOOP('',(#7956));
#1422=EDGE_LOOP('',(#7957));
#1423=EDGE_LOOP('',(#7958));
#1424=EDGE_LOOP('',(#7959));
#1425=EDGE_LOOP('',(#7960));
#1426=EDGE_LOOP('',(#7961));
#1427=EDGE_LOOP('',(#7962));
#1428=EDGE_LOOP('',(#7963));
#1429=EDGE_LOOP('',(#7964));
#1430=EDGE_LOOP('',(#7965));
#1431=EDGE_LOOP('',(#7966));
#1432=EDGE_LOOP('',(#7967));
#1433=EDGE_LOOP('',(#7968));
#1434=EDGE_LOOP('',(#7969));
#1435=EDGE_LOOP('',(#7970));
#1436=EDGE_LOOP('',(#7971));
#1437=EDGE_LOOP('',(#7972));
#1438=EDGE_LOOP('',(#7973));
#1439=EDGE_LOOP('',(#7974));
#1440=EDGE_LOOP('',(#7975));
#1441=EDGE_LOOP('',(#7976));
#1442=EDGE_LOOP('',(#7977));
#1443=EDGE_LOOP('',(#7978));
#1444=EDGE_LOOP('',(#7979));
#1445=EDGE_LOOP('',(#7980));
#1446=EDGE_LOOP('',(#7981));
#1447=EDGE_LOOP('',(#7982));
#1448=EDGE_LOOP('',(#7983));
#1449=EDGE_LOOP('',(#7984));
#1450=EDGE_LOOP('',(#7985));
#1451=EDGE_LOOP('',(#7986));
#1452=EDGE_LOOP('',(#7987));
#1453=EDGE_LOOP('',(#7988,#7989,#7990,#7991));
#1454=EDGE_LOOP('',(#7992,#7993,#7994,#7995));
#1455=EDGE_LOOP('',(#7996,#7997,#7998,#7999));
#1456=EDGE_LOOP('',(#8000,#8001,#8002,#8003,#8004,#8005,#8006,#8007,#8008,
#8009,#8010,#8011,#8012,#8013,#8014,#8015,#8016,#8017,#8018,#8019,#8020,
#8021,#8022,#8023,#8024,#8025,#8026,#8027));
#1457=EDGE_LOOP('',(#8028,#8029,#8030,#8031,#8032,#8033,#8034,#8035,#8036,
#8037,#8038,#8039,#8040,#8041,#8042,#8043,#8044,#8045,#8046,#8047,#8048,
#8049,#8050,#8051,#8052,#8053,#8054,#8055));
#1458=EDGE_LOOP('',(#8056));
#1459=EDGE_LOOP('',(#8057));
#1460=EDGE_LOOP('',(#8058));
#1461=EDGE_LOOP('',(#8059));
#1462=EDGE_LOOP('',(#8060,#8061,#8062,#8063));
#1463=EDGE_LOOP('',(#8064,#8065,#8066,#8067));
#1464=EDGE_LOOP('',(#8068,#8069,#8070,#8071));
#1465=EDGE_LOOP('',(#8072,#8073,#8074,#8075));
#1466=EDGE_LOOP('',(#8076,#8077,#8078,#8079));
#1467=EDGE_LOOP('',(#8080,#8081,#8082,#8083));
#1468=EDGE_LOOP('',(#8084,#8085,#8086,#8087));
#1469=EDGE_LOOP('',(#8088,#8089,#8090,#8091));
#1470=EDGE_LOOP('',(#8092,#8093,#8094,#8095));
#1471=EDGE_LOOP('',(#8096,#8097,#8098,#8099));
#1472=EDGE_LOOP('',(#8100,#8101,#8102,#8103));
#1473=EDGE_LOOP('',(#8104,#8105,#8106,#8107,#8108,#8109,#8110,#8111,#8112,
#8113,#8114));
#1474=EDGE_LOOP('',(#8115,#8116,#8117,#8118));
#1475=EDGE_LOOP('',(#8119,#8120,#8121,#8122));
#1476=EDGE_LOOP('',(#8123,#8124,#8125,#8126));
#1477=EDGE_LOOP('',(#8127,#8128,#8129,#8130));
#1478=EDGE_LOOP('',(#8131,#8132,#8133,#8134));
#1479=EDGE_LOOP('',(#8135,#8136,#8137,#8138));
#1480=EDGE_LOOP('',(#8139,#8140,#8141,#8142));
#1481=EDGE_LOOP('',(#8143,#8144,#8145,#8146));
#1482=EDGE_LOOP('',(#8147,#8148,#8149,#8150));
#1483=EDGE_LOOP('',(#8151,#8152,#8153,#8154));
#1484=EDGE_LOOP('',(#8155,#8156,#8157,#8158));
#1485=EDGE_LOOP('',(#8159,#8160,#8161,#8162));
#1486=EDGE_LOOP('',(#8163,#8164,#8165,#8166));
#1487=EDGE_LOOP('',(#8167,#8168,#8169,#8170));
#1488=EDGE_LOOP('',(#8171,#8172,#8173,#8174));
#1489=EDGE_LOOP('',(#8175,#8176,#8177,#8178));
#1490=EDGE_LOOP('',(#8179,#8180,#8181,#8182));
#1491=EDGE_LOOP('',(#8183,#8184,#8185,#8186));
#1492=EDGE_LOOP('',(#8187,#8188,#8189,#8190));
#1493=EDGE_LOOP('',(#8191,#8192,#8193,#8194));
#1494=EDGE_LOOP('',(#8195,#8196,#8197,#8198));
#1495=EDGE_LOOP('',(#8199,#8200,#8201,#8202));
#1496=EDGE_LOOP('',(#8203,#8204,#8205,#8206));
#1497=EDGE_LOOP('',(#8207,#8208,#8209,#8210));
#1498=EDGE_LOOP('',(#8211,#8212,#8213,#8214));
#1499=EDGE_LOOP('',(#8215,#8216,#8217,#8218));
#1500=EDGE_LOOP('',(#8219,#8220,#8221,#8222));
#1501=EDGE_LOOP('',(#8223,#8224,#8225,#8226));
#1502=EDGE_LOOP('',(#8227,#8228,#8229,#8230));
#1503=EDGE_LOOP('',(#8231,#8232,#8233,#8234));
#1504=EDGE_LOOP('',(#8235,#8236,#8237,#8238,#8239,#8240,#8241,#8242,#8243,
#8244,#8245,#8246,#8247,#8248,#8249,#8250,#8251,#8252,#8253,#8254,#8255,
#8256,#8257,#8258,#8259,#8260,#8261,#8262,#8263,#8264));
#1505=EDGE_LOOP('',(#8265,#8266,#8267,#8268));
#1506=EDGE_LOOP('',(#8269,#8270,#8271,#8272));
#1507=EDGE_LOOP('',(#8273,#8274,#8275,#8276));
#1508=EDGE_LOOP('',(#8277,#8278,#8279,#8280));
#1509=EDGE_LOOP('',(#8281,#8282,#8283,#8284));
#1510=EDGE_LOOP('',(#8285,#8286,#8287,#8288));
#1511=EDGE_LOOP('',(#8289,#8290,#8291,#8292));
#1512=EDGE_LOOP('',(#8293,#8294,#8295,#8296));
#1513=EDGE_LOOP('',(#8297,#8298,#8299,#8300,#8301,#8302,#8303,#8304));
#1514=EDGE_LOOP('',(#8305,#8306,#8307,#8308));
#1515=EDGE_LOOP('',(#8309,#8310,#8311,#8312));
#1516=EDGE_LOOP('',(#8313,#8314,#8315,#8316));
#1517=EDGE_LOOP('',(#8317,#8318,#8319,#8320));
#1518=EDGE_LOOP('',(#8321,#8322,#8323,#8324));
#1519=EDGE_LOOP('',(#8325,#8326,#8327,#8328));
#1520=EDGE_LOOP('',(#8329,#8330,#8331,#8332));
#1521=EDGE_LOOP('',(#8333,#8334,#8335,#8336));
#1522=EDGE_LOOP('',(#8337,#8338,#8339,#8340));
#1523=EDGE_LOOP('',(#8341,#8342,#8343,#8344));
#1524=EDGE_LOOP('',(#8345,#8346,#8347,#8348));
#1525=EDGE_LOOP('',(#8349,#8350,#8351,#8352));
#1526=EDGE_LOOP('',(#8353,#8354,#8355,#8356));
#1527=EDGE_LOOP('',(#8357,#8358,#8359,#8360));
#1528=EDGE_LOOP('',(#8361,#8362,#8363,#8364));
#1529=EDGE_LOOP('',(#8365,#8366,#8367,#8368));
#1530=EDGE_LOOP('',(#8369,#8370,#8371,#8372));
#1531=EDGE_LOOP('',(#8373,#8374,#8375,#8376));
#1532=EDGE_LOOP('',(#8377,#8378,#8379,#8380));
#1533=EDGE_LOOP('',(#8381,#8382,#8383,#8384));
#1534=EDGE_LOOP('',(#8385,#8386,#8387,#8388));
#1535=EDGE_LOOP('',(#8389,#8390,#8391,#8392));
#1536=EDGE_LOOP('',(#8393,#8394,#8395,#8396));
#1537=EDGE_LOOP('',(#8397,#8398,#8399,#8400));
#1538=EDGE_LOOP('',(#8401,#8402,#8403,#8404,#8405,#8406,#8407,#8408,#8409,
#8410,#8411,#8412,#8413,#8414,#8415,#8416,#8417,#8418,#8419,#8420,#8421,
#8422,#8423,#8424));
#1539=EDGE_LOOP('',(#8425,#8426,#8427,#8428));
#1540=EDGE_LOOP('',(#8429,#8430,#8431,#8432));
#1541=EDGE_LOOP('',(#8433,#8434,#8435,#8436));
#1542=EDGE_LOOP('',(#8437,#8438,#8439,#8440));
#1543=EDGE_LOOP('',(#8441,#8442,#8443,#8444));
#1544=EDGE_LOOP('',(#8445,#8446,#8447,#8448));
#1545=EDGE_LOOP('',(#8449,#8450,#8451,#8452));
#1546=EDGE_LOOP('',(#8453,#8454,#8455,#8456,#8457,#8458,#8459));
#1547=EDGE_LOOP('',(#8460,#8461,#8462,#8463));
#1548=EDGE_LOOP('',(#8464,#8465,#8466,#8467));
#1549=EDGE_LOOP('',(#8468,#8469,#8470,#8471));
#1550=EDGE_LOOP('',(#8472,#8473,#8474,#8475));
#1551=EDGE_LOOP('',(#8476,#8477,#8478,#8479));
#1552=EDGE_LOOP('',(#8480,#8481,#8482,#8483));
#1553=EDGE_LOOP('',(#8484,#8485,#8486,#8487));
#1554=EDGE_LOOP('',(#8488,#8489,#8490,#8491));
#1555=EDGE_LOOP('',(#8492,#8493,#8494,#8495));
#1556=EDGE_LOOP('',(#8496,#8497,#8498,#8499));
#1557=EDGE_LOOP('',(#8500,#8501,#8502,#8503));
#1558=EDGE_LOOP('',(#8504,#8505,#8506,#8507));
#1559=EDGE_LOOP('',(#8508,#8509,#8510,#8511));
#1560=EDGE_LOOP('',(#8512,#8513,#8514,#8515));
#1561=EDGE_LOOP('',(#8516,#8517,#8518,#8519));
#1562=EDGE_LOOP('',(#8520,#8521,#8522,#8523));
#1563=EDGE_LOOP('',(#8524,#8525,#8526,#8527,#8528,#8529,#8530,#8531,#8532,
#8533,#8534,#8535,#8536,#8537,#8538,#8539));
#1564=EDGE_LOOP('',(#8540,#8541,#8542,#8543));
#1565=EDGE_LOOP('',(#8544,#8545,#8546,#8547));
#1566=EDGE_LOOP('',(#8548,#8549,#8550,#8551));
#1567=EDGE_LOOP('',(#8552,#8553,#8554,#8555));
#1568=EDGE_LOOP('',(#8556,#8557,#8558,#8559));
#1569=EDGE_LOOP('',(#8560,#8561,#8562,#8563));
#1570=EDGE_LOOP('',(#8564,#8565,#8566,#8567));
#1571=EDGE_LOOP('',(#8568,#8569,#8570,#8571));
#1572=EDGE_LOOP('',(#8572,#8573,#8574,#8575));
#1573=EDGE_LOOP('',(#8576,#8577,#8578,#8579));
#1574=EDGE_LOOP('',(#8580,#8581));
#1575=EDGE_LOOP('',(#8582,#8583,#8584,#8585,#8586,#8587,#8588,#8589,#8590));
#1576=EDGE_LOOP('',(#8591,#8592,#8593,#8594));
#1577=EDGE_LOOP('',(#8595,#8596,#8597,#8598));
#1578=EDGE_LOOP('',(#8599,#8600,#8601,#8602));
#1579=EDGE_LOOP('',(#8603,#8604,#8605,#8606));
#1580=EDGE_LOOP('',(#8607,#8608,#8609,#8610));
#1581=EDGE_LOOP('',(#8611,#8612,#8613,#8614));
#1582=EDGE_LOOP('',(#8615,#8616,#8617,#8618));
#1583=EDGE_LOOP('',(#8619,#8620,#8621,#8622,#8623,#8624,#8625));
#1584=EDGE_LOOP('',(#8626,#8627,#8628,#8629,#8630,#8631,#8632,#8633,#8634));
#1585=EDGE_LOOP('',(#8635,#8636,#8637,#8638));
#1586=EDGE_LOOP('',(#8639,#8640,#8641,#8642));
#1587=EDGE_LOOP('',(#8643,#8644,#8645,#8646));
#1588=EDGE_LOOP('',(#8647,#8648,#8649,#8650));
#1589=EDGE_LOOP('',(#8651,#8652,#8653,#8654));
#1590=EDGE_LOOP('',(#8655,#8656,#8657,#8658));
#1591=EDGE_LOOP('',(#8659,#8660,#8661,#8662));
#1592=EDGE_LOOP('',(#8663,#8664,#8665,#8666));
#1593=EDGE_LOOP('',(#8667,#8668,#8669,#8670));
#1594=EDGE_LOOP('',(#8671,#8672,#8673,#8674));
#1595=EDGE_LOOP('',(#8675,#8676,#8677,#8678));
#1596=EDGE_LOOP('',(#8679,#8680,#8681,#8682));
#1597=EDGE_LOOP('',(#8683,#8684,#8685,#8686));
#1598=EDGE_LOOP('',(#8687,#8688,#8689,#8690));
#1599=EDGE_LOOP('',(#8691,#8692,#8693,#8694));
#1600=EDGE_LOOP('',(#8695,#8696,#8697,#8698));
#1601=EDGE_LOOP('',(#8699,#8700,#8701,#8702));
#1602=EDGE_LOOP('',(#8703,#8704,#8705,#8706));
#1603=EDGE_LOOP('',(#8707,#8708,#8709,#8710));
#1604=EDGE_LOOP('',(#8711,#8712,#8713,#8714));
#1605=EDGE_LOOP('',(#8715,#8716,#8717,#8718));
#1606=EDGE_LOOP('',(#8719,#8720,#8721,#8722));
#1607=EDGE_LOOP('',(#8723,#8724,#8725,#8726));
#1608=EDGE_LOOP('',(#8727,#8728,#8729,#8730));
#1609=EDGE_LOOP('',(#8731,#8732,#8733,#8734));
#1610=EDGE_LOOP('',(#8735,#8736,#8737,#8738));
#1611=EDGE_LOOP('',(#8739,#8740,#8741,#8742));
#1612=EDGE_LOOP('',(#8743,#8744,#8745,#8746));
#1613=EDGE_LOOP('',(#8747,#8748,#8749,#8750));
#1614=EDGE_LOOP('',(#8751,#8752,#8753,#8754));
#1615=EDGE_LOOP('',(#8755,#8756,#8757,#8758));
#1616=EDGE_LOOP('',(#8759,#8760,#8761,#8762));
#1617=EDGE_LOOP('',(#8763,#8764,#8765,#8766));
#1618=EDGE_LOOP('',(#8767,#8768,#8769,#8770));
#1619=EDGE_LOOP('',(#8771,#8772,#8773,#8774));
#1620=EDGE_LOOP('',(#8775,#8776,#8777,#8778));
#1621=EDGE_LOOP('',(#8779,#8780,#8781,#8782));
#1622=EDGE_LOOP('',(#8783,#8784,#8785,#8786));
#1623=EDGE_LOOP('',(#8787,#8788,#8789,#8790));
#1624=EDGE_LOOP('',(#8791,#8792,#8793,#8794));
#1625=EDGE_LOOP('',(#8795,#8796,#8797,#8798));
#1626=EDGE_LOOP('',(#8799,#8800,#8801,#8802));
#1627=EDGE_LOOP('',(#8803,#8804,#8805,#8806));
#1628=EDGE_LOOP('',(#8807,#8808,#8809,#8810));
#1629=EDGE_LOOP('',(#8811,#8812,#8813,#8814));
#1630=EDGE_LOOP('',(#8815,#8816,#8817,#8818));
#1631=EDGE_LOOP('',(#8819,#8820,#8821,#8822));
#1632=EDGE_LOOP('',(#8823,#8824,#8825,#8826));
#1633=EDGE_LOOP('',(#8827,#8828,#8829,#8830));
#1634=EDGE_LOOP('',(#8831,#8832,#8833,#8834));
#1635=EDGE_LOOP('',(#8835,#8836,#8837,#8838));
#1636=EDGE_LOOP('',(#8839,#8840,#8841,#8842));
#1637=EDGE_LOOP('',(#8843,#8844,#8845,#8846));
#1638=EDGE_LOOP('',(#8847,#8848,#8849,#8850));
#1639=EDGE_LOOP('',(#8851,#8852,#8853,#8854));
#1640=EDGE_LOOP('',(#8855,#8856,#8857,#8858));
#1641=EDGE_LOOP('',(#8859,#8860,#8861,#8862));
#1642=EDGE_LOOP('',(#8863,#8864,#8865,#8866));
#1643=EDGE_LOOP('',(#8867,#8868,#8869,#8870));
#1644=EDGE_LOOP('',(#8871,#8872,#8873,#8874));
#1645=EDGE_LOOP('',(#8875,#8876,#8877,#8878));
#1646=EDGE_LOOP('',(#8879,#8880,#8881,#8882));
#1647=EDGE_LOOP('',(#8883,#8884,#8885,#8886));
#1648=EDGE_LOOP('',(#8887,#8888,#8889,#8890));
#1649=EDGE_LOOP('',(#8891,#8892,#8893,#8894));
#1650=EDGE_LOOP('',(#8895,#8896,#8897,#8898));
#1651=EDGE_LOOP('',(#8899,#8900,#8901,#8902));
#1652=EDGE_LOOP('',(#8903,#8904,#8905,#8906));
#1653=EDGE_LOOP('',(#8907,#8908,#8909,#8910));
#1654=EDGE_LOOP('',(#8911,#8912,#8913,#8914));
#1655=EDGE_LOOP('',(#8915,#8916,#8917,#8918));
#1656=EDGE_LOOP('',(#8919,#8920,#8921,#8922));
#1657=EDGE_LOOP('',(#8923,#8924,#8925,#8926));
#1658=EDGE_LOOP('',(#8927,#8928,#8929,#8930));
#1659=EDGE_LOOP('',(#8931,#8932,#8933,#8934));
#1660=EDGE_LOOP('',(#8935,#8936,#8937,#8938));
#1661=EDGE_LOOP('',(#8939,#8940,#8941,#8942));
#1662=EDGE_LOOP('',(#8943,#8944,#8945,#8946));
#1663=EDGE_LOOP('',(#8947,#8948,#8949,#8950));
#1664=EDGE_LOOP('',(#8951,#8952,#8953,#8954));
#1665=EDGE_LOOP('',(#8955,#8956,#8957,#8958));
#1666=EDGE_LOOP('',(#8959,#8960,#8961,#8962));
#1667=EDGE_LOOP('',(#8963,#8964,#8965,#8966));
#1668=EDGE_LOOP('',(#8967,#8968,#8969,#8970));
#1669=EDGE_LOOP('',(#8971,#8972,#8973,#8974));
#1670=EDGE_LOOP('',(#8975,#8976,#8977,#8978));
#1671=EDGE_LOOP('',(#8979,#8980,#8981,#8982));
#1672=EDGE_LOOP('',(#8983,#8984,#8985,#8986));
#1673=EDGE_LOOP('',(#8987,#8988,#8989,#8990));
#1674=EDGE_LOOP('',(#8991,#8992,#8993,#8994));
#1675=EDGE_LOOP('',(#8995,#8996,#8997,#8998));
#1676=EDGE_LOOP('',(#8999,#9000,#9001,#9002));
#1677=EDGE_LOOP('',(#9003,#9004,#9005,#9006));
#1678=EDGE_LOOP('',(#9007,#9008,#9009,#9010));
#1679=EDGE_LOOP('',(#9011,#9012,#9013,#9014));
#1680=EDGE_LOOP('',(#9015,#9016,#9017,#9018));
#1681=EDGE_LOOP('',(#9019,#9020,#9021,#9022));
#1682=EDGE_LOOP('',(#9023,#9024,#9025,#9026));
#1683=EDGE_LOOP('',(#9027,#9028,#9029,#9030));
#1684=EDGE_LOOP('',(#9031,#9032,#9033,#9034));
#1685=EDGE_LOOP('',(#9035,#9036,#9037,#9038));
#1686=EDGE_LOOP('',(#9039,#9040,#9041,#9042));
#1687=EDGE_LOOP('',(#9043,#9044,#9045,#9046));
#1688=EDGE_LOOP('',(#9047,#9048,#9049,#9050));
#1689=EDGE_LOOP('',(#9051,#9052,#9053,#9054));
#1690=EDGE_LOOP('',(#9055,#9056,#9057,#9058));
#1691=EDGE_LOOP('',(#9059,#9060,#9061,#9062));
#1692=EDGE_LOOP('',(#9063,#9064,#9065,#9066));
#1693=EDGE_LOOP('',(#9067,#9068,#9069,#9070));
#1694=EDGE_LOOP('',(#9071,#9072,#9073,#9074));
#1695=EDGE_LOOP('',(#9075,#9076,#9077,#9078));
#1696=EDGE_LOOP('',(#9079,#9080,#9081,#9082));
#1697=EDGE_LOOP('',(#9083,#9084,#9085,#9086));
#1698=EDGE_LOOP('',(#9087,#9088,#9089,#9090));
#1699=EDGE_LOOP('',(#9091,#9092,#9093,#9094));
#1700=EDGE_LOOP('',(#9095,#9096,#9097,#9098));
#1701=EDGE_LOOP('',(#9099,#9100,#9101,#9102));
#1702=EDGE_LOOP('',(#9103,#9104,#9105,#9106));
#1703=EDGE_LOOP('',(#9107,#9108,#9109,#9110));
#1704=EDGE_LOOP('',(#9111,#9112,#9113,#9114));
#1705=EDGE_LOOP('',(#9115,#9116,#9117,#9118));
#1706=EDGE_LOOP('',(#9119,#9120,#9121,#9122));
#1707=EDGE_LOOP('',(#9123,#9124,#9125,#9126));
#1708=EDGE_LOOP('',(#9127,#9128,#9129,#9130));
#1709=EDGE_LOOP('',(#9131,#9132,#9133,#9134));
#1710=EDGE_LOOP('',(#9135,#9136,#9137,#9138));
#1711=EDGE_LOOP('',(#9139,#9140,#9141,#9142));
#1712=EDGE_LOOP('',(#9143,#9144,#9145,#9146));
#1713=EDGE_LOOP('',(#9147,#9148,#9149,#9150));
#1714=EDGE_LOOP('',(#9151,#9152,#9153,#9154));
#1715=EDGE_LOOP('',(#9155,#9156,#9157,#9158));
#1716=EDGE_LOOP('',(#9159,#9160,#9161,#9162));
#1717=EDGE_LOOP('',(#9163,#9164,#9165,#9166));
#1718=EDGE_LOOP('',(#9167,#9168,#9169,#9170));
#1719=EDGE_LOOP('',(#9171,#9172,#9173,#9174));
#1720=EDGE_LOOP('',(#9175,#9176,#9177,#9178));
#1721=EDGE_LOOP('',(#9179,#9180,#9181,#9182));
#1722=EDGE_LOOP('',(#9183,#9184,#9185,#9186));
#1723=EDGE_LOOP('',(#9187,#9188,#9189,#9190));
#1724=EDGE_LOOP('',(#9191,#9192,#9193,#9194));
#1725=EDGE_LOOP('',(#9195,#9196,#9197,#9198));
#1726=EDGE_LOOP('',(#9199,#9200,#9201,#9202));
#1727=EDGE_LOOP('',(#9203,#9204,#9205,#9206));
#1728=EDGE_LOOP('',(#9207,#9208,#9209,#9210));
#1729=EDGE_LOOP('',(#9211,#9212,#9213,#9214));
#1730=EDGE_LOOP('',(#9215,#9216,#9217,#9218));
#1731=EDGE_LOOP('',(#9219,#9220,#9221,#9222));
#1732=EDGE_LOOP('',(#9223,#9224,#9225,#9226));
#1733=EDGE_LOOP('',(#9227,#9228,#9229,#9230));
#1734=EDGE_LOOP('',(#9231,#9232,#9233,#9234));
#1735=EDGE_LOOP('',(#9235,#9236,#9237,#9238));
#1736=EDGE_LOOP('',(#9239,#9240,#9241,#9242));
#1737=EDGE_LOOP('',(#9243,#9244,#9245,#9246));
#1738=EDGE_LOOP('',(#9247,#9248,#9249,#9250));
#1739=EDGE_LOOP('',(#9251,#9252,#9253,#9254));
#1740=EDGE_LOOP('',(#9255,#9256,#9257,#9258));
#1741=EDGE_LOOP('',(#9259,#9260,#9261,#9262));
#1742=EDGE_LOOP('',(#9263,#9264,#9265,#9266));
#1743=EDGE_LOOP('',(#9267,#9268,#9269,#9270));
#1744=EDGE_LOOP('',(#9271,#9272,#9273,#9274));
#1745=EDGE_LOOP('',(#9275,#9276,#9277,#9278));
#1746=EDGE_LOOP('',(#9279,#9280,#9281,#9282));
#1747=EDGE_LOOP('',(#9283,#9284,#9285,#9286));
#1748=EDGE_LOOP('',(#9287,#9288,#9289,#9290));
#1749=EDGE_LOOP('',(#9291,#9292,#9293,#9294));
#1750=EDGE_LOOP('',(#9295,#9296,#9297,#9298));
#1751=EDGE_LOOP('',(#9299,#9300,#9301,#9302));
#1752=EDGE_LOOP('',(#9303,#9304,#9305,#9306));
#1753=EDGE_LOOP('',(#9307,#9308,#9309,#9310));
#1754=EDGE_LOOP('',(#9311,#9312,#9313,#9314));
#1755=EDGE_LOOP('',(#9315,#9316,#9317,#9318));
#1756=EDGE_LOOP('',(#9319,#9320,#9321,#9322));
#1757=EDGE_LOOP('',(#9323,#9324,#9325,#9326));
#1758=EDGE_LOOP('',(#9327,#9328,#9329,#9330));
#1759=EDGE_LOOP('',(#9331,#9332,#9333,#9334));
#1760=EDGE_LOOP('',(#9335,#9336,#9337,#9338));
#1761=EDGE_LOOP('',(#9339,#9340,#9341,#9342));
#1762=EDGE_LOOP('',(#9343,#9344,#9345,#9346));
#1763=EDGE_LOOP('',(#9347,#9348,#9349,#9350));
#1764=EDGE_LOOP('',(#9351,#9352,#9353,#9354));
#1765=EDGE_LOOP('',(#9355,#9356,#9357,#9358));
#1766=EDGE_LOOP('',(#9359,#9360,#9361,#9362));
#1767=EDGE_LOOP('',(#9363,#9364,#9365,#9366));
#1768=EDGE_LOOP('',(#9367,#9368,#9369,#9370));
#1769=EDGE_LOOP('',(#9371,#9372,#9373,#9374));
#1770=EDGE_LOOP('',(#9375,#9376,#9377,#9378));
#1771=EDGE_LOOP('',(#9379,#9380,#9381,#9382));
#1772=EDGE_LOOP('',(#9383,#9384,#9385,#9386));
#1773=EDGE_LOOP('',(#9387,#9388,#9389,#9390));
#1774=EDGE_LOOP('',(#9391,#9392,#9393,#9394));
#1775=EDGE_LOOP('',(#9395,#9396,#9397,#9398));
#1776=EDGE_LOOP('',(#9399,#9400,#9401,#9402));
#1777=EDGE_LOOP('',(#9403,#9404,#9405,#9406));
#1778=EDGE_LOOP('',(#9407,#9408,#9409,#9410));
#1779=EDGE_LOOP('',(#9411,#9412,#9413,#9414));
#1780=EDGE_LOOP('',(#9415,#9416,#9417,#9418));
#1781=EDGE_LOOP('',(#9419,#9420,#9421,#9422));
#1782=EDGE_LOOP('',(#9423,#9424,#9425,#9426));
#1783=EDGE_LOOP('',(#9427,#9428,#9429,#9430));
#1784=EDGE_LOOP('',(#9431,#9432,#9433,#9434));
#1785=EDGE_LOOP('',(#9435,#9436,#9437,#9438));
#1786=EDGE_LOOP('',(#9439,#9440,#9441,#9442));
#1787=EDGE_LOOP('',(#9443,#9444,#9445,#9446));
#1788=EDGE_LOOP('',(#9447,#9448,#9449,#9450));
#1789=EDGE_LOOP('',(#9451,#9452,#9453,#9454));
#1790=EDGE_LOOP('',(#9455,#9456,#9457,#9458));
#1791=EDGE_LOOP('',(#9459,#9460,#9461,#9462));
#1792=EDGE_LOOP('',(#9463,#9464,#9465,#9466));
#1793=EDGE_LOOP('',(#9467,#9468,#9469,#9470));
#1794=EDGE_LOOP('',(#9471,#9472,#9473,#9474));
#1795=EDGE_LOOP('',(#9475,#9476,#9477,#9478));
#1796=EDGE_LOOP('',(#9479,#9480,#9481,#9482));
#1797=EDGE_LOOP('',(#9483,#9484,#9485,#9486));
#1798=EDGE_LOOP('',(#9487,#9488,#9489,#9490));
#1799=EDGE_LOOP('',(#9491,#9492,#9493,#9494));
#1800=EDGE_LOOP('',(#9495,#9496,#9497,#9498));
#1801=EDGE_LOOP('',(#9499,#9500,#9501,#9502));
#1802=EDGE_LOOP('',(#9503,#9504,#9505,#9506));
#1803=EDGE_LOOP('',(#9507,#9508,#9509,#9510));
#1804=EDGE_LOOP('',(#9511,#9512,#9513,#9514));
#1805=EDGE_LOOP('',(#9515,#9516,#9517,#9518));
#1806=EDGE_LOOP('',(#9519,#9520,#9521,#9522));
#1807=EDGE_LOOP('',(#9523,#9524,#9525,#9526));
#1808=EDGE_LOOP('',(#9527,#9528,#9529,#9530));
#1809=EDGE_LOOP('',(#9531,#9532,#9533,#9534));
#1810=EDGE_LOOP('',(#9535,#9536,#9537,#9538));
#1811=EDGE_LOOP('',(#9539,#9540,#9541,#9542));
#1812=EDGE_LOOP('',(#9543,#9544,#9545,#9546));
#1813=EDGE_LOOP('',(#9547,#9548,#9549,#9550));
#1814=EDGE_LOOP('',(#9551,#9552,#9553,#9554));
#1815=EDGE_LOOP('',(#9555,#9556,#9557,#9558));
#1816=EDGE_LOOP('',(#9559,#9560,#9561,#9562));
#1817=EDGE_LOOP('',(#9563,#9564,#9565,#9566));
#1818=EDGE_LOOP('',(#9567,#9568,#9569,#9570));
#1819=EDGE_LOOP('',(#9571,#9572,#9573,#9574));
#1820=EDGE_LOOP('',(#9575,#9576,#9577,#9578));
#1821=EDGE_LOOP('',(#9579,#9580,#9581,#9582));
#1822=EDGE_LOOP('',(#9583,#9584,#9585,#9586));
#1823=EDGE_LOOP('',(#9587,#9588,#9589,#9590));
#1824=EDGE_LOOP('',(#9591,#9592,#9593,#9594));
#1825=EDGE_LOOP('',(#9595,#9596,#9597,#9598));
#1826=EDGE_LOOP('',(#9599,#9600,#9601,#9602));
#1827=EDGE_LOOP('',(#9603,#9604,#9605,#9606));
#1828=EDGE_LOOP('',(#9607,#9608,#9609,#9610));
#1829=EDGE_LOOP('',(#9611,#9612,#9613,#9614));
#1830=EDGE_LOOP('',(#9615,#9616,#9617,#9618));
#1831=EDGE_LOOP('',(#9619,#9620,#9621,#9622));
#1832=EDGE_LOOP('',(#9623,#9624,#9625,#9626));
#1833=EDGE_LOOP('',(#9627,#9628,#9629,#9630));
#1834=EDGE_LOOP('',(#9631,#9632,#9633,#9634));
#1835=EDGE_LOOP('',(#9635,#9636,#9637,#9638));
#1836=EDGE_LOOP('',(#9639,#9640,#9641,#9642));
#1837=EDGE_LOOP('',(#9643,#9644,#9645,#9646));
#1838=EDGE_LOOP('',(#9647,#9648,#9649,#9650));
#1839=EDGE_LOOP('',(#9651,#9652,#9653,#9654));
#1840=EDGE_LOOP('',(#9655,#9656,#9657,#9658));
#1841=EDGE_LOOP('',(#9659,#9660,#9661,#9662));
#1842=EDGE_LOOP('',(#9663,#9664,#9665,#9666));
#1843=EDGE_LOOP('',(#9667,#9668,#9669,#9670));
#1844=EDGE_LOOP('',(#9671,#9672,#9673,#9674));
#1845=EDGE_LOOP('',(#9675,#9676,#9677,#9678));
#1846=EDGE_LOOP('',(#9679,#9680,#9681,#9682));
#1847=EDGE_LOOP('',(#9683,#9684,#9685,#9686));
#1848=EDGE_LOOP('',(#9687,#9688,#9689,#9690));
#1849=EDGE_LOOP('',(#9691,#9692,#9693,#9694));
#1850=EDGE_LOOP('',(#9695,#9696,#9697,#9698));
#1851=EDGE_LOOP('',(#9699,#9700,#9701,#9702));
#1852=EDGE_LOOP('',(#9703,#9704,#9705,#9706));
#1853=EDGE_LOOP('',(#9707,#9708,#9709,#9710));
#1854=EDGE_LOOP('',(#9711,#9712,#9713,#9714));
#1855=EDGE_LOOP('',(#9715,#9716,#9717,#9718));
#1856=EDGE_LOOP('',(#9719,#9720,#9721,#9722));
#1857=EDGE_LOOP('',(#9723,#9724,#9725,#9726));
#1858=EDGE_LOOP('',(#9727,#9728,#9729,#9730));
#1859=EDGE_LOOP('',(#9731,#9732,#9733,#9734));
#1860=EDGE_LOOP('',(#9735,#9736,#9737,#9738));
#1861=EDGE_LOOP('',(#9739,#9740,#9741,#9742));
#1862=EDGE_LOOP('',(#9743,#9744,#9745,#9746));
#1863=EDGE_LOOP('',(#9747,#9748,#9749,#9750));
#1864=EDGE_LOOP('',(#9751,#9752,#9753,#9754));
#1865=EDGE_LOOP('',(#9755,#9756,#9757,#9758));
#1866=EDGE_LOOP('',(#9759,#9760,#9761,#9762));
#1867=EDGE_LOOP('',(#9763,#9764,#9765,#9766));
#1868=EDGE_LOOP('',(#9767,#9768,#9769,#9770));
#1869=EDGE_LOOP('',(#9771,#9772,#9773,#9774));
#1870=EDGE_LOOP('',(#9775,#9776,#9777,#9778));
#1871=EDGE_LOOP('',(#9779,#9780,#9781,#9782));
#1872=EDGE_LOOP('',(#9783,#9784,#9785,#9786));
#1873=EDGE_LOOP('',(#9787,#9788,#9789,#9790));
#1874=EDGE_LOOP('',(#9791,#9792,#9793,#9794));
#1875=EDGE_LOOP('',(#9795,#9796,#9797,#9798));
#1876=EDGE_LOOP('',(#9799,#9800,#9801,#9802));
#1877=EDGE_LOOP('',(#9803,#9804,#9805,#9806));
#1878=EDGE_LOOP('',(#9807,#9808,#9809,#9810));
#1879=EDGE_LOOP('',(#9811,#9812,#9813,#9814));
#1880=EDGE_LOOP('',(#9815,#9816,#9817,#9818));
#1881=EDGE_LOOP('',(#9819,#9820,#9821,#9822));
#1882=EDGE_LOOP('',(#9823,#9824,#9825,#9826));
#1883=EDGE_LOOP('',(#9827,#9828,#9829,#9830));
#1884=EDGE_LOOP('',(#9831,#9832,#9833,#9834));
#1885=EDGE_LOOP('',(#9835,#9836,#9837,#9838));
#1886=EDGE_LOOP('',(#9839,#9840,#9841,#9842));
#1887=EDGE_LOOP('',(#9843,#9844,#9845,#9846));
#1888=EDGE_LOOP('',(#9847,#9848,#9849,#9850));
#1889=EDGE_LOOP('',(#9851,#9852,#9853,#9854));
#1890=EDGE_LOOP('',(#9855,#9856,#9857,#9858));
#1891=EDGE_LOOP('',(#9859,#9860,#9861,#9862));
#1892=EDGE_LOOP('',(#9863,#9864,#9865,#9866));
#1893=EDGE_LOOP('',(#9867,#9868,#9869,#9870));
#1894=EDGE_LOOP('',(#9871,#9872,#9873,#9874));
#1895=EDGE_LOOP('',(#9875,#9876,#9877,#9878));
#1896=EDGE_LOOP('',(#9879,#9880,#9881,#9882));
#1897=EDGE_LOOP('',(#9883,#9884,#9885,#9886));
#1898=EDGE_LOOP('',(#9887,#9888,#9889,#9890));
#1899=EDGE_LOOP('',(#9891,#9892,#9893,#9894));
#1900=EDGE_LOOP('',(#9895,#9896,#9897,#9898));
#1901=EDGE_LOOP('',(#9899,#9900,#9901,#9902));
#1902=EDGE_LOOP('',(#9903,#9904,#9905,#9906));
#1903=EDGE_LOOP('',(#9907,#9908,#9909,#9910));
#1904=EDGE_LOOP('',(#9911,#9912,#9913,#9914));
#1905=EDGE_LOOP('',(#9915,#9916,#9917,#9918));
#1906=EDGE_LOOP('',(#9919,#9920,#9921,#9922));
#1907=EDGE_LOOP('',(#9923,#9924,#9925,#9926));
#1908=EDGE_LOOP('',(#9927,#9928,#9929,#9930));
#1909=EDGE_LOOP('',(#9931,#9932,#9933,#9934));
#1910=EDGE_LOOP('',(#9935,#9936,#9937,#9938));
#1911=EDGE_LOOP('',(#9939,#9940,#9941,#9942));
#1912=EDGE_LOOP('',(#9943,#9944,#9945,#9946));
#1913=EDGE_LOOP('',(#9947,#9948,#9949,#9950));
#1914=EDGE_LOOP('',(#9951,#9952,#9953,#9954));
#1915=EDGE_LOOP('',(#9955,#9956,#9957,#9958));
#1916=EDGE_LOOP('',(#9959,#9960,#9961,#9962));
#1917=EDGE_LOOP('',(#9963,#9964,#9965,#9966));
#1918=EDGE_LOOP('',(#9967,#9968,#9969,#9970));
#1919=EDGE_LOOP('',(#9971,#9972,#9973,#9974));
#1920=EDGE_LOOP('',(#9975,#9976,#9977,#9978));
#1921=EDGE_LOOP('',(#9979,#9980,#9981,#9982));
#1922=EDGE_LOOP('',(#9983,#9984,#9985,#9986));
#1923=EDGE_LOOP('',(#9987,#9988,#9989,#9990));
#1924=EDGE_LOOP('',(#9991,#9992,#9993,#9994));
#1925=EDGE_LOOP('',(#9995,#9996,#9997,#9998));
#1926=EDGE_LOOP('',(#9999,#10000,#10001,#10002));
#1927=EDGE_LOOP('',(#10003,#10004,#10005,#10006));
#1928=EDGE_LOOP('',(#10007,#10008,#10009,#10010));
#1929=EDGE_LOOP('',(#10011,#10012,#10013,#10014));
#1930=EDGE_LOOP('',(#10015,#10016,#10017,#10018));
#1931=EDGE_LOOP('',(#10019,#10020,#10021,#10022));
#1932=EDGE_LOOP('',(#10023,#10024,#10025,#10026));
#1933=EDGE_LOOP('',(#10027,#10028,#10029,#10030));
#1934=EDGE_LOOP('',(#10031,#10032,#10033,#10034));
#1935=EDGE_LOOP('',(#10035,#10036,#10037,#10038));
#1936=EDGE_LOOP('',(#10039,#10040,#10041,#10042));
#1937=EDGE_LOOP('',(#10043,#10044,#10045,#10046));
#1938=EDGE_LOOP('',(#10047,#10048,#10049,#10050));
#1939=EDGE_LOOP('',(#10051,#10052,#10053,#10054));
#1940=EDGE_LOOP('',(#10055,#10056,#10057,#10058));
#1941=EDGE_LOOP('',(#10059,#10060,#10061,#10062));
#1942=EDGE_LOOP('',(#10063,#10064,#10065,#10066));
#1943=EDGE_LOOP('',(#10067,#10068,#10069,#10070));
#1944=EDGE_LOOP('',(#10071,#10072,#10073,#10074));
#1945=EDGE_LOOP('',(#10075,#10076,#10077,#10078));
#1946=EDGE_LOOP('',(#10079,#10080,#10081,#10082));
#1947=EDGE_LOOP('',(#10083,#10084,#10085,#10086));
#1948=EDGE_LOOP('',(#10087,#10088,#10089,#10090));
#1949=EDGE_LOOP('',(#10091,#10092,#10093,#10094));
#1950=EDGE_LOOP('',(#10095,#10096,#10097,#10098));
#1951=EDGE_LOOP('',(#10099,#10100,#10101,#10102));
#1952=EDGE_LOOP('',(#10103,#10104,#10105,#10106));
#1953=EDGE_LOOP('',(#10107,#10108,#10109,#10110));
#1954=EDGE_LOOP('',(#10111,#10112,#10113,#10114));
#1955=EDGE_LOOP('',(#10115,#10116,#10117,#10118));
#1956=EDGE_LOOP('',(#10119,#10120,#10121,#10122));
#1957=EDGE_LOOP('',(#10123,#10124,#10125,#10126));
#1958=EDGE_LOOP('',(#10127,#10128,#10129,#10130));
#1959=EDGE_LOOP('',(#10131,#10132,#10133,#10134));
#1960=EDGE_LOOP('',(#10135,#10136,#10137,#10138));
#1961=EDGE_LOOP('',(#10139,#10140,#10141,#10142));
#1962=EDGE_LOOP('',(#10143,#10144,#10145,#10146));
#1963=EDGE_LOOP('',(#10147,#10148,#10149,#10150));
#1964=EDGE_LOOP('',(#10151,#10152,#10153,#10154));
#1965=EDGE_LOOP('',(#10155,#10156,#10157,#10158));
#1966=EDGE_LOOP('',(#10159,#10160,#10161,#10162));
#1967=EDGE_LOOP('',(#10163,#10164,#10165,#10166));
#1968=EDGE_LOOP('',(#10167,#10168,#10169,#10170));
#1969=EDGE_LOOP('',(#10171,#10172,#10173,#10174));
#1970=EDGE_LOOP('',(#10175,#10176,#10177,#10178));
#1971=EDGE_LOOP('',(#10179,#10180,#10181,#10182));
#1972=EDGE_LOOP('',(#10183,#10184,#10185,#10186));
#1973=EDGE_LOOP('',(#10187,#10188,#10189,#10190));
#1974=EDGE_LOOP('',(#10191,#10192,#10193,#10194));
#1975=EDGE_LOOP('',(#10195,#10196,#10197,#10198,#10199,#10200,#10201,#10202));
#1976=EDGE_LOOP('',(#10203,#10204,#10205,#10206));
#1977=EDGE_LOOP('',(#10207,#10208,#10209,#10210,#10211,#10212,#10213,#10214));
#1978=EDGE_LOOP('',(#10215,#10216,#10217,#10218));
#1979=EDGE_LOOP('',(#10219,#10220,#10221,#10222));
#1980=EDGE_LOOP('',(#10223,#10224,#10225,#10226));
#1981=EDGE_LOOP('',(#10227,#10228,#10229,#10230));
#1982=EDGE_LOOP('',(#10231,#10232,#10233,#10234));
#1983=EDGE_LOOP('',(#10235,#10236,#10237,#10238));
#1984=EDGE_LOOP('',(#10239,#10240,#10241,#10242));
#1985=EDGE_LOOP('',(#10243,#10244,#10245,#10246));
#1986=EDGE_LOOP('',(#10247,#10248,#10249,#10250));
#1987=EDGE_LOOP('',(#10251,#10252,#10253,#10254));
#1988=EDGE_LOOP('',(#10255,#10256,#10257,#10258));
#1989=EDGE_LOOP('',(#10259,#10260,#10261,#10262));
#1990=EDGE_LOOP('',(#10263,#10264,#10265,#10266));
#1991=CIRCLE('',#11638,20.);
#1992=CIRCLE('',#11639,20.);
#1993=CIRCLE('',#11640,20.0000000000001);
#1994=CIRCLE('',#11641,20.0000000000001);
#1995=CIRCLE('',#11642,13.);
#1996=CIRCLE('',#11643,13.0000000000001);
#1997=CIRCLE('',#11644,13.0000000000001);
#1998=CIRCLE('',#11645,13.);
#1999=CIRCLE('',#11648,20.);
#2000=CIRCLE('',#11651,20.);
#2001=CIRCLE('',#11654,20.0000000000001);
#2002=CIRCLE('',#11657,20.0000000000001);
#2003=CIRCLE('',#11660,13.);
#2004=CIRCLE('',#11661,13.);
#2005=CIRCLE('',#11662,13.0000000000001);
#2006=CIRCLE('',#11663,13.0000000000001);
#2007=CIRCLE('',#11692,2.1);
#2008=CIRCLE('',#11693,2.1);
#2009=CIRCLE('',#11695,1.2);
#2010=CIRCLE('',#11696,1.2);
#2011=CIRCLE('',#11698,2.1);
#2012=CIRCLE('',#11699,2.1);
#2013=CIRCLE('',#11701,1.2);
#2014=CIRCLE('',#11702,1.2);
#2015=CIRCLE('',#11704,0.349999999100525);
#2016=CIRCLE('',#11705,0.349999999100525);
#2017=CIRCLE('',#11707,1.2);
#2018=CIRCLE('',#11708,1.2);
#2019=CIRCLE('',#11710,2.1);
#2020=CIRCLE('',#11711,2.1);
#2021=CIRCLE('',#11713,1.2);
#2022=CIRCLE('',#11714,1.2);
#2023=CIRCLE('',#11716,2.1);
#2024=CIRCLE('',#11717,2.1);
#2025=CIRCLE('',#11719,1.19999999999999);
#2026=CIRCLE('',#11720,1.20000000000001);
#2027=CIRCLE('',#11722,2.1);
#2028=CIRCLE('',#11723,2.1);
#2029=CIRCLE('',#11725,1.19999999999999);
#2030=CIRCLE('',#11726,1.20000000000001);
#2031=CIRCLE('',#11728,2.1);
#2032=CIRCLE('',#11729,2.1);
#2033=CIRCLE('',#11731,1.19999999999999);
#2034=CIRCLE('',#11732,1.20000000000001);
#2035=CIRCLE('',#11734,2.1);
#2036=CIRCLE('',#11735,2.1);
#2037=CIRCLE('',#11737,1.19999999999999);
#2038=CIRCLE('',#11738,1.20000000000001);
#2039=CIRCLE('',#11740,2.1);
#2040=CIRCLE('',#11741,2.1);
#2041=CIRCLE('',#11743,1.20000000000001);
#2042=CIRCLE('',#11744,1.20000000000001);
#2043=CIRCLE('',#11746,2.09999999999999);
#2044=CIRCLE('',#11747,2.09999999999999);
#2045=CIRCLE('',#11749,1.20000000000001);
#2046=CIRCLE('',#11750,1.20000000000001);
#2047=CIRCLE('',#11752,2.09999999999999);
#2048=CIRCLE('',#11753,2.09999999999999);
#2049=CIRCLE('',#11755,1.20000000000001);
#2050=CIRCLE('',#11756,1.20000000000001);
#2051=CIRCLE('',#11758,2.09999999999999);
#2052=CIRCLE('',#11759,2.09999999999999);
#2053=CIRCLE('',#11761,1.20000000000001);
#2054=CIRCLE('',#11762,1.20000000000001);
#2055=CIRCLE('',#11764,2.09999999999999);
#2056=CIRCLE('',#11765,2.09999999999999);
#2057=CIRCLE('',#11767,1.20000000000001);
#2058=CIRCLE('',#11768,1.20000000000001);
#2059=CIRCLE('',#11770,2.09999999999999);
#2060=CIRCLE('',#11771,2.09999999999999);
#2061=CIRCLE('',#11773,1.20000000000001);
#2062=CIRCLE('',#11774,1.20000000000001);
#2063=CIRCLE('',#11776,2.09999999999999);
#2064=CIRCLE('',#11777,2.09999999999999);
#2065=CIRCLE('',#11779,1.20000000000001);
#2066=CIRCLE('',#11780,1.20000000000001);
#2067=CIRCLE('',#11782,2.09999999999999);
#2068=CIRCLE('',#11783,2.09999999999999);
#2069=CIRCLE('',#11785,1.20000000000001);
#2070=CIRCLE('',#11786,1.20000000000001);
#2071=CIRCLE('',#11788,2.09999999999999);
#2072=CIRCLE('',#11789,2.09999999999999);
#2073=CIRCLE('',#11791,1.20000000000001);
#2074=CIRCLE('',#11792,1.20000000000001);
#2075=CIRCLE('',#11794,2.09999999999999);
#2076=CIRCLE('',#11795,2.09999999999999);
#2077=CIRCLE('',#11797,1.19999999999998);
#2078=CIRCLE('',#11798,1.19999999999998);
#2079=CIRCLE('',#11800,2.09999999999999);
#2080=CIRCLE('',#11801,2.09999999999999);
#2081=CIRCLE('',#11803,1.19999999999998);
#2082=CIRCLE('',#11804,1.19999999999998);
#2083=CIRCLE('',#11806,2.09999999999999);
#2084=CIRCLE('',#11807,2.09999999999999);
#2085=CIRCLE('',#11809,1.19999999999998);
#2086=CIRCLE('',#11810,1.19999999999998);
#2087=CIRCLE('',#11812,2.09999999999999);
#2088=CIRCLE('',#11813,2.09999999999999);
#2089=CIRCLE('',#11815,1.19999999999998);
#2090=CIRCLE('',#11816,1.19999999999998);
#2091=CIRCLE('',#11818,2.09999999999999);
#2092=CIRCLE('',#11819,2.09999999999999);
#2093=CIRCLE('',#11821,1.19999999999998);
#2094=CIRCLE('',#11822,1.19999999999998);
#2095=CIRCLE('',#11824,2.09999999999999);
#2096=CIRCLE('',#11825,2.09999999999999);
#2097=CIRCLE('',#11827,1.19999999999998);
#2098=CIRCLE('',#11828,1.19999999999998);
#2099=CIRCLE('',#11830,2.09999999999999);
#2100=CIRCLE('',#11831,2.09999999999999);
#2101=CIRCLE('',#11833,1.19999999999998);
#2102=CIRCLE('',#11834,1.19999999999998);
#2103=CIRCLE('',#11836,2.09999999999999);
#2104=CIRCLE('',#11837,2.09999999999999);
#2105=CIRCLE('',#11839,1.19999999999998);
#2106=CIRCLE('',#11840,1.19999999999998);
#2107=CIRCLE('',#11842,2.09999999999999);
#2108=CIRCLE('',#11843,2.09999999999999);
#2109=CIRCLE('',#11845,1.19999999999998);
#2110=CIRCLE('',#11846,1.19999999999998);
#2111=CIRCLE('',#11848,2.09999999999999);
#2112=CIRCLE('',#11849,2.09999999999999);
#2113=CIRCLE('',#11851,1.19999999999998);
#2114=CIRCLE('',#11852,1.19999999999998);
#2115=CIRCLE('',#11854,2.09999999999999);
#2116=CIRCLE('',#11855,2.09999999999999);
#2117=CIRCLE('',#11857,1.19999999999998);
#2118=CIRCLE('',#11858,1.19999999999998);
#2119=CIRCLE('',#11860,2.09999999999999);
#2120=CIRCLE('',#11861,2.09999999999999);
#2121=CIRCLE('',#11863,1.19999999999998);
#2122=CIRCLE('',#11864,1.19999999999998);
#2123=CIRCLE('',#11866,2.09999999999999);
#2124=CIRCLE('',#11867,2.09999999999999);
#2125=CIRCLE('',#11869,1.19999999999998);
#2126=CIRCLE('',#11870,1.19999999999998);
#2127=CIRCLE('',#11872,2.09999999999999);
#2128=CIRCLE('',#11873,2.09999999999999);
#2129=CIRCLE('',#11875,1.19999999999998);
#2130=CIRCLE('',#11876,1.19999999999998);
#2131=CIRCLE('',#11878,2.09999999999999);
#2132=CIRCLE('',#11879,2.09999999999999);
#2133=CIRCLE('',#11881,1.19999999999998);
#2134=CIRCLE('',#11882,1.19999999999998);
#2135=CIRCLE('',#11884,2.09999999999999);
#2136=CIRCLE('',#11885,2.09999999999999);
#2137=CIRCLE('',#11887,1.19999999999998);
#2138=CIRCLE('',#11888,1.19999999999998);
#2139=CIRCLE('',#11890,2.09999999999999);
#2140=CIRCLE('',#11891,2.09999999999999);
#2141=CIRCLE('',#11926,0.699999836593774);
#2142=CIRCLE('',#11927,0.699999836593774);
#2143=CIRCLE('',#11929,0.100000008199074);
#2144=CIRCLE('',#11930,0.100000008199074);
#2145=CIRCLE('',#11934,0.0999999810230101);
#2146=CIRCLE('',#11935,0.0999999810230101);
#2147=CIRCLE('',#11937,0.700000044312378);
#2148=CIRCLE('',#11938,0.700000044312378);
#2149=CIRCLE('',#11940,0.099999980899634);
#2150=CIRCLE('',#11941,0.099999980899634);
#2151=CIRCLE('',#11947,0.100000011899633);
#2152=CIRCLE('',#11948,0.100000011899633);
#2153=CIRCLE('',#11950,0.699999836593754);
#2154=CIRCLE('',#11951,0.699999836593754);
#2155=CIRCLE('',#11953,0.100000008199072);
#2156=CIRCLE('',#11954,0.100000008199072);
#2157=CIRCLE('',#11957,0.349999999100852);
#2158=CIRCLE('',#11958,0.349999999100852);
#2159=CIRCLE('',#11961,0.0999999810230093);
#2160=CIRCLE('',#11962,0.0999999810230093);
#2161=CIRCLE('',#11964,0.700000044312378);
#2162=CIRCLE('',#11965,0.700000044312378);
#2163=CIRCLE('',#11967,0.0999999808996336);
#2164=CIRCLE('',#11968,0.0999999808996336);
#2165=CIRCLE('',#11975,0.100000011899633);
#2166=CIRCLE('',#11976,0.100000011899633);
#2167=CIRCLE('',#12068,0.0408217658354887);
#2168=CIRCLE('',#12069,0.0408217658354887);
#2169=CIRCLE('',#12081,0.0203806599221971);
#2170=CIRCLE('',#12086,0.0203806599221971);
#2171=CIRCLE('',#12475,20.0000000000001);
#2172=CIRCLE('',#12476,20.0000000000001);
#2173=CIRCLE('',#12477,20.);
#2174=CIRCLE('',#12478,20.);
#2175=CIRCLE('',#12481,20.);
#2176=CIRCLE('',#12482,20.);
#2177=CIRCLE('',#12483,20.0000000000001);
#2178=CIRCLE('',#12484,20.0000000000001);
#2179=LINE('',#15516,#3451);
#2180=LINE('',#15520,#3452);
#2181=LINE('',#15524,#3453);
#2182=LINE('',#15528,#3454);
#2183=LINE('',#15534,#3455);
#2184=LINE('',#15538,#3456);
#2185=LINE('',#15542,#3457);
#2186=LINE('',#15545,#3458);
#2187=LINE('',#15548,#3459);
#2188=LINE('',#15550,#3460);
#2189=LINE('',#15551,#3461);
#2190=LINE('',#15554,#3462);
#2191=LINE('',#15558,#3463);
#2192=LINE('',#15559,#3464);
#2193=LINE('',#15562,#3465);
#2194=LINE('',#15566,#3466);
#2195=LINE('',#15567,#3467);
#2196=LINE('',#15570,#3468);
#2197=LINE('',#15574,#3469);
#2198=LINE('',#15575,#3470);
#2199=LINE('',#15584,#3471);
#2200=LINE('',#15588,#3472);
#2201=LINE('',#15592,#3473);
#2202=LINE('',#15595,#3474);
#2203=LINE('',#15597,#3475);
#2204=LINE('',#15598,#3476);
#2205=LINE('',#15600,#3477);
#2206=LINE('',#15602,#3478);
#2207=LINE('',#15604,#3479);
#2208=LINE('',#15606,#3480);
#2209=LINE('',#15608,#3481);
#2210=LINE('',#15610,#3482);
#2211=LINE('',#15616,#3483);
#2212=LINE('',#15618,#3484);
#2213=LINE('',#15620,#3485);
#2214=LINE('',#15621,#3486);
#2215=LINE('',#15624,#3487);
#2216=LINE('',#15626,#3488);
#2217=LINE('',#15627,#3489);
#2218=LINE('',#15630,#3490);
#2219=LINE('',#15632,#3491);
#2220=LINE('',#15633,#3492);
#2221=LINE('',#15635,#3493);
#2222=LINE('',#15636,#3494);
#2223=LINE('',#15643,#3495);
#2224=LINE('',#15645,#3496);
#2225=LINE('',#15647,#3497);
#2226=LINE('',#15648,#3498);
#2227=LINE('',#15651,#3499);
#2228=LINE('',#15653,#3500);
#2229=LINE('',#15654,#3501);
#2230=LINE('',#15657,#3502);
#2231=LINE('',#15659,#3503);
#2232=LINE('',#15660,#3504);
#2233=LINE('',#15662,#3505);
#2234=LINE('',#15663,#3506);
#2235=LINE('',#15681,#3507);
#2236=LINE('',#15684,#3508);
#2237=LINE('',#15689,#3509);
#2238=LINE('',#15695,#3510);
#2239=LINE('',#15701,#3511);
#2240=LINE('',#15707,#3512);
#2241=LINE('',#15714,#3513);
#2242=LINE('',#15717,#3514);
#2243=LINE('',#15722,#3515);
#2244=LINE('',#15728,#3516);
#2245=LINE('',#15734,#3517);
#2246=LINE('',#15740,#3518);
#2247=LINE('',#15746,#3519);
#2248=LINE('',#15752,#3520);
#2249=LINE('',#15758,#3521);
#2250=LINE('',#15764,#3522);
#2251=LINE('',#15770,#3523);
#2252=LINE('',#15776,#3524);
#2253=LINE('',#15782,#3525);
#2254=LINE('',#15788,#3526);
#2255=LINE('',#15794,#3527);
#2256=LINE('',#15800,#3528);
#2257=LINE('',#15806,#3529);
#2258=LINE('',#15812,#3530);
#2259=LINE('',#15818,#3531);
#2260=LINE('',#15824,#3532);
#2261=LINE('',#15830,#3533);
#2262=LINE('',#15836,#3534);
#2263=LINE('',#15842,#3535);
#2264=LINE('',#15848,#3536);
#2265=LINE('',#15854,#3537);
#2266=LINE('',#15860,#3538);
#2267=LINE('',#15866,#3539);
#2268=LINE('',#15872,#3540);
#2269=LINE('',#15878,#3541);
#2270=LINE('',#15884,#3542);
#2271=LINE('',#15890,#3543);
#2272=LINE('',#15896,#3544);
#2273=LINE('',#15902,#3545);
#2274=LINE('',#15908,#3546);
#2275=LINE('',#15914,#3547);
#2276=LINE('',#15920,#3548);
#2277=LINE('',#15926,#3549);
#2278=LINE('',#15932,#3550);
#2279=LINE('',#15938,#3551);
#2280=LINE('',#15944,#3552);
#2281=LINE('',#15950,#3553);
#2282=LINE('',#15956,#3554);
#2283=LINE('',#15962,#3555);
#2284=LINE('',#15968,#3556);
#2285=LINE('',#15974,#3557);
#2286=LINE('',#15980,#3558);
#2287=LINE('',#15986,#3559);
#2288=LINE('',#15992,#3560);
#2289=LINE('',#15998,#3561);
#2290=LINE('',#16004,#3562);
#2291=LINE('',#16010,#3563);
#2292=LINE('',#16016,#3564);
#2293=LINE('',#16022,#3565);
#2294=LINE('',#16028,#3566);
#2295=LINE('',#16034,#3567);
#2296=LINE('',#16040,#3568);
#2297=LINE('',#16046,#3569);
#2298=LINE('',#16052,#3570);
#2299=LINE('',#16058,#3571);
#2300=LINE('',#16064,#3572);
#2301=LINE('',#16070,#3573);
#2302=LINE('',#16076,#3574);
#2303=LINE('',#16082,#3575);
#2304=LINE('',#16088,#3576);
#2305=LINE('',#16093,#3577);
#2306=LINE('',#16095,#3578);
#2307=LINE('',#16097,#3579);
#2308=LINE('',#16098,#3580);
#2309=LINE('',#16101,#3581);
#2310=LINE('',#16129,#3582);
#2311=LINE('',#16131,#3583);
#2312=LINE('',#16133,#3584);
#2313=LINE('',#16141,#3585);
#2314=LINE('',#16149,#3586);
#2315=LINE('',#16151,#3587);
#2316=LINE('',#16152,#3588);
#2317=LINE('',#16155,#3589);
#2318=LINE('',#16171,#3590);
#2319=LINE('',#16177,#3591);
#2320=LINE('',#16186,#3592);
#2321=LINE('',#16188,#3593);
#2322=LINE('',#16190,#3594);
#2323=LINE('',#16192,#3595);
#2324=LINE('',#16194,#3596);
#2325=LINE('',#16203,#3597);
#2326=LINE('',#16211,#3598);
#2327=LINE('',#16213,#3599);
#2328=LINE('',#16215,#3600);
#2329=LINE('',#16217,#3601);
#2330=LINE('',#16226,#3602);
#2331=LINE('',#16228,#3603);
#2332=LINE('',#16244,#3604);
#2333=LINE('',#16246,#3605);
#2334=LINE('',#16248,#3606);
#2335=LINE('',#16256,#3607);
#2336=LINE('',#16264,#3608);
#2337=LINE('',#16265,#3609);
#2338=LINE('',#16268,#3610);
#2339=LINE('',#16302,#3611);
#2340=LINE('',#16304,#3612);
#2341=LINE('',#16306,#3613);
#2342=LINE('',#16331,#3614);
#2343=LINE('',#16332,#3615);
#2344=LINE('',#16335,#3616);
#2345=LINE('',#16351,#3617);
#2346=LINE('',#16353,#3618);
#2347=LINE('',#16355,#3619);
#2348=LINE('',#16362,#3620);
#2349=LINE('',#16364,#3621);
#2350=LINE('',#16372,#3622);
#2351=LINE('',#16374,#3623);
#2352=LINE('',#16376,#3624);
#2353=LINE('',#16384,#3625);
#2354=LINE('',#16406,#3626);
#2355=LINE('',#16408,#3627);
#2356=LINE('',#16410,#3628);
#2357=LINE('',#16423,#3629);
#2358=LINE('',#16425,#3630);
#2359=LINE('',#16427,#3631);
#2360=LINE('',#16429,#3632);
#2361=LINE('',#16430,#3633);
#2362=LINE('',#16433,#3634);
#2363=LINE('',#16435,#3635);
#2364=LINE('',#16437,#3636);
#2365=LINE('',#16439,#3637);
#2366=LINE('',#16441,#3638);
#2367=LINE('',#16443,#3639);
#2368=LINE('',#16444,#3640);
#2369=LINE('',#16447,#3641);
#2370=LINE('',#16481,#3642);
#2371=LINE('',#16483,#3643);
#2372=LINE('',#16485,#3644);
#2373=LINE('',#16504,#3645);
#2374=LINE('',#16506,#3646);
#2375=LINE('',#16508,#3647);
#2376=LINE('',#16524,#3648);
#2377=LINE('',#16526,#3649);
#2378=LINE('',#16528,#3650);
#2379=LINE('',#16544,#3651);
#2380=LINE('',#16545,#3652);
#2381=LINE('',#16548,#3653);
#2382=LINE('',#16550,#3654);
#2383=LINE('',#16552,#3655);
#2384=LINE('',#16554,#3656);
#2385=LINE('',#16556,#3657);
#2386=LINE('',#16558,#3658);
#2387=LINE('',#16559,#3659);
#2388=LINE('',#16595,#3660);
#2389=LINE('',#16599,#3661);
#2390=LINE('',#16606,#3662);
#2391=LINE('',#16608,#3663);
#2392=LINE('',#16609,#3664);
#2393=LINE('',#16612,#3665);
#2394=LINE('',#16614,#3666);
#2395=LINE('',#16615,#3667);
#2396=LINE('',#16621,#3668);
#2397=LINE('',#16625,#3669);
#2398=LINE('',#16633,#3670);
#2399=LINE('',#16636,#3671);
#2400=LINE('',#16638,#3672);
#2401=LINE('',#16639,#3673);
#2402=LINE('',#16641,#3674);
#2403=LINE('',#16642,#3675);
#2404=LINE('',#16645,#3676);
#2405=LINE('',#16647,#3677);
#2406=LINE('',#16648,#3678);
#2407=LINE('',#16651,#3679);
#2408=LINE('',#16653,#3680);
#2409=LINE('',#16654,#3681);
#2410=LINE('',#16660,#3682);
#2411=LINE('',#16664,#3683);
#2412=LINE('',#16672,#3684);
#2413=LINE('',#16675,#3685);
#2414=LINE('',#16677,#3686);
#2415=LINE('',#16678,#3687);
#2416=LINE('',#16682,#3688);
#2417=LINE('',#16687,#3689);
#2418=LINE('',#16689,#3690);
#2419=LINE('',#16690,#3691);
#2420=LINE('',#16696,#3692);
#2421=LINE('',#16700,#3693);
#2422=LINE('',#16708,#3694);
#2423=LINE('',#16711,#3695);
#2424=LINE('',#16713,#3696);
#2425=LINE('',#16714,#3697);
#2426=LINE('',#16717,#3698);
#2427=LINE('',#16719,#3699);
#2428=LINE('',#16720,#3700);
#2429=LINE('',#16723,#3701);
#2430=LINE('',#16725,#3702);
#2431=LINE('',#16726,#3703);
#2432=LINE('',#16729,#3704);
#2433=LINE('',#16731,#3705);
#2434=LINE('',#16732,#3706);
#2435=LINE('',#16735,#3707);
#2436=LINE('',#16737,#3708);
#2437=LINE('',#16738,#3709);
#2438=LINE('',#16797,#3710);
#2439=LINE('',#16824,#3711);
#2440=LINE('',#16827,#3712);
#2441=LINE('',#16828,#3713);
#2442=LINE('',#16831,#3714);
#2443=LINE('',#16832,#3715);
#2444=LINE('',#16835,#3716);
#2445=LINE('',#16836,#3717);
#2446=LINE('',#16853,#3718);
#2447=LINE('',#16856,#3719);
#2448=LINE('',#16857,#3720);
#2449=LINE('',#16874,#3721);
#2450=LINE('',#16877,#3722);
#2451=LINE('',#16878,#3723);
#2452=LINE('',#16881,#3724);
#2453=LINE('',#16882,#3725);
#2454=LINE('',#16885,#3726);
#2455=LINE('',#16886,#3727);
#2456=LINE('',#16888,#3728);
#2457=LINE('',#16917,#3729);
#2458=LINE('',#16932,#3730);
#2459=LINE('',#16935,#3731);
#2460=LINE('',#16936,#3732);
#2461=LINE('',#16947,#3733);
#2462=LINE('',#16950,#3734);
#2463=LINE('',#16951,#3735);
#2464=LINE('',#16971,#3736);
#2465=LINE('',#16974,#3737);
#2466=LINE('',#16975,#3738);
#2467=LINE('',#16978,#3739);
#2468=LINE('',#16979,#3740);
#2469=LINE('',#16982,#3741);
#2470=LINE('',#16983,#3742);
#2471=LINE('',#16986,#3743);
#2472=LINE('',#16987,#3744);
#2473=LINE('',#16990,#3745);
#2474=LINE('',#16991,#3746);
#2475=LINE('',#17011,#3747);
#2476=LINE('',#17014,#3748);
#2477=LINE('',#17015,#3749);
#2478=LINE('',#17032,#3750);
#2479=LINE('',#17035,#3751);
#2480=LINE('',#17036,#3752);
#2481=LINE('',#17039,#3753);
#2482=LINE('',#17040,#3754);
#2483=LINE('',#17043,#3755);
#2484=LINE('',#17044,#3756);
#2485=LINE('',#17047,#3757);
#2486=LINE('',#17048,#3758);
#2487=LINE('',#17068,#3759);
#2488=LINE('',#17071,#3760);
#2489=LINE('',#17072,#3761);
#2490=LINE('',#17075,#3762);
#2491=LINE('',#17076,#3763);
#2492=LINE('',#17117,#3764);
#2493=LINE('',#17120,#3765);
#2494=LINE('',#17121,#3766);
#2495=LINE('',#17124,#3767);
#2496=LINE('',#17125,#3768);
#2497=LINE('',#17128,#3769);
#2498=LINE('',#17129,#3770);
#2499=LINE('',#17146,#3771);
#2500=LINE('',#17149,#3772);
#2501=LINE('',#17150,#3773);
#2502=LINE('',#17167,#3774);
#2503=LINE('',#17170,#3775);
#2504=LINE('',#17171,#3776);
#2505=LINE('',#17174,#3777);
#2506=LINE('',#17175,#3778);
#2507=LINE('',#17177,#3779);
#2508=LINE('',#17242,#3780);
#2509=LINE('',#17275,#3781);
#2510=LINE('',#17278,#3782);
#2511=LINE('',#17279,#3783);
#2512=LINE('',#17282,#3784);
#2513=LINE('',#17283,#3785);
#2514=LINE('',#17286,#3786);
#2515=LINE('',#17287,#3787);
#2516=LINE('',#17355,#3788);
#2517=LINE('',#17358,#3789);
#2518=LINE('',#17359,#3790);
#2519=LINE('',#17362,#3791);
#2520=LINE('',#17363,#3792);
#2521=LINE('',#17365,#3793);
#2522=LINE('',#17394,#3794);
#2523=LINE('',#17409,#3795);
#2524=LINE('',#17412,#3796);
#2525=LINE('',#17413,#3797);
#2526=LINE('',#17416,#3798);
#2527=LINE('',#17417,#3799);
#2528=LINE('',#17420,#3800);
#2529=LINE('',#17421,#3801);
#2530=LINE('',#17435,#3802);
#2531=LINE('',#17438,#3803);
#2532=LINE('',#17439,#3804);
#2533=LINE('',#17442,#3805);
#2534=LINE('',#17443,#3806);
#2535=LINE('',#17460,#3807);
#2536=LINE('',#17463,#3808);
#2537=LINE('',#17464,#3809);
#2538=LINE('',#17467,#3810);
#2539=LINE('',#17468,#3811);
#2540=LINE('',#17471,#3812);
#2541=LINE('',#17472,#3813);
#2542=LINE('',#17489,#3814);
#2543=LINE('',#17492,#3815);
#2544=LINE('',#17493,#3816);
#2545=LINE('',#17552,#3817);
#2546=LINE('',#17555,#3818);
#2547=LINE('',#17556,#3819);
#2548=LINE('',#17559,#3820);
#2549=LINE('',#17560,#3821);
#2550=LINE('',#17563,#3822);
#2551=LINE('',#17564,#3823);
#2552=LINE('',#17596,#3824);
#2553=LINE('',#17599,#3825);
#2554=LINE('',#17600,#3826);
#2555=LINE('',#17603,#3827);
#2556=LINE('',#17604,#3828);
#2557=LINE('',#17607,#3829);
#2558=LINE('',#17608,#3830);
#2559=LINE('',#17611,#3831);
#2560=LINE('',#17612,#3832);
#2561=LINE('',#17615,#3833);
#2562=LINE('',#17616,#3834);
#2563=LINE('',#17618,#3835);
#2564=LINE('',#17622,#3836);
#2565=LINE('',#17624,#3837);
#2566=LINE('',#17625,#3838);
#2567=LINE('',#17628,#3839);
#2568=LINE('',#17629,#3840);
#2569=LINE('',#17632,#3841);
#2570=LINE('',#17633,#3842);
#2571=LINE('',#17636,#3843);
#2572=LINE('',#17637,#3844);
#2573=LINE('',#17640,#3845);
#2574=LINE('',#17641,#3846);
#2575=LINE('',#17644,#3847);
#2576=LINE('',#17645,#3848);
#2577=LINE('',#17647,#3849);
#2578=LINE('',#17706,#3850);
#2579=LINE('',#17736,#3851);
#2580=LINE('',#17739,#3852);
#2581=LINE('',#17740,#3853);
#2582=LINE('',#17743,#3854);
#2583=LINE('',#17744,#3855);
#2584=LINE('',#17747,#3856);
#2585=LINE('',#17748,#3857);
#2586=LINE('',#17798,#3858);
#2587=LINE('',#17801,#3859);
#2588=LINE('',#17802,#3860);
#2589=LINE('',#17805,#3861);
#2590=LINE('',#17806,#3862);
#2591=LINE('',#17809,#3863);
#2592=LINE('',#17810,#3864);
#2593=LINE('',#17851,#3865);
#2594=LINE('',#17854,#3866);
#2595=LINE('',#17855,#3867);
#2596=LINE('',#17858,#3868);
#2597=LINE('',#17859,#3869);
#2598=LINE('',#17862,#3870);
#2599=LINE('',#17863,#3871);
#2600=LINE('',#17904,#3872);
#2601=LINE('',#17907,#3873);
#2602=LINE('',#17908,#3874);
#2603=LINE('',#17911,#3875);
#2604=LINE('',#17912,#3876);
#2605=LINE('',#17914,#3877);
#2606=LINE('',#17919,#3878);
#2607=LINE('',#17921,#3879);
#2608=LINE('',#17923,#3880);
#2609=LINE('',#17924,#3881);
#2610=LINE('',#17927,#3882);
#2611=LINE('',#17929,#3883);
#2612=LINE('',#17930,#3884);
#2613=LINE('',#17933,#3885);
#2614=LINE('',#17935,#3886);
#2615=LINE('',#17936,#3887);
#2616=LINE('',#17939,#3888);
#2617=LINE('',#17941,#3889);
#2618=LINE('',#17942,#3890);
#2619=LINE('',#17945,#3891);
#2620=LINE('',#17947,#3892);
#2621=LINE('',#17948,#3893);
#2622=LINE('',#17951,#3894);
#2623=LINE('',#17953,#3895);
#2624=LINE('',#17954,#3896);
#2625=LINE('',#17957,#3897);
#2626=LINE('',#17959,#3898);
#2627=LINE('',#17960,#3899);
#2628=LINE('',#17963,#3900);
#2629=LINE('',#17965,#3901);
#2630=LINE('',#17966,#3902);
#2631=LINE('',#17982,#3903);
#2632=LINE('',#17984,#3904);
#2633=LINE('',#17985,#3905);
#2634=LINE('',#17988,#3906);
#2635=LINE('',#17989,#3907);
#2636=LINE('',#17992,#3908);
#2637=LINE('',#17993,#3909);
#2638=LINE('',#17996,#3910);
#2639=LINE('',#17997,#3911);
#2640=LINE('',#18000,#3912);
#2641=LINE('',#18001,#3913);
#2642=LINE('',#18004,#3914);
#2643=LINE('',#18005,#3915);
#2644=LINE('',#18007,#3916);
#2645=LINE('',#18012,#3917);
#2646=LINE('',#18014,#3918);
#2647=LINE('',#18016,#3919);
#2648=LINE('',#18020,#3920);
#2649=LINE('',#18022,#3921);
#2650=LINE('',#18023,#3922);
#2651=LINE('',#18026,#3923);
#2652=LINE('',#18027,#3924);
#2653=LINE('',#18030,#3925);
#2654=LINE('',#18031,#3926);
#2655=LINE('',#18040,#3927);
#2656=LINE('',#18042,#3928);
#2657=LINE('',#18044,#3929);
#2658=LINE('',#18045,#3930);
#2659=LINE('',#18048,#3931);
#2660=LINE('',#18050,#3932);
#2661=LINE('',#18051,#3933);
#2662=LINE('',#18054,#3934);
#2663=LINE('',#18055,#3935);
#2664=LINE('',#18058,#3936);
#2665=LINE('',#18059,#3937);
#2666=LINE('',#18061,#3938);
#2667=LINE('',#18066,#3939);
#2668=LINE('',#18068,#3940);
#2669=LINE('',#18070,#3941);
#2670=LINE('',#18071,#3942);
#2671=LINE('',#18074,#3943);
#2672=LINE('',#18076,#3944);
#2673=LINE('',#18077,#3945);
#2674=LINE('',#18080,#3946);
#2675=LINE('',#18081,#3947);
#2676=LINE('',#18084,#3948);
#2677=LINE('',#18085,#3949);
#2678=LINE('',#18087,#3950);
#2679=LINE('',#18092,#3951);
#2680=LINE('',#18094,#3952);
#2681=LINE('',#18096,#3953);
#2682=LINE('',#18097,#3954);
#2683=LINE('',#18100,#3955);
#2684=LINE('',#18102,#3956);
#2685=LINE('',#18103,#3957);
#2686=LINE('',#18106,#3958);
#2687=LINE('',#18107,#3959);
#2688=LINE('',#18110,#3960);
#2689=LINE('',#18111,#3961);
#2690=LINE('',#18113,#3962);
#2691=LINE('',#18118,#3963);
#2692=LINE('',#18120,#3964);
#2693=LINE('',#18122,#3965);
#2694=LINE('',#18123,#3966);
#2695=LINE('',#18126,#3967);
#2696=LINE('',#18128,#3968);
#2697=LINE('',#18129,#3969);
#2698=LINE('',#18132,#3970);
#2699=LINE('',#18133,#3971);
#2700=LINE('',#18136,#3972);
#2701=LINE('',#18137,#3973);
#2702=LINE('',#18139,#3974);
#2703=LINE('',#18144,#3975);
#2704=LINE('',#18146,#3976);
#2705=LINE('',#18148,#3977);
#2706=LINE('',#18149,#3978);
#2707=LINE('',#18152,#3979);
#2708=LINE('',#18154,#3980);
#2709=LINE('',#18155,#3981);
#2710=LINE('',#18158,#3982);
#2711=LINE('',#18159,#3983);
#2712=LINE('',#18162,#3984);
#2713=LINE('',#18163,#3985);
#2714=LINE('',#18165,#3986);
#2715=LINE('',#18170,#3987);
#2716=LINE('',#18172,#3988);
#2717=LINE('',#18174,#3989);
#2718=LINE('',#18175,#3990);
#2719=LINE('',#18178,#3991);
#2720=LINE('',#18180,#3992);
#2721=LINE('',#18181,#3993);
#2722=LINE('',#18184,#3994);
#2723=LINE('',#18185,#3995);
#2724=LINE('',#18188,#3996);
#2725=LINE('',#18189,#3997);
#2726=LINE('',#18191,#3998);
#2727=LINE('',#18196,#3999);
#2728=LINE('',#18198,#4000);
#2729=LINE('',#18200,#4001);
#2730=LINE('',#18201,#4002);
#2731=LINE('',#18204,#4003);
#2732=LINE('',#18206,#4004);
#2733=LINE('',#18207,#4005);
#2734=LINE('',#18210,#4006);
#2735=LINE('',#18211,#4007);
#2736=LINE('',#18214,#4008);
#2737=LINE('',#18215,#4009);
#2738=LINE('',#18217,#4010);
#2739=LINE('',#18222,#4011);
#2740=LINE('',#18224,#4012);
#2741=LINE('',#18226,#4013);
#2742=LINE('',#18227,#4014);
#2743=LINE('',#18230,#4015);
#2744=LINE('',#18232,#4016);
#2745=LINE('',#18233,#4017);
#2746=LINE('',#18236,#4018);
#2747=LINE('',#18237,#4019);
#2748=LINE('',#18240,#4020);
#2749=LINE('',#18241,#4021);
#2750=LINE('',#18243,#4022);
#2751=LINE('',#18248,#4023);
#2752=LINE('',#18250,#4024);
#2753=LINE('',#18252,#4025);
#2754=LINE('',#18253,#4026);
#2755=LINE('',#18257,#4027);
#2756=LINE('',#18258,#4028);
#2757=LINE('',#18259,#4029);
#2758=LINE('',#18262,#4030);
#2759=LINE('',#18263,#4031);
#2760=LINE('',#18266,#4032);
#2761=LINE('',#18267,#4033);
#2762=LINE('',#18269,#4034);
#2763=LINE('',#18274,#4035);
#2764=LINE('',#18276,#4036);
#2765=LINE('',#18278,#4037);
#2766=LINE('',#18279,#4038);
#2767=LINE('',#18282,#4039);
#2768=LINE('',#18284,#4040);
#2769=LINE('',#18285,#4041);
#2770=LINE('',#18288,#4042);
#2771=LINE('',#18289,#4043);
#2772=LINE('',#18292,#4044);
#2773=LINE('',#18293,#4045);
#2774=LINE('',#18295,#4046);
#2775=LINE('',#18300,#4047);
#2776=LINE('',#18302,#4048);
#2777=LINE('',#18304,#4049);
#2778=LINE('',#18305,#4050);
#2779=LINE('',#18308,#4051);
#2780=LINE('',#18310,#4052);
#2781=LINE('',#18311,#4053);
#2782=LINE('',#18314,#4054);
#2783=LINE('',#18315,#4055);
#2784=LINE('',#18318,#4056);
#2785=LINE('',#18319,#4057);
#2786=LINE('',#18321,#4058);
#2787=LINE('',#18326,#4059);
#2788=LINE('',#18328,#4060);
#2789=LINE('',#18330,#4061);
#2790=LINE('',#18331,#4062);
#2791=LINE('',#18334,#4063);
#2792=LINE('',#18336,#4064);
#2793=LINE('',#18337,#4065);
#2794=LINE('',#18340,#4066);
#2795=LINE('',#18341,#4067);
#2796=LINE('',#18344,#4068);
#2797=LINE('',#18345,#4069);
#2798=LINE('',#18347,#4070);
#2799=LINE('',#18352,#4071);
#2800=LINE('',#18354,#4072);
#2801=LINE('',#18356,#4073);
#2802=LINE('',#18357,#4074);
#2803=LINE('',#18361,#4075);
#2804=LINE('',#18362,#4076);
#2805=LINE('',#18363,#4077);
#2806=LINE('',#18366,#4078);
#2807=LINE('',#18367,#4079);
#2808=LINE('',#18370,#4080);
#2809=LINE('',#18371,#4081);
#2810=LINE('',#18373,#4082);
#2811=LINE('',#18378,#4083);
#2812=LINE('',#18380,#4084);
#2813=LINE('',#18382,#4085);
#2814=LINE('',#18383,#4086);
#2815=LINE('',#18386,#4087);
#2816=LINE('',#18388,#4088);
#2817=LINE('',#18389,#4089);
#2818=LINE('',#18392,#4090);
#2819=LINE('',#18393,#4091);
#2820=LINE('',#18396,#4092);
#2821=LINE('',#18397,#4093);
#2822=LINE('',#18399,#4094);
#2823=LINE('',#18404,#4095);
#2824=LINE('',#18406,#4096);
#2825=LINE('',#18408,#4097);
#2826=LINE('',#18409,#4098);
#2827=LINE('',#18412,#4099);
#2828=LINE('',#18414,#4100);
#2829=LINE('',#18415,#4101);
#2830=LINE('',#18418,#4102);
#2831=LINE('',#18419,#4103);
#2832=LINE('',#18422,#4104);
#2833=LINE('',#18423,#4105);
#2834=LINE('',#18425,#4106);
#2835=LINE('',#18430,#4107);
#2836=LINE('',#18432,#4108);
#2837=LINE('',#18434,#4109);
#2838=LINE('',#18435,#4110);
#2839=LINE('',#18439,#4111);
#2840=LINE('',#18440,#4112);
#2841=LINE('',#18441,#4113);
#2842=LINE('',#18444,#4114);
#2843=LINE('',#18445,#4115);
#2844=LINE('',#18448,#4116);
#2845=LINE('',#18449,#4117);
#2846=LINE('',#18451,#4118);
#2847=LINE('',#18456,#4119);
#2848=LINE('',#18458,#4120);
#2849=LINE('',#18460,#4121);
#2850=LINE('',#18461,#4122);
#2851=LINE('',#18464,#4123);
#2852=LINE('',#18466,#4124);
#2853=LINE('',#18467,#4125);
#2854=LINE('',#18470,#4126);
#2855=LINE('',#18471,#4127);
#2856=LINE('',#18474,#4128);
#2857=LINE('',#18475,#4129);
#2858=LINE('',#18477,#4130);
#2859=LINE('',#18482,#4131);
#2860=LINE('',#18484,#4132);
#2861=LINE('',#18486,#4133);
#2862=LINE('',#18487,#4134);
#2863=LINE('',#18490,#4135);
#2864=LINE('',#18492,#4136);
#2865=LINE('',#18493,#4137);
#2866=LINE('',#18496,#4138);
#2867=LINE('',#18497,#4139);
#2868=LINE('',#18500,#4140);
#2869=LINE('',#18501,#4141);
#2870=LINE('',#18503,#4142);
#2871=LINE('',#18508,#4143);
#2872=LINE('',#18510,#4144);
#2873=LINE('',#18512,#4145);
#2874=LINE('',#18513,#4146);
#2875=LINE('',#18516,#4147);
#2876=LINE('',#18518,#4148);
#2877=LINE('',#18519,#4149);
#2878=LINE('',#18522,#4150);
#2879=LINE('',#18523,#4151);
#2880=LINE('',#18526,#4152);
#2881=LINE('',#18527,#4153);
#2882=LINE('',#18529,#4154);
#2883=LINE('',#18534,#4155);
#2884=LINE('',#18536,#4156);
#2885=LINE('',#18538,#4157);
#2886=LINE('',#18539,#4158);
#2887=LINE('',#18543,#4159);
#2888=LINE('',#18544,#4160);
#2889=LINE('',#18545,#4161);
#2890=LINE('',#18548,#4162);
#2891=LINE('',#18549,#4163);
#2892=LINE('',#18552,#4164);
#2893=LINE('',#18553,#4165);
#2894=LINE('',#18555,#4166);
#2895=LINE('',#18560,#4167);
#2896=LINE('',#18562,#4168);
#2897=LINE('',#18564,#4169);
#2898=LINE('',#18565,#4170);
#2899=LINE('',#18568,#4171);
#2900=LINE('',#18570,#4172);
#2901=LINE('',#18571,#4173);
#2902=LINE('',#18574,#4174);
#2903=LINE('',#18575,#4175);
#2904=LINE('',#18578,#4176);
#2905=LINE('',#18579,#4177);
#2906=LINE('',#18581,#4178);
#2907=LINE('',#18586,#4179);
#2908=LINE('',#18588,#4180);
#2909=LINE('',#18590,#4181);
#2910=LINE('',#18591,#4182);
#2911=LINE('',#18594,#4183);
#2912=LINE('',#18596,#4184);
#2913=LINE('',#18597,#4185);
#2914=LINE('',#18600,#4186);
#2915=LINE('',#18601,#4187);
#2916=LINE('',#18604,#4188);
#2917=LINE('',#18605,#4189);
#2918=LINE('',#18607,#4190);
#2919=LINE('',#18612,#4191);
#2920=LINE('',#18614,#4192);
#2921=LINE('',#18616,#4193);
#2922=LINE('',#18617,#4194);
#2923=LINE('',#18620,#4195);
#2924=LINE('',#18622,#4196);
#2925=LINE('',#18623,#4197);
#2926=LINE('',#18626,#4198);
#2927=LINE('',#18627,#4199);
#2928=LINE('',#18630,#4200);
#2929=LINE('',#18631,#4201);
#2930=LINE('',#18633,#4202);
#2931=LINE('',#18638,#4203);
#2932=LINE('',#18640,#4204);
#2933=LINE('',#18642,#4205);
#2934=LINE('',#18643,#4206);
#2935=LINE('',#18646,#4207);
#2936=LINE('',#18648,#4208);
#2937=LINE('',#18649,#4209);
#2938=LINE('',#18652,#4210);
#2939=LINE('',#18653,#4211);
#2940=LINE('',#18656,#4212);
#2941=LINE('',#18657,#4213);
#2942=LINE('',#18659,#4214);
#2943=LINE('',#18664,#4215);
#2944=LINE('',#18666,#4216);
#2945=LINE('',#18668,#4217);
#2946=LINE('',#18669,#4218);
#2947=LINE('',#18673,#4219);
#2948=LINE('',#18674,#4220);
#2949=LINE('',#18675,#4221);
#2950=LINE('',#18678,#4222);
#2951=LINE('',#18679,#4223);
#2952=LINE('',#18682,#4224);
#2953=LINE('',#18683,#4225);
#2954=LINE('',#18685,#4226);
#2955=LINE('',#18690,#4227);
#2956=LINE('',#18692,#4228);
#2957=LINE('',#18694,#4229);
#2958=LINE('',#18695,#4230);
#2959=LINE('',#18698,#4231);
#2960=LINE('',#18700,#4232);
#2961=LINE('',#18701,#4233);
#2962=LINE('',#18704,#4234);
#2963=LINE('',#18705,#4235);
#2964=LINE('',#18708,#4236);
#2965=LINE('',#18709,#4237);
#2966=LINE('',#18711,#4238);
#2967=LINE('',#18716,#4239);
#2968=LINE('',#18718,#4240);
#2969=LINE('',#18720,#4241);
#2970=LINE('',#18721,#4242);
#2971=LINE('',#18724,#4243);
#2972=LINE('',#18726,#4244);
#2973=LINE('',#18727,#4245);
#2974=LINE('',#18730,#4246);
#2975=LINE('',#18731,#4247);
#2976=LINE('',#18734,#4248);
#2977=LINE('',#18735,#4249);
#2978=LINE('',#18737,#4250);
#2979=LINE('',#18742,#4251);
#2980=LINE('',#18744,#4252);
#2981=LINE('',#18746,#4253);
#2982=LINE('',#18747,#4254);
#2983=LINE('',#18751,#4255);
#2984=LINE('',#18752,#4256);
#2985=LINE('',#18753,#4257);
#2986=LINE('',#18756,#4258);
#2987=LINE('',#18757,#4259);
#2988=LINE('',#18760,#4260);
#2989=LINE('',#18761,#4261);
#2990=LINE('',#18763,#4262);
#2991=LINE('',#18768,#4263);
#2992=LINE('',#18770,#4264);
#2993=LINE('',#18772,#4265);
#2994=LINE('',#18773,#4266);
#2995=LINE('',#18776,#4267);
#2996=LINE('',#18778,#4268);
#2997=LINE('',#18779,#4269);
#2998=LINE('',#18782,#4270);
#2999=LINE('',#18783,#4271);
#3000=LINE('',#18786,#4272);
#3001=LINE('',#18787,#4273);
#3002=LINE('',#18789,#4274);
#3003=LINE('',#18794,#4275);
#3004=LINE('',#18796,#4276);
#3005=LINE('',#18798,#4277);
#3006=LINE('',#18799,#4278);
#3007=LINE('',#18802,#4279);
#3008=LINE('',#18804,#4280);
#3009=LINE('',#18805,#4281);
#3010=LINE('',#18808,#4282);
#3011=LINE('',#18809,#4283);
#3012=LINE('',#18812,#4284);
#3013=LINE('',#18813,#4285);
#3014=LINE('',#18815,#4286);
#3015=LINE('',#18820,#4287);
#3016=LINE('',#18822,#4288);
#3017=LINE('',#18824,#4289);
#3018=LINE('',#18825,#4290);
#3019=LINE('',#18828,#4291);
#3020=LINE('',#18830,#4292);
#3021=LINE('',#18831,#4293);
#3022=LINE('',#18834,#4294);
#3023=LINE('',#18835,#4295);
#3024=LINE('',#18838,#4296);
#3025=LINE('',#18839,#4297);
#3026=LINE('',#18841,#4298);
#3027=LINE('',#18846,#4299);
#3028=LINE('',#18848,#4300);
#3029=LINE('',#18850,#4301);
#3030=LINE('',#18851,#4302);
#3031=LINE('',#18854,#4303);
#3032=LINE('',#18856,#4304);
#3033=LINE('',#18857,#4305);
#3034=LINE('',#18860,#4306);
#3035=LINE('',#18861,#4307);
#3036=LINE('',#18864,#4308);
#3037=LINE('',#18865,#4309);
#3038=LINE('',#18867,#4310);
#3039=LINE('',#18872,#4311);
#3040=LINE('',#18874,#4312);
#3041=LINE('',#18876,#4313);
#3042=LINE('',#18877,#4314);
#3043=LINE('',#18880,#4315);
#3044=LINE('',#18882,#4316);
#3045=LINE('',#18883,#4317);
#3046=LINE('',#18886,#4318);
#3047=LINE('',#18887,#4319);
#3048=LINE('',#18890,#4320);
#3049=LINE('',#18891,#4321);
#3050=LINE('',#18893,#4322);
#3051=LINE('',#18898,#4323);
#3052=LINE('',#18900,#4324);
#3053=LINE('',#18902,#4325);
#3054=LINE('',#18903,#4326);
#3055=LINE('',#18907,#4327);
#3056=LINE('',#18908,#4328);
#3057=LINE('',#18909,#4329);
#3058=LINE('',#18912,#4330);
#3059=LINE('',#18913,#4331);
#3060=LINE('',#18916,#4332);
#3061=LINE('',#18917,#4333);
#3062=LINE('',#18919,#4334);
#3063=LINE('',#18924,#4335);
#3064=LINE('',#18926,#4336);
#3065=LINE('',#18928,#4337);
#3066=LINE('',#18929,#4338);
#3067=LINE('',#18932,#4339);
#3068=LINE('',#18934,#4340);
#3069=LINE('',#18935,#4341);
#3070=LINE('',#18938,#4342);
#3071=LINE('',#18939,#4343);
#3072=LINE('',#18942,#4344);
#3073=LINE('',#18943,#4345);
#3074=LINE('',#18945,#4346);
#3075=LINE('',#18950,#4347);
#3076=LINE('',#18952,#4348);
#3077=LINE('',#18954,#4349);
#3078=LINE('',#18955,#4350);
#3079=LINE('',#18958,#4351);
#3080=LINE('',#18960,#4352);
#3081=LINE('',#18961,#4353);
#3082=LINE('',#18964,#4354);
#3083=LINE('',#18965,#4355);
#3084=LINE('',#18968,#4356);
#3085=LINE('',#18969,#4357);
#3086=LINE('',#18971,#4358);
#3087=LINE('',#18976,#4359);
#3088=LINE('',#18978,#4360);
#3089=LINE('',#18980,#4361);
#3090=LINE('',#18981,#4362);
#3091=LINE('',#18984,#4363);
#3092=LINE('',#18986,#4364);
#3093=LINE('',#18987,#4365);
#3094=LINE('',#18990,#4366);
#3095=LINE('',#18991,#4367);
#3096=LINE('',#18994,#4368);
#3097=LINE('',#18995,#4369);
#3098=LINE('',#18997,#4370);
#3099=LINE('',#19002,#4371);
#3100=LINE('',#19004,#4372);
#3101=LINE('',#19006,#4373);
#3102=LINE('',#19007,#4374);
#3103=LINE('',#19010,#4375);
#3104=LINE('',#19012,#4376);
#3105=LINE('',#19013,#4377);
#3106=LINE('',#19016,#4378);
#3107=LINE('',#19017,#4379);
#3108=LINE('',#19020,#4380);
#3109=LINE('',#19021,#4381);
#3110=LINE('',#19023,#4382);
#3111=LINE('',#19028,#4383);
#3112=LINE('',#19030,#4384);
#3113=LINE('',#19032,#4385);
#3114=LINE('',#19033,#4386);
#3115=LINE('',#19036,#4387);
#3116=LINE('',#19038,#4388);
#3117=LINE('',#19039,#4389);
#3118=LINE('',#19042,#4390);
#3119=LINE('',#19043,#4391);
#3120=LINE('',#19046,#4392);
#3121=LINE('',#19047,#4393);
#3122=LINE('',#19049,#4394);
#3123=LINE('',#19054,#4395);
#3124=LINE('',#19056,#4396);
#3125=LINE('',#19058,#4397);
#3126=LINE('',#19059,#4398);
#3127=LINE('',#19062,#4399);
#3128=LINE('',#19064,#4400);
#3129=LINE('',#19065,#4401);
#3130=LINE('',#19068,#4402);
#3131=LINE('',#19069,#4403);
#3132=LINE('',#19072,#4404);
#3133=LINE('',#19073,#4405);
#3134=LINE('',#19075,#4406);
#3135=LINE('',#19080,#4407);
#3136=LINE('',#19082,#4408);
#3137=LINE('',#19084,#4409);
#3138=LINE('',#19085,#4410);
#3139=LINE('',#19089,#4411);
#3140=LINE('',#19090,#4412);
#3141=LINE('',#19091,#4413);
#3142=LINE('',#19094,#4414);
#3143=LINE('',#19095,#4415);
#3144=LINE('',#19098,#4416);
#3145=LINE('',#19099,#4417);
#3146=LINE('',#19101,#4418);
#3147=LINE('',#19106,#4419);
#3148=LINE('',#19108,#4420);
#3149=LINE('',#19110,#4421);
#3150=LINE('',#19111,#4422);
#3151=LINE('',#19114,#4423);
#3152=LINE('',#19116,#4424);
#3153=LINE('',#19117,#4425);
#3154=LINE('',#19120,#4426);
#3155=LINE('',#19121,#4427);
#3156=LINE('',#19124,#4428);
#3157=LINE('',#19125,#4429);
#3158=LINE('',#19127,#4430);
#3159=LINE('',#19132,#4431);
#3160=LINE('',#19134,#4432);
#3161=LINE('',#19136,#4433);
#3162=LINE('',#19137,#4434);
#3163=LINE('',#19140,#4435);
#3164=LINE('',#19142,#4436);
#3165=LINE('',#19143,#4437);
#3166=LINE('',#19146,#4438);
#3167=LINE('',#19147,#4439);
#3168=LINE('',#19150,#4440);
#3169=LINE('',#19151,#4441);
#3170=LINE('',#19153,#4442);
#3171=LINE('',#19158,#4443);
#3172=LINE('',#19160,#4444);
#3173=LINE('',#19162,#4445);
#3174=LINE('',#19163,#4446);
#3175=LINE('',#19166,#4447);
#3176=LINE('',#19168,#4448);
#3177=LINE('',#19169,#4449);
#3178=LINE('',#19172,#4450);
#3179=LINE('',#19173,#4451);
#3180=LINE('',#19176,#4452);
#3181=LINE('',#19177,#4453);
#3182=LINE('',#19179,#4454);
#3183=LINE('',#19184,#4455);
#3184=LINE('',#19186,#4456);
#3185=LINE('',#19188,#4457);
#3186=LINE('',#19189,#4458);
#3187=LINE('',#19192,#4459);
#3188=LINE('',#19194,#4460);
#3189=LINE('',#19195,#4461);
#3190=LINE('',#19198,#4462);
#3191=LINE('',#19199,#4463);
#3192=LINE('',#19202,#4464);
#3193=LINE('',#19203,#4465);
#3194=LINE('',#19205,#4466);
#3195=LINE('',#19210,#4467);
#3196=LINE('',#19212,#4468);
#3197=LINE('',#19214,#4469);
#3198=LINE('',#19215,#4470);
#3199=LINE('',#19218,#4471);
#3200=LINE('',#19220,#4472);
#3201=LINE('',#19221,#4473);
#3202=LINE('',#19224,#4474);
#3203=LINE('',#19225,#4475);
#3204=LINE('',#19228,#4476);
#3205=LINE('',#19229,#4477);
#3206=LINE('',#19231,#4478);
#3207=LINE('',#19236,#4479);
#3208=LINE('',#19238,#4480);
#3209=LINE('',#19240,#4481);
#3210=LINE('',#19241,#4482);
#3211=LINE('',#19244,#4483);
#3212=LINE('',#19246,#4484);
#3213=LINE('',#19247,#4485);
#3214=LINE('',#19250,#4486);
#3215=LINE('',#19251,#4487);
#3216=LINE('',#19254,#4488);
#3217=LINE('',#19255,#4489);
#3218=LINE('',#19257,#4490);
#3219=LINE('',#19262,#4491);
#3220=LINE('',#19264,#4492);
#3221=LINE('',#19266,#4493);
#3222=LINE('',#19267,#4494);
#3223=LINE('',#19270,#4495);
#3224=LINE('',#19272,#4496);
#3225=LINE('',#19273,#4497);
#3226=LINE('',#19276,#4498);
#3227=LINE('',#19277,#4499);
#3228=LINE('',#19280,#4500);
#3229=LINE('',#19281,#4501);
#3230=LINE('',#19283,#4502);
#3231=LINE('',#19288,#4503);
#3232=LINE('',#19290,#4504);
#3233=LINE('',#19292,#4505);
#3234=LINE('',#19293,#4506);
#3235=LINE('',#19297,#4507);
#3236=LINE('',#19298,#4508);
#3237=LINE('',#19299,#4509);
#3238=LINE('',#19302,#4510);
#3239=LINE('',#19303,#4511);
#3240=LINE('',#19306,#4512);
#3241=LINE('',#19307,#4513);
#3242=LINE('',#19309,#4514);
#3243=LINE('',#19314,#4515);
#3244=LINE('',#19316,#4516);
#3245=LINE('',#19318,#4517);
#3246=LINE('',#19319,#4518);
#3247=LINE('',#19322,#4519);
#3248=LINE('',#19324,#4520);
#3249=LINE('',#19325,#4521);
#3250=LINE('',#19328,#4522);
#3251=LINE('',#19329,#4523);
#3252=LINE('',#19332,#4524);
#3253=LINE('',#19333,#4525);
#3254=LINE('',#19335,#4526);
#3255=LINE('',#19340,#4527);
#3256=LINE('',#19342,#4528);
#3257=LINE('',#19344,#4529);
#3258=LINE('',#19345,#4530);
#3259=LINE('',#19349,#4531);
#3260=LINE('',#19350,#4532);
#3261=LINE('',#19351,#4533);
#3262=LINE('',#19354,#4534);
#3263=LINE('',#19355,#4535);
#3264=LINE('',#19358,#4536);
#3265=LINE('',#19359,#4537);
#3266=LINE('',#19361,#4538);
#3267=LINE('',#19366,#4539);
#3268=LINE('',#19368,#4540);
#3269=LINE('',#19370,#4541);
#3270=LINE('',#19371,#4542);
#3271=LINE('',#19374,#4543);
#3272=LINE('',#19376,#4544);
#3273=LINE('',#19377,#4545);
#3274=LINE('',#19380,#4546);
#3275=LINE('',#19381,#4547);
#3276=LINE('',#19384,#4548);
#3277=LINE('',#19385,#4549);
#3278=LINE('',#19387,#4550);
#3279=LINE('',#19392,#4551);
#3280=LINE('',#19394,#4552);
#3281=LINE('',#19396,#4553);
#3282=LINE('',#19397,#4554);
#3283=LINE('',#19400,#4555);
#3284=LINE('',#19402,#4556);
#3285=LINE('',#19403,#4557);
#3286=LINE('',#19406,#4558);
#3287=LINE('',#19407,#4559);
#3288=LINE('',#19410,#4560);
#3289=LINE('',#19411,#4561);
#3290=LINE('',#19413,#4562);
#3291=LINE('',#19418,#4563);
#3292=LINE('',#19420,#4564);
#3293=LINE('',#19422,#4565);
#3294=LINE('',#19423,#4566);
#3295=LINE('',#19426,#4567);
#3296=LINE('',#19428,#4568);
#3297=LINE('',#19429,#4569);
#3298=LINE('',#19432,#4570);
#3299=LINE('',#19433,#4571);
#3300=LINE('',#19436,#4572);
#3301=LINE('',#19437,#4573);
#3302=LINE('',#19439,#4574);
#3303=LINE('',#19444,#4575);
#3304=LINE('',#19446,#4576);
#3305=LINE('',#19448,#4577);
#3306=LINE('',#19449,#4578);
#3307=LINE('',#19453,#4579);
#3308=LINE('',#19454,#4580);
#3309=LINE('',#19455,#4581);
#3310=LINE('',#19458,#4582);
#3311=LINE('',#19459,#4583);
#3312=LINE('',#19462,#4584);
#3313=LINE('',#19463,#4585);
#3314=LINE('',#19465,#4586);
#3315=LINE('',#19470,#4587);
#3316=LINE('',#19472,#4588);
#3317=LINE('',#19474,#4589);
#3318=LINE('',#19475,#4590);
#3319=LINE('',#19478,#4591);
#3320=LINE('',#19480,#4592);
#3321=LINE('',#19481,#4593);
#3322=LINE('',#19484,#4594);
#3323=LINE('',#19485,#4595);
#3324=LINE('',#19488,#4596);
#3325=LINE('',#19489,#4597);
#3326=LINE('',#19491,#4598);
#3327=LINE('',#19496,#4599);
#3328=LINE('',#19498,#4600);
#3329=LINE('',#19500,#4601);
#3330=LINE('',#19501,#4602);
#3331=LINE('',#19504,#4603);
#3332=LINE('',#19506,#4604);
#3333=LINE('',#19507,#4605);
#3334=LINE('',#19510,#4606);
#3335=LINE('',#19511,#4607);
#3336=LINE('',#19514,#4608);
#3337=LINE('',#19515,#4609);
#3338=LINE('',#19517,#4610);
#3339=LINE('',#19522,#4611);
#3340=LINE('',#19524,#4612);
#3341=LINE('',#19526,#4613);
#3342=LINE('',#19527,#4614);
#3343=LINE('',#19531,#4615);
#3344=LINE('',#19532,#4616);
#3345=LINE('',#19533,#4617);
#3346=LINE('',#19536,#4618);
#3347=LINE('',#19537,#4619);
#3348=LINE('',#19540,#4620);
#3349=LINE('',#19541,#4621);
#3350=LINE('',#19543,#4622);
#3351=LINE('',#19548,#4623);
#3352=LINE('',#19550,#4624);
#3353=LINE('',#19552,#4625);
#3354=LINE('',#19553,#4626);
#3355=LINE('',#19556,#4627);
#3356=LINE('',#19558,#4628);
#3357=LINE('',#19559,#4629);
#3358=LINE('',#19562,#4630);
#3359=LINE('',#19563,#4631);
#3360=LINE('',#19566,#4632);
#3361=LINE('',#19567,#4633);
#3362=LINE('',#19569,#4634);
#3363=LINE('',#19574,#4635);
#3364=LINE('',#19576,#4636);
#3365=LINE('',#19578,#4637);
#3366=LINE('',#19579,#4638);
#3367=LINE('',#19582,#4639);
#3368=LINE('',#19584,#4640);
#3369=LINE('',#19585,#4641);
#3370=LINE('',#19588,#4642);
#3371=LINE('',#19589,#4643);
#3372=LINE('',#19592,#4644);
#3373=LINE('',#19593,#4645);
#3374=LINE('',#19595,#4646);
#3375=LINE('',#19600,#4647);
#3376=LINE('',#19602,#4648);
#3377=LINE('',#19604,#4649);
#3378=LINE('',#19605,#4650);
#3379=LINE('',#19608,#4651);
#3380=LINE('',#19610,#4652);
#3381=LINE('',#19611,#4653);
#3382=LINE('',#19614,#4654);
#3383=LINE('',#19615,#4655);
#3384=LINE('',#19618,#4656);
#3385=LINE('',#19619,#4657);
#3386=LINE('',#19621,#4658);
#3387=LINE('',#19626,#4659);
#3388=LINE('',#19628,#4660);
#3389=LINE('',#19630,#4661);
#3390=LINE('',#19631,#4662);
#3391=LINE('',#19635,#4663);
#3392=LINE('',#19636,#4664);
#3393=LINE('',#19637,#4665);
#3394=LINE('',#19640,#4666);
#3395=LINE('',#19641,#4667);
#3396=LINE('',#19644,#4668);
#3397=LINE('',#19645,#4669);
#3398=LINE('',#19647,#4670);
#3399=LINE('',#19652,#4671);
#3400=LINE('',#19654,#4672);
#3401=LINE('',#19656,#4673);
#3402=LINE('',#19657,#4674);
#3403=LINE('',#19660,#4675);
#3404=LINE('',#19662,#4676);
#3405=LINE('',#19663,#4677);
#3406=LINE('',#19666,#4678);
#3407=LINE('',#19667,#4679);
#3408=LINE('',#19670,#4680);
#3409=LINE('',#19671,#4681);
#3410=LINE('',#19673,#4682);
#3411=LINE('',#19678,#4683);
#3412=LINE('',#19680,#4684);
#3413=LINE('',#19682,#4685);
#3414=LINE('',#19683,#4686);
#3415=LINE('',#19686,#4687);
#3416=LINE('',#19688,#4688);
#3417=LINE('',#19689,#4689);
#3418=LINE('',#19692,#4690);
#3419=LINE('',#19693,#4691);
#3420=LINE('',#19696,#4692);
#3421=LINE('',#19697,#4693);
#3422=LINE('',#19699,#4694);
#3423=LINE('',#19704,#4695);
#3424=LINE('',#19708,#4696);
#3425=LINE('',#19712,#4697);
#3426=LINE('',#19716,#4698);
#3427=LINE('',#19721,#4699);
#3428=LINE('',#19723,#4700);
#3429=LINE('',#19725,#4701);
#3430=LINE('',#19726,#4702);
#3431=LINE('',#19732,#4703);
#3432=LINE('',#19736,#4704);
#3433=LINE('',#19740,#4705);
#3434=LINE('',#19743,#4706);
#3435=LINE('',#19746,#4707);
#3436=LINE('',#19748,#4708);
#3437=LINE('',#19750,#4709);
#3438=LINE('',#19751,#4710);
#3439=LINE('',#19753,#4711);
#3440=LINE('',#19754,#4712);
#3441=LINE('',#19756,#4713);
#3442=LINE('',#19758,#4714);
#3443=LINE('',#19760,#4715);
#3444=LINE('',#19762,#4716);
#3445=LINE('',#19763,#4717);
#3446=LINE('',#19765,#4718);
#3447=LINE('',#19767,#4719);
#3448=LINE('',#19770,#4720);
#3449=LINE('',#19772,#4721);
#3450=LINE('',#19774,#4722);
#3451=VECTOR('',#12509,10.);
#3452=VECTOR('',#12512,10.);
#3453=VECTOR('',#12515,10.);
#3454=VECTOR('',#12518,10.);
#3455=VECTOR('',#12523,10.);
#3456=VECTOR('',#12526,10.);
#3457=VECTOR('',#12529,10.);
#3458=VECTOR('',#12532,10.);
#3459=VECTOR('',#12535,10.);
#3460=VECTOR('',#12536,10.);
#3461=VECTOR('',#12537,10.);
#3462=VECTOR('',#12540,10.);
#3463=VECTOR('',#12545,10.);
#3464=VECTOR('',#12546,10.);
#3465=VECTOR('',#12549,10.);
#3466=VECTOR('',#12554,10.);
#3467=VECTOR('',#12555,10.);
#3468=VECTOR('',#12558,10.);
#3469=VECTOR('',#12563,10.);
#3470=VECTOR('',#12564,10.);
#3471=VECTOR('',#12575,10.);
#3472=VECTOR('',#12578,10.);
#3473=VECTOR('',#12581,10.);
#3474=VECTOR('',#12584,10.);
#3475=VECTOR('',#12587,10.);
#3476=VECTOR('',#12588,10.);
#3477=VECTOR('',#12591,10.);
#3478=VECTOR('',#12594,10.);
#3479=VECTOR('',#12597,10.);
#3480=VECTOR('',#12600,10.);
#3481=VECTOR('',#12603,10.);
#3482=VECTOR('',#12606,10.);
#3483=VECTOR('',#12613,10.);
#3484=VECTOR('',#12614,10.);
#3485=VECTOR('',#12615,10.);
#3486=VECTOR('',#12616,10.);
#3487=VECTOR('',#12619,10.);
#3488=VECTOR('',#12620,10.);
#3489=VECTOR('',#12621,10.);
#3490=VECTOR('',#12624,10.);
#3491=VECTOR('',#12625,10.);
#3492=VECTOR('',#12626,10.);
#3493=VECTOR('',#12629,10.);
#3494=VECTOR('',#12630,10.);
#3495=VECTOR('',#12639,10.);
#3496=VECTOR('',#12640,10.);
#3497=VECTOR('',#12641,10.);
#3498=VECTOR('',#12642,10.);
#3499=VECTOR('',#12645,10.);
#3500=VECTOR('',#12646,10.);
#3501=VECTOR('',#12647,10.);
#3502=VECTOR('',#12650,10.);
#3503=VECTOR('',#12651,10.);
#3504=VECTOR('',#12652,10.);
#3505=VECTOR('',#12655,10.);
#3506=VECTOR('',#12656,10.);
#3507=VECTOR('',#12669,1000.);
#3508=VECTOR('',#12672,1000.);
#3509=VECTOR('',#12677,2.1);
#3510=VECTOR('',#12684,1.2);
#3511=VECTOR('',#12691,2.1);
#3512=VECTOR('',#12698,1.2);
#3513=VECTOR('',#12705,1000.);
#3514=VECTOR('',#12708,1000.);
#3515=VECTOR('',#12713,1.2);
#3516=VECTOR('',#12720,2.1);
#3517=VECTOR('',#12727,1.2);
#3518=VECTOR('',#12734,2.1);
#3519=VECTOR('',#12741,1.20000000000001);
#3520=VECTOR('',#12748,2.1);
#3521=VECTOR('',#12755,1.20000000000001);
#3522=VECTOR('',#12762,2.1);
#3523=VECTOR('',#12769,1.20000000000001);
#3524=VECTOR('',#12776,2.1);
#3525=VECTOR('',#12783,1.20000000000001);
#3526=VECTOR('',#12790,2.1);
#3527=VECTOR('',#12797,1.20000000000001);
#3528=VECTOR('',#12804,2.09999999999999);
#3529=VECTOR('',#12811,1.20000000000001);
#3530=VECTOR('',#12818,2.09999999999999);
#3531=VECTOR('',#12825,1.20000000000001);
#3532=VECTOR('',#12832,2.09999999999999);
#3533=VECTOR('',#12839,1.20000000000001);
#3534=VECTOR('',#12846,2.09999999999999);
#3535=VECTOR('',#12853,1.20000000000001);
#3536=VECTOR('',#12860,2.09999999999999);
#3537=VECTOR('',#12867,1.20000000000001);
#3538=VECTOR('',#12874,2.09999999999999);
#3539=VECTOR('',#12881,1.20000000000001);
#3540=VECTOR('',#12888,2.09999999999999);
#3541=VECTOR('',#12895,1.20000000000001);
#3542=VECTOR('',#12902,2.09999999999999);
#3543=VECTOR('',#12909,1.20000000000001);
#3544=VECTOR('',#12916,2.09999999999999);
#3545=VECTOR('',#12923,1.19999999999998);
#3546=VECTOR('',#12930,2.09999999999999);
#3547=VECTOR('',#12937,1.19999999999998);
#3548=VECTOR('',#12944,2.09999999999999);
#3549=VECTOR('',#12951,1.19999999999998);
#3550=VECTOR('',#12958,2.09999999999999);
#3551=VECTOR('',#12965,1.19999999999998);
#3552=VECTOR('',#12972,2.09999999999999);
#3553=VECTOR('',#12979,1.19999999999998);
#3554=VECTOR('',#12986,2.09999999999999);
#3555=VECTOR('',#12993,1.19999999999998);
#3556=VECTOR('',#13000,2.09999999999999);
#3557=VECTOR('',#13007,1.19999999999998);
#3558=VECTOR('',#13014,2.09999999999999);
#3559=VECTOR('',#13021,1.19999999999998);
#3560=VECTOR('',#13028,2.09999999999999);
#3561=VECTOR('',#13035,1.19999999999998);
#3562=VECTOR('',#13042,2.09999999999999);
#3563=VECTOR('',#13049,1.19999999999998);
#3564=VECTOR('',#13056,2.09999999999999);
#3565=VECTOR('',#13063,1.19999999999998);
#3566=VECTOR('',#13070,2.09999999999999);
#3567=VECTOR('',#13077,1.19999999999998);
#3568=VECTOR('',#13084,2.09999999999999);
#3569=VECTOR('',#13091,1.19999999999998);
#3570=VECTOR('',#13098,2.09999999999999);
#3571=VECTOR('',#13105,1.19999999999998);
#3572=VECTOR('',#13112,2.09999999999999);
#3573=VECTOR('',#13119,1.19999999999998);
#3574=VECTOR('',#13126,2.09999999999999);
#3575=VECTOR('',#13133,1.19999999999998);
#3576=VECTOR('',#13140,2.09999999999999);
#3577=VECTOR('',#13145,1000.);
#3578=VECTOR('',#13146,1000.);
#3579=VECTOR('',#13147,1000.);
#3580=VECTOR('',#13148,1000.);
#3581=VECTOR('',#13149,1000.);
#3582=VECTOR('',#13150,1000.);
#3583=VECTOR('',#13151,1000.);
#3584=VECTOR('',#13152,1000.);
#3585=VECTOR('',#13153,1000.);
#3586=VECTOR('',#13154,1000.);
#3587=VECTOR('',#13155,1000.);
#3588=VECTOR('',#13156,1000.);
#3589=VECTOR('',#13157,1000.);
#3590=VECTOR('',#13158,1000.);
#3591=VECTOR('',#13159,1000.);
#3592=VECTOR('',#13160,1000.);
#3593=VECTOR('',#13161,1000.);
#3594=VECTOR('',#13162,1000.);
#3595=VECTOR('',#13163,1000.);
#3596=VECTOR('',#13164,1000.);
#3597=VECTOR('',#13165,1000.);
#3598=VECTOR('',#13166,1000.);
#3599=VECTOR('',#13167,1000.);
#3600=VECTOR('',#13168,1000.);
#3601=VECTOR('',#13169,1000.);
#3602=VECTOR('',#13170,1000.);
#3603=VECTOR('',#13171,1000.);
#3604=VECTOR('',#13172,1000.);
#3605=VECTOR('',#13173,1000.);
#3606=VECTOR('',#13174,1000.);
#3607=VECTOR('',#13175,1000.);
#3608=VECTOR('',#13176,1000.);
#3609=VECTOR('',#13177,1000.);
#3610=VECTOR('',#13178,1000.);
#3611=VECTOR('',#13179,1000.);
#3612=VECTOR('',#13180,1000.);
#3613=VECTOR('',#13181,1000.);
#3614=VECTOR('',#13182,1000.);
#3615=VECTOR('',#13183,1000.);
#3616=VECTOR('',#13184,1000.);
#3617=VECTOR('',#13185,1000.);
#3618=VECTOR('',#13186,1000.);
#3619=VECTOR('',#13187,1000.);
#3620=VECTOR('',#13188,1000.);
#3621=VECTOR('',#13189,1000.);
#3622=VECTOR('',#13190,1000.);
#3623=VECTOR('',#13191,1000.);
#3624=VECTOR('',#13192,1000.);
#3625=VECTOR('',#13193,1000.);
#3626=VECTOR('',#13194,1000.);
#3627=VECTOR('',#13195,1000.);
#3628=VECTOR('',#13196,1000.);
#3629=VECTOR('',#13197,1000.);
#3630=VECTOR('',#13198,1000.);
#3631=VECTOR('',#13199,1000.);
#3632=VECTOR('',#13200,1000.);
#3633=VECTOR('',#13201,1000.);
#3634=VECTOR('',#13202,1000.);
#3635=VECTOR('',#13203,1000.);
#3636=VECTOR('',#13204,1000.);
#3637=VECTOR('',#13205,1000.);
#3638=VECTOR('',#13206,1000.);
#3639=VECTOR('',#13207,1000.);
#3640=VECTOR('',#13208,1000.);
#3641=VECTOR('',#13209,1000.);
#3642=VECTOR('',#13210,1000.);
#3643=VECTOR('',#13211,1000.);
#3644=VECTOR('',#13212,1000.);
#3645=VECTOR('',#13213,1000.);
#3646=VECTOR('',#13214,1000.);
#3647=VECTOR('',#13215,1000.);
#3648=VECTOR('',#13216,1000.);
#3649=VECTOR('',#13217,1000.);
#3650=VECTOR('',#13218,1000.);
#3651=VECTOR('',#13219,1000.);
#3652=VECTOR('',#13220,1000.);
#3653=VECTOR('',#13221,1000.);
#3654=VECTOR('',#13222,1000.);
#3655=VECTOR('',#13223,1000.);
#3656=VECTOR('',#13224,1000.);
#3657=VECTOR('',#13225,1000.);
#3658=VECTOR('',#13226,1000.);
#3659=VECTOR('',#13227,1000.);
#3660=VECTOR('',#13294,1000.);
#3661=VECTOR('',#13297,1000.);
#3662=VECTOR('',#13306,1000.);
#3663=VECTOR('',#13309,1000.);
#3664=VECTOR('',#13310,1000.);
#3665=VECTOR('',#13313,1000.);
#3666=VECTOR('',#13314,1000.);
#3667=VECTOR('',#13315,1000.);
#3668=VECTOR('',#13322,1000.);
#3669=VECTOR('',#13325,1000.);
#3670=VECTOR('',#13336,1000.);
#3671=VECTOR('',#13339,1000.);
#3672=VECTOR('',#13340,1000.);
#3673=VECTOR('',#13341,1000.);
#3674=VECTOR('',#13344,1000.);
#3675=VECTOR('',#13345,1000.);
#3676=VECTOR('',#13348,1000.);
#3677=VECTOR('',#13349,1000.);
#3678=VECTOR('',#13350,1000.);
#3679=VECTOR('',#13353,1000.);
#3680=VECTOR('',#13354,1000.);
#3681=VECTOR('',#13355,1000.);
#3682=VECTOR('',#13362,1000.);
#3683=VECTOR('',#13365,1000.);
#3684=VECTOR('',#13376,1000.);
#3685=VECTOR('',#13379,1000.);
#3686=VECTOR('',#13380,1000.);
#3687=VECTOR('',#13381,1000.);
#3688=VECTOR('',#13384,1000.);
#3689=VECTOR('',#13391,1000.);
#3690=VECTOR('',#13392,1000.);
#3691=VECTOR('',#13393,1000.);
#3692=VECTOR('',#13400,1000.);
#3693=VECTOR('',#13403,1000.);
#3694=VECTOR('',#13414,1000.);
#3695=VECTOR('',#13417,1000.);
#3696=VECTOR('',#13418,1000.);
#3697=VECTOR('',#13419,1000.);
#3698=VECTOR('',#13422,1000.);
#3699=VECTOR('',#13423,1000.);
#3700=VECTOR('',#13424,1000.);
#3701=VECTOR('',#13427,1000.);
#3702=VECTOR('',#13428,1000.);
#3703=VECTOR('',#13429,1000.);
#3704=VECTOR('',#13432,1000.);
#3705=VECTOR('',#13433,1000.);
#3706=VECTOR('',#13434,1000.);
#3707=VECTOR('',#13437,1000.);
#3708=VECTOR('',#13438,1000.);
#3709=VECTOR('',#13439,1000.);
#3710=VECTOR('',#13454,1000.);
#3711=VECTOR('',#13455,1000.);
#3712=VECTOR('',#13458,1000.);
#3713=VECTOR('',#13459,1000.);
#3714=VECTOR('',#13462,1000.);
#3715=VECTOR('',#13463,1000.);
#3716=VECTOR('',#13466,1000.);
#3717=VECTOR('',#13467,1000.);
#3718=VECTOR('',#13468,1000.);
#3719=VECTOR('',#13471,1000.);
#3720=VECTOR('',#13472,1000.);
#3721=VECTOR('',#13473,1000.);
#3722=VECTOR('',#13476,1000.);
#3723=VECTOR('',#13477,1000.);
#3724=VECTOR('',#13480,1000.);
#3725=VECTOR('',#13481,1000.);
#3726=VECTOR('',#13484,1000.);
#3727=VECTOR('',#13485,1000.);
#3728=VECTOR('',#13488,1000.);
#3729=VECTOR('',#13491,1000.);
#3730=VECTOR('',#13492,1000.);
#3731=VECTOR('',#13495,1000.);
#3732=VECTOR('',#13496,1000.);
#3733=VECTOR('',#13497,1000.);
#3734=VECTOR('',#13500,1000.);
#3735=VECTOR('',#13501,1000.);
#3736=VECTOR('',#13502,1000.);
#3737=VECTOR('',#13505,1000.);
#3738=VECTOR('',#13506,1000.);
#3739=VECTOR('',#13509,1000.);
#3740=VECTOR('',#13510,1000.);
#3741=VECTOR('',#13513,1000.);
#3742=VECTOR('',#13514,1000.);
#3743=VECTOR('',#13517,1000.);
#3744=VECTOR('',#13518,1000.);
#3745=VECTOR('',#13521,1000.);
#3746=VECTOR('',#13522,1000.);
#3747=VECTOR('',#13523,1000.);
#3748=VECTOR('',#13526,1000.);
#3749=VECTOR('',#13527,1000.);
#3750=VECTOR('',#13528,1000.);
#3751=VECTOR('',#13531,1000.);
#3752=VECTOR('',#13532,1000.);
#3753=VECTOR('',#13535,1000.);
#3754=VECTOR('',#13536,1000.);
#3755=VECTOR('',#13539,1000.);
#3756=VECTOR('',#13540,1000.);
#3757=VECTOR('',#13543,1000.);
#3758=VECTOR('',#13544,1000.);
#3759=VECTOR('',#13545,1000.);
#3760=VECTOR('',#13548,1000.);
#3761=VECTOR('',#13549,1000.);
#3762=VECTOR('',#13552,1000.);
#3763=VECTOR('',#13553,1000.);
#3764=VECTOR('',#13554,1000.);
#3765=VECTOR('',#13557,1000.);
#3766=VECTOR('',#13558,1000.);
#3767=VECTOR('',#13561,1000.);
#3768=VECTOR('',#13562,1000.);
#3769=VECTOR('',#13565,1000.);
#3770=VECTOR('',#13566,1000.);
#3771=VECTOR('',#13567,1000.);
#3772=VECTOR('',#13570,1000.);
#3773=VECTOR('',#13571,1000.);
#3774=VECTOR('',#13572,1000.);
#3775=VECTOR('',#13575,1000.);
#3776=VECTOR('',#13576,1000.);
#3777=VECTOR('',#13579,1000.);
#3778=VECTOR('',#13580,1000.);
#3779=VECTOR('',#13583,1000.);
#3780=VECTOR('',#13586,1000.);
#3781=VECTOR('',#13587,1000.);
#3782=VECTOR('',#13590,1000.);
#3783=VECTOR('',#13591,1000.);
#3784=VECTOR('',#13594,1000.);
#3785=VECTOR('',#13595,1000.);
#3786=VECTOR('',#13598,1000.);
#3787=VECTOR('',#13599,1000.);
#3788=VECTOR('',#13600,1000.);
#3789=VECTOR('',#13603,1000.);
#3790=VECTOR('',#13604,1000.);
#3791=VECTOR('',#13607,1000.);
#3792=VECTOR('',#13608,1000.);
#3793=VECTOR('',#13611,1000.);
#3794=VECTOR('',#13614,1000.);
#3795=VECTOR('',#13615,1000.);
#3796=VECTOR('',#13618,1000.);
#3797=VECTOR('',#13619,1000.);
#3798=VECTOR('',#13622,1000.);
#3799=VECTOR('',#13623,1000.);
#3800=VECTOR('',#13626,1000.);
#3801=VECTOR('',#13627,1000.);
#3802=VECTOR('',#13628,1000.);
#3803=VECTOR('',#13631,1000.);
#3804=VECTOR('',#13632,1000.);
#3805=VECTOR('',#13635,1000.);
#3806=VECTOR('',#13636,1000.);
#3807=VECTOR('',#13637,1000.);
#3808=VECTOR('',#13640,1000.);
#3809=VECTOR('',#13641,1000.);
#3810=VECTOR('',#13644,1000.);
#3811=VECTOR('',#13645,1000.);
#3812=VECTOR('',#13648,1000.);
#3813=VECTOR('',#13649,1000.);
#3814=VECTOR('',#13650,1000.);
#3815=VECTOR('',#13653,1000.);
#3816=VECTOR('',#13654,1000.);
#3817=VECTOR('',#13655,1000.);
#3818=VECTOR('',#13658,1000.);
#3819=VECTOR('',#13659,1000.);
#3820=VECTOR('',#13662,1000.);
#3821=VECTOR('',#13663,1000.);
#3822=VECTOR('',#13666,1000.);
#3823=VECTOR('',#13667,1000.);
#3824=VECTOR('',#13668,1000.);
#3825=VECTOR('',#13671,1000.);
#3826=VECTOR('',#13672,1000.);
#3827=VECTOR('',#13675,1000.);
#3828=VECTOR('',#13676,1000.);
#3829=VECTOR('',#13679,1000.);
#3830=VECTOR('',#13680,1000.);
#3831=VECTOR('',#13683,1000.);
#3832=VECTOR('',#13684,1000.);
#3833=VECTOR('',#13687,1000.);
#3834=VECTOR('',#13688,1000.);
#3835=VECTOR('',#13691,1000.);
#3836=VECTOR('',#13696,1000.);
#3837=VECTOR('',#13697,1000.);
#3838=VECTOR('',#13698,1000.);
#3839=VECTOR('',#13701,1000.);
#3840=VECTOR('',#13702,1000.);
#3841=VECTOR('',#13705,1000.);
#3842=VECTOR('',#13706,1000.);
#3843=VECTOR('',#13709,1000.);
#3844=VECTOR('',#13710,1000.);
#3845=VECTOR('',#13713,1000.);
#3846=VECTOR('',#13714,1000.);
#3847=VECTOR('',#13717,1000.);
#3848=VECTOR('',#13718,1000.);
#3849=VECTOR('',#13721,1000.);
#3850=VECTOR('',#13724,1000.);
#3851=VECTOR('',#13725,1000.);
#3852=VECTOR('',#13728,1000.);
#3853=VECTOR('',#13729,1000.);
#3854=VECTOR('',#13732,1000.);
#3855=VECTOR('',#13733,1000.);
#3856=VECTOR('',#13736,1000.);
#3857=VECTOR('',#13737,1000.);
#3858=VECTOR('',#13738,1000.);
#3859=VECTOR('',#13741,1000.);
#3860=VECTOR('',#13742,1000.);
#3861=VECTOR('',#13745,1000.);
#3862=VECTOR('',#13746,1000.);
#3863=VECTOR('',#13749,1000.);
#3864=VECTOR('',#13750,1000.);
#3865=VECTOR('',#13751,1000.);
#3866=VECTOR('',#13754,1000.);
#3867=VECTOR('',#13755,1000.);
#3868=VECTOR('',#13758,1000.);
#3869=VECTOR('',#13759,1000.);
#3870=VECTOR('',#13762,1000.);
#3871=VECTOR('',#13763,1000.);
#3872=VECTOR('',#13764,1000.);
#3873=VECTOR('',#13767,1000.);
#3874=VECTOR('',#13768,1000.);
#3875=VECTOR('',#13771,1000.);
#3876=VECTOR('',#13772,1000.);
#3877=VECTOR('',#13775,1000.);
#3878=VECTOR('',#13780,1000.);
#3879=VECTOR('',#13781,1000.);
#3880=VECTOR('',#13782,1000.);
#3881=VECTOR('',#13783,1000.);
#3882=VECTOR('',#13786,1000.);
#3883=VECTOR('',#13787,1000.);
#3884=VECTOR('',#13788,1000.);
#3885=VECTOR('',#13791,1000.);
#3886=VECTOR('',#13792,1000.);
#3887=VECTOR('',#13793,1000.);
#3888=VECTOR('',#13796,1000.);
#3889=VECTOR('',#13797,1000.);
#3890=VECTOR('',#13798,1000.);
#3891=VECTOR('',#13801,1000.);
#3892=VECTOR('',#13802,1000.);
#3893=VECTOR('',#13803,1000.);
#3894=VECTOR('',#13806,1000.);
#3895=VECTOR('',#13807,1000.);
#3896=VECTOR('',#13808,1000.);
#3897=VECTOR('',#13811,1000.);
#3898=VECTOR('',#13812,1000.);
#3899=VECTOR('',#13813,1000.);
#3900=VECTOR('',#13816,1000.);
#3901=VECTOR('',#13817,1000.);
#3902=VECTOR('',#13818,1000.);
#3903=VECTOR('',#13831,1000.);
#3904=VECTOR('',#13832,1000.);
#3905=VECTOR('',#13833,1000.);
#3906=VECTOR('',#13836,1000.);
#3907=VECTOR('',#13837,1000.);
#3908=VECTOR('',#13840,1000.);
#3909=VECTOR('',#13841,1000.);
#3910=VECTOR('',#13844,1000.);
#3911=VECTOR('',#13845,1000.);
#3912=VECTOR('',#13848,1000.);
#3913=VECTOR('',#13849,1000.);
#3914=VECTOR('',#13852,1000.);
#3915=VECTOR('',#13853,1000.);
#3916=VECTOR('',#13856,1000.);
#3917=VECTOR('',#13861,1000.);
#3918=VECTOR('',#13862,1000.);
#3919=VECTOR('',#13863,1000.);
#3920=VECTOR('',#13868,1000.);
#3921=VECTOR('',#13869,1000.);
#3922=VECTOR('',#13870,1000.);
#3923=VECTOR('',#13873,1000.);
#3924=VECTOR('',#13874,1000.);
#3925=VECTOR('',#13877,1000.);
#3926=VECTOR('',#13878,1000.);
#3927=VECTOR('',#13891,10.);
#3928=VECTOR('',#13892,10.);
#3929=VECTOR('',#13893,10.);
#3930=VECTOR('',#13894,10.);
#3931=VECTOR('',#13897,10.);
#3932=VECTOR('',#13898,10.);
#3933=VECTOR('',#13899,10.);
#3934=VECTOR('',#13902,10.);
#3935=VECTOR('',#13903,10.);
#3936=VECTOR('',#13906,10.);
#3937=VECTOR('',#13907,10.);
#3938=VECTOR('',#13910,10.);
#3939=VECTOR('',#13915,10.);
#3940=VECTOR('',#13916,10.);
#3941=VECTOR('',#13917,10.);
#3942=VECTOR('',#13918,10.);
#3943=VECTOR('',#13921,10.);
#3944=VECTOR('',#13922,10.);
#3945=VECTOR('',#13923,10.);
#3946=VECTOR('',#13926,10.);
#3947=VECTOR('',#13927,10.);
#3948=VECTOR('',#13930,10.);
#3949=VECTOR('',#13931,10.);
#3950=VECTOR('',#13934,10.);
#3951=VECTOR('',#13939,10.);
#3952=VECTOR('',#13940,10.);
#3953=VECTOR('',#13941,10.);
#3954=VECTOR('',#13942,10.);
#3955=VECTOR('',#13945,10.);
#3956=VECTOR('',#13946,10.);
#3957=VECTOR('',#13947,10.);
#3958=VECTOR('',#13950,10.);
#3959=VECTOR('',#13951,10.);
#3960=VECTOR('',#13954,10.);
#3961=VECTOR('',#13955,10.);
#3962=VECTOR('',#13958,10.);
#3963=VECTOR('',#13963,10.);
#3964=VECTOR('',#13964,10.);
#3965=VECTOR('',#13965,10.);
#3966=VECTOR('',#13966,10.);
#3967=VECTOR('',#13969,10.);
#3968=VECTOR('',#13970,10.);
#3969=VECTOR('',#13971,10.);
#3970=VECTOR('',#13974,10.);
#3971=VECTOR('',#13975,10.);
#3972=VECTOR('',#13978,10.);
#3973=VECTOR('',#13979,10.);
#3974=VECTOR('',#13982,10.);
#3975=VECTOR('',#13987,10.);
#3976=VECTOR('',#13988,10.);
#3977=VECTOR('',#13989,10.);
#3978=VECTOR('',#13990,10.);
#3979=VECTOR('',#13993,10.);
#3980=VECTOR('',#13994,10.);
#3981=VECTOR('',#13995,10.);
#3982=VECTOR('',#13998,10.);
#3983=VECTOR('',#13999,10.);
#3984=VECTOR('',#14002,10.);
#3985=VECTOR('',#14003,10.);
#3986=VECTOR('',#14006,10.);
#3987=VECTOR('',#14011,10.);
#3988=VECTOR('',#14012,10.);
#3989=VECTOR('',#14013,10.);
#3990=VECTOR('',#14014,10.);
#3991=VECTOR('',#14017,10.);
#3992=VECTOR('',#14018,10.);
#3993=VECTOR('',#14019,10.);
#3994=VECTOR('',#14022,10.);
#3995=VECTOR('',#14023,10.);
#3996=VECTOR('',#14026,10.);
#3997=VECTOR('',#14027,10.);
#3998=VECTOR('',#14030,10.);
#3999=VECTOR('',#14035,10.);
#4000=VECTOR('',#14036,10.);
#4001=VECTOR('',#14037,10.);
#4002=VECTOR('',#14038,10.);
#4003=VECTOR('',#14041,10.);
#4004=VECTOR('',#14042,10.);
#4005=VECTOR('',#14043,10.);
#4006=VECTOR('',#14046,10.);
#4007=VECTOR('',#14047,10.);
#4008=VECTOR('',#14050,10.);
#4009=VECTOR('',#14051,10.);
#4010=VECTOR('',#14054,10.);
#4011=VECTOR('',#14059,10.);
#4012=VECTOR('',#14060,10.);
#4013=VECTOR('',#14061,10.);
#4014=VECTOR('',#14062,10.);
#4015=VECTOR('',#14065,10.);
#4016=VECTOR('',#14066,10.);
#4017=VECTOR('',#14067,10.);
#4018=VECTOR('',#14070,10.);
#4019=VECTOR('',#14071,10.);
#4020=VECTOR('',#14074,10.);
#4021=VECTOR('',#14075,10.);
#4022=VECTOR('',#14078,10.);
#4023=VECTOR('',#14083,10.);
#4024=VECTOR('',#14084,10.);
#4025=VECTOR('',#14085,10.);
#4026=VECTOR('',#14086,10.);
#4027=VECTOR('',#14089,10.);
#4028=VECTOR('',#14090,10.);
#4029=VECTOR('',#14091,10.);
#4030=VECTOR('',#14094,10.);
#4031=VECTOR('',#14095,10.);
#4032=VECTOR('',#14098,10.);
#4033=VECTOR('',#14099,10.);
#4034=VECTOR('',#14102,10.);
#4035=VECTOR('',#14107,10.);
#4036=VECTOR('',#14108,10.);
#4037=VECTOR('',#14109,10.);
#4038=VECTOR('',#14110,10.);
#4039=VECTOR('',#14113,10.);
#4040=VECTOR('',#14114,10.);
#4041=VECTOR('',#14115,10.);
#4042=VECTOR('',#14118,10.);
#4043=VECTOR('',#14119,10.);
#4044=VECTOR('',#14122,10.);
#4045=VECTOR('',#14123,10.);
#4046=VECTOR('',#14126,10.);
#4047=VECTOR('',#14131,10.);
#4048=VECTOR('',#14132,10.);
#4049=VECTOR('',#14133,10.);
#4050=VECTOR('',#14134,10.);
#4051=VECTOR('',#14137,10.);
#4052=VECTOR('',#14138,10.);
#4053=VECTOR('',#14139,10.);
#4054=VECTOR('',#14142,10.);
#4055=VECTOR('',#14143,10.);
#4056=VECTOR('',#14146,10.);
#4057=VECTOR('',#14147,10.);
#4058=VECTOR('',#14150,10.);
#4059=VECTOR('',#14155,10.);
#4060=VECTOR('',#14156,10.);
#4061=VECTOR('',#14157,10.);
#4062=VECTOR('',#14158,10.);
#4063=VECTOR('',#14161,10.);
#4064=VECTOR('',#14162,10.);
#4065=VECTOR('',#14163,10.);
#4066=VECTOR('',#14166,10.);
#4067=VECTOR('',#14167,10.);
#4068=VECTOR('',#14170,10.);
#4069=VECTOR('',#14171,10.);
#4070=VECTOR('',#14174,10.);
#4071=VECTOR('',#14179,10.);
#4072=VECTOR('',#14180,10.);
#4073=VECTOR('',#14181,10.);
#4074=VECTOR('',#14182,10.);
#4075=VECTOR('',#14185,10.);
#4076=VECTOR('',#14186,10.);
#4077=VECTOR('',#14187,10.);
#4078=VECTOR('',#14190,10.);
#4079=VECTOR('',#14191,10.);
#4080=VECTOR('',#14194,10.);
#4081=VECTOR('',#14195,10.);
#4082=VECTOR('',#14198,10.);
#4083=VECTOR('',#14203,10.);
#4084=VECTOR('',#14204,10.);
#4085=VECTOR('',#14205,10.);
#4086=VECTOR('',#14206,10.);
#4087=VECTOR('',#14209,10.);
#4088=VECTOR('',#14210,10.);
#4089=VECTOR('',#14211,10.);
#4090=VECTOR('',#14214,10.);
#4091=VECTOR('',#14215,10.);
#4092=VECTOR('',#14218,10.);
#4093=VECTOR('',#14219,10.);
#4094=VECTOR('',#14222,10.);
#4095=VECTOR('',#14227,10.);
#4096=VECTOR('',#14228,10.);
#4097=VECTOR('',#14229,10.);
#4098=VECTOR('',#14230,10.);
#4099=VECTOR('',#14233,10.);
#4100=VECTOR('',#14234,10.);
#4101=VECTOR('',#14235,10.);
#4102=VECTOR('',#14238,10.);
#4103=VECTOR('',#14239,10.);
#4104=VECTOR('',#14242,10.);
#4105=VECTOR('',#14243,10.);
#4106=VECTOR('',#14246,10.);
#4107=VECTOR('',#14251,10.);
#4108=VECTOR('',#14252,10.);
#4109=VECTOR('',#14253,10.);
#4110=VECTOR('',#14254,10.);
#4111=VECTOR('',#14257,10.);
#4112=VECTOR('',#14258,10.);
#4113=VECTOR('',#14259,10.);
#4114=VECTOR('',#14262,10.);
#4115=VECTOR('',#14263,10.);
#4116=VECTOR('',#14266,10.);
#4117=VECTOR('',#14267,10.);
#4118=VECTOR('',#14270,10.);
#4119=VECTOR('',#14275,10.);
#4120=VECTOR('',#14276,10.);
#4121=VECTOR('',#14277,10.);
#4122=VECTOR('',#14278,10.);
#4123=VECTOR('',#14281,10.);
#4124=VECTOR('',#14282,10.);
#4125=VECTOR('',#14283,10.);
#4126=VECTOR('',#14286,10.);
#4127=VECTOR('',#14287,10.);
#4128=VECTOR('',#14290,10.);
#4129=VECTOR('',#14291,10.);
#4130=VECTOR('',#14294,10.);
#4131=VECTOR('',#14299,10.);
#4132=VECTOR('',#14300,10.);
#4133=VECTOR('',#14301,10.);
#4134=VECTOR('',#14302,10.);
#4135=VECTOR('',#14305,10.);
#4136=VECTOR('',#14306,10.);
#4137=VECTOR('',#14307,10.);
#4138=VECTOR('',#14310,10.);
#4139=VECTOR('',#14311,10.);
#4140=VECTOR('',#14314,10.);
#4141=VECTOR('',#14315,10.);
#4142=VECTOR('',#14318,10.);
#4143=VECTOR('',#14323,10.);
#4144=VECTOR('',#14324,10.);
#4145=VECTOR('',#14325,10.);
#4146=VECTOR('',#14326,10.);
#4147=VECTOR('',#14329,10.);
#4148=VECTOR('',#14330,10.);
#4149=VECTOR('',#14331,10.);
#4150=VECTOR('',#14334,10.);
#4151=VECTOR('',#14335,10.);
#4152=VECTOR('',#14338,10.);
#4153=VECTOR('',#14339,10.);
#4154=VECTOR('',#14342,10.);
#4155=VECTOR('',#14347,10.);
#4156=VECTOR('',#14348,10.);
#4157=VECTOR('',#14349,10.);
#4158=VECTOR('',#14350,10.);
#4159=VECTOR('',#14353,10.);
#4160=VECTOR('',#14354,10.);
#4161=VECTOR('',#14355,10.);
#4162=VECTOR('',#14358,10.);
#4163=VECTOR('',#14359,10.);
#4164=VECTOR('',#14362,10.);
#4165=VECTOR('',#14363,10.);
#4166=VECTOR('',#14366,10.);
#4167=VECTOR('',#14371,10.);
#4168=VECTOR('',#14372,10.);
#4169=VECTOR('',#14373,10.);
#4170=VECTOR('',#14374,10.);
#4171=VECTOR('',#14377,10.);
#4172=VECTOR('',#14378,10.);
#4173=VECTOR('',#14379,10.);
#4174=VECTOR('',#14382,10.);
#4175=VECTOR('',#14383,10.);
#4176=VECTOR('',#14386,10.);
#4177=VECTOR('',#14387,10.);
#4178=VECTOR('',#14390,10.);
#4179=VECTOR('',#14395,10.);
#4180=VECTOR('',#14396,10.);
#4181=VECTOR('',#14397,10.);
#4182=VECTOR('',#14398,10.);
#4183=VECTOR('',#14401,10.);
#4184=VECTOR('',#14402,10.);
#4185=VECTOR('',#14403,10.);
#4186=VECTOR('',#14406,10.);
#4187=VECTOR('',#14407,10.);
#4188=VECTOR('',#14410,10.);
#4189=VECTOR('',#14411,10.);
#4190=VECTOR('',#14414,10.);
#4191=VECTOR('',#14419,10.);
#4192=VECTOR('',#14420,10.);
#4193=VECTOR('',#14421,10.);
#4194=VECTOR('',#14422,10.);
#4195=VECTOR('',#14425,10.);
#4196=VECTOR('',#14426,10.);
#4197=VECTOR('',#14427,10.);
#4198=VECTOR('',#14430,10.);
#4199=VECTOR('',#14431,10.);
#4200=VECTOR('',#14434,10.);
#4201=VECTOR('',#14435,10.);
#4202=VECTOR('',#14438,10.);
#4203=VECTOR('',#14443,10.);
#4204=VECTOR('',#14444,10.);
#4205=VECTOR('',#14445,10.);
#4206=VECTOR('',#14446,10.);
#4207=VECTOR('',#14449,10.);
#4208=VECTOR('',#14450,10.);
#4209=VECTOR('',#14451,10.);
#4210=VECTOR('',#14454,10.);
#4211=VECTOR('',#14455,10.);
#4212=VECTOR('',#14458,10.);
#4213=VECTOR('',#14459,10.);
#4214=VECTOR('',#14462,10.);
#4215=VECTOR('',#14467,10.);
#4216=VECTOR('',#14468,10.);
#4217=VECTOR('',#14469,10.);
#4218=VECTOR('',#14470,10.);
#4219=VECTOR('',#14473,10.);
#4220=VECTOR('',#14474,10.);
#4221=VECTOR('',#14475,10.);
#4222=VECTOR('',#14478,10.);
#4223=VECTOR('',#14479,10.);
#4224=VECTOR('',#14482,10.);
#4225=VECTOR('',#14483,10.);
#4226=VECTOR('',#14486,10.);
#4227=VECTOR('',#14491,10.);
#4228=VECTOR('',#14492,10.);
#4229=VECTOR('',#14493,10.);
#4230=VECTOR('',#14494,10.);
#4231=VECTOR('',#14497,10.);
#4232=VECTOR('',#14498,10.);
#4233=VECTOR('',#14499,10.);
#4234=VECTOR('',#14502,10.);
#4235=VECTOR('',#14503,10.);
#4236=VECTOR('',#14506,10.);
#4237=VECTOR('',#14507,10.);
#4238=VECTOR('',#14510,10.);
#4239=VECTOR('',#14515,10.);
#4240=VECTOR('',#14516,10.);
#4241=VECTOR('',#14517,10.);
#4242=VECTOR('',#14518,10.);
#4243=VECTOR('',#14521,10.);
#4244=VECTOR('',#14522,10.);
#4245=VECTOR('',#14523,10.);
#4246=VECTOR('',#14526,10.);
#4247=VECTOR('',#14527,10.);
#4248=VECTOR('',#14530,10.);
#4249=VECTOR('',#14531,10.);
#4250=VECTOR('',#14534,10.);
#4251=VECTOR('',#14539,10.);
#4252=VECTOR('',#14540,10.);
#4253=VECTOR('',#14541,10.);
#4254=VECTOR('',#14542,10.);
#4255=VECTOR('',#14545,10.);
#4256=VECTOR('',#14546,10.);
#4257=VECTOR('',#14547,10.);
#4258=VECTOR('',#14550,10.);
#4259=VECTOR('',#14551,10.);
#4260=VECTOR('',#14554,10.);
#4261=VECTOR('',#14555,10.);
#4262=VECTOR('',#14558,10.);
#4263=VECTOR('',#14563,10.);
#4264=VECTOR('',#14564,10.);
#4265=VECTOR('',#14565,10.);
#4266=VECTOR('',#14566,10.);
#4267=VECTOR('',#14569,10.);
#4268=VECTOR('',#14570,10.);
#4269=VECTOR('',#14571,10.);
#4270=VECTOR('',#14574,10.);
#4271=VECTOR('',#14575,10.);
#4272=VECTOR('',#14578,10.);
#4273=VECTOR('',#14579,10.);
#4274=VECTOR('',#14582,10.);
#4275=VECTOR('',#14587,10.);
#4276=VECTOR('',#14588,10.);
#4277=VECTOR('',#14589,10.);
#4278=VECTOR('',#14590,10.);
#4279=VECTOR('',#14593,10.);
#4280=VECTOR('',#14594,10.);
#4281=VECTOR('',#14595,10.);
#4282=VECTOR('',#14598,10.);
#4283=VECTOR('',#14599,10.);
#4284=VECTOR('',#14602,10.);
#4285=VECTOR('',#14603,10.);
#4286=VECTOR('',#14606,10.);
#4287=VECTOR('',#14611,10.);
#4288=VECTOR('',#14612,10.);
#4289=VECTOR('',#14613,10.);
#4290=VECTOR('',#14614,10.);
#4291=VECTOR('',#14617,10.);
#4292=VECTOR('',#14618,10.);
#4293=VECTOR('',#14619,10.);
#4294=VECTOR('',#14622,10.);
#4295=VECTOR('',#14623,10.);
#4296=VECTOR('',#14626,10.);
#4297=VECTOR('',#14627,10.);
#4298=VECTOR('',#14630,10.);
#4299=VECTOR('',#14635,10.);
#4300=VECTOR('',#14636,10.);
#4301=VECTOR('',#14637,10.);
#4302=VECTOR('',#14638,10.);
#4303=VECTOR('',#14641,10.);
#4304=VECTOR('',#14642,10.);
#4305=VECTOR('',#14643,10.);
#4306=VECTOR('',#14646,10.);
#4307=VECTOR('',#14647,10.);
#4308=VECTOR('',#14650,10.);
#4309=VECTOR('',#14651,10.);
#4310=VECTOR('',#14654,10.);
#4311=VECTOR('',#14659,10.);
#4312=VECTOR('',#14660,10.);
#4313=VECTOR('',#14661,10.);
#4314=VECTOR('',#14662,10.);
#4315=VECTOR('',#14665,10.);
#4316=VECTOR('',#14666,10.);
#4317=VECTOR('',#14667,10.);
#4318=VECTOR('',#14670,10.);
#4319=VECTOR('',#14671,10.);
#4320=VECTOR('',#14674,10.);
#4321=VECTOR('',#14675,10.);
#4322=VECTOR('',#14678,10.);
#4323=VECTOR('',#14683,10.);
#4324=VECTOR('',#14684,10.);
#4325=VECTOR('',#14685,10.);
#4326=VECTOR('',#14686,10.);
#4327=VECTOR('',#14689,10.);
#4328=VECTOR('',#14690,10.);
#4329=VECTOR('',#14691,10.);
#4330=VECTOR('',#14694,10.);
#4331=VECTOR('',#14695,10.);
#4332=VECTOR('',#14698,10.);
#4333=VECTOR('',#14699,10.);
#4334=VECTOR('',#14702,10.);
#4335=VECTOR('',#14707,10.);
#4336=VECTOR('',#14708,10.);
#4337=VECTOR('',#14709,10.);
#4338=VECTOR('',#14710,10.);
#4339=VECTOR('',#14713,10.);
#4340=VECTOR('',#14714,10.);
#4341=VECTOR('',#14715,10.);
#4342=VECTOR('',#14718,10.);
#4343=VECTOR('',#14719,10.);
#4344=VECTOR('',#14722,10.);
#4345=VECTOR('',#14723,10.);
#4346=VECTOR('',#14726,10.);
#4347=VECTOR('',#14731,10.);
#4348=VECTOR('',#14732,10.);
#4349=VECTOR('',#14733,10.);
#4350=VECTOR('',#14734,10.);
#4351=VECTOR('',#14737,10.);
#4352=VECTOR('',#14738,10.);
#4353=VECTOR('',#14739,10.);
#4354=VECTOR('',#14742,10.);
#4355=VECTOR('',#14743,10.);
#4356=VECTOR('',#14746,10.);
#4357=VECTOR('',#14747,10.);
#4358=VECTOR('',#14750,10.);
#4359=VECTOR('',#14755,10.);
#4360=VECTOR('',#14756,10.);
#4361=VECTOR('',#14757,10.);
#4362=VECTOR('',#14758,10.);
#4363=VECTOR('',#14761,10.);
#4364=VECTOR('',#14762,10.);
#4365=VECTOR('',#14763,10.);
#4366=VECTOR('',#14766,10.);
#4367=VECTOR('',#14767,10.);
#4368=VECTOR('',#14770,10.);
#4369=VECTOR('',#14771,10.);
#4370=VECTOR('',#14774,10.);
#4371=VECTOR('',#14779,10.);
#4372=VECTOR('',#14780,10.);
#4373=VECTOR('',#14781,10.);
#4374=VECTOR('',#14782,10.);
#4375=VECTOR('',#14785,10.);
#4376=VECTOR('',#14786,10.);
#4377=VECTOR('',#14787,10.);
#4378=VECTOR('',#14790,10.);
#4379=VECTOR('',#14791,10.);
#4380=VECTOR('',#14794,10.);
#4381=VECTOR('',#14795,10.);
#4382=VECTOR('',#14798,10.);
#4383=VECTOR('',#14803,10.);
#4384=VECTOR('',#14804,10.);
#4385=VECTOR('',#14805,10.);
#4386=VECTOR('',#14806,10.);
#4387=VECTOR('',#14809,10.);
#4388=VECTOR('',#14810,10.);
#4389=VECTOR('',#14811,10.);
#4390=VECTOR('',#14814,10.);
#4391=VECTOR('',#14815,10.);
#4392=VECTOR('',#14818,10.);
#4393=VECTOR('',#14819,10.);
#4394=VECTOR('',#14822,10.);
#4395=VECTOR('',#14827,10.);
#4396=VECTOR('',#14828,10.);
#4397=VECTOR('',#14829,10.);
#4398=VECTOR('',#14830,10.);
#4399=VECTOR('',#14833,10.);
#4400=VECTOR('',#14834,10.);
#4401=VECTOR('',#14835,10.);
#4402=VECTOR('',#14838,10.);
#4403=VECTOR('',#14839,10.);
#4404=VECTOR('',#14842,10.);
#4405=VECTOR('',#14843,10.);
#4406=VECTOR('',#14846,10.);
#4407=VECTOR('',#14851,10.);
#4408=VECTOR('',#14852,10.);
#4409=VECTOR('',#14853,10.);
#4410=VECTOR('',#14854,10.);
#4411=VECTOR('',#14857,10.);
#4412=VECTOR('',#14858,10.);
#4413=VECTOR('',#14859,10.);
#4414=VECTOR('',#14862,10.);
#4415=VECTOR('',#14863,10.);
#4416=VECTOR('',#14866,10.);
#4417=VECTOR('',#14867,10.);
#4418=VECTOR('',#14870,10.);
#4419=VECTOR('',#14875,10.);
#4420=VECTOR('',#14876,10.);
#4421=VECTOR('',#14877,10.);
#4422=VECTOR('',#14878,10.);
#4423=VECTOR('',#14881,10.);
#4424=VECTOR('',#14882,10.);
#4425=VECTOR('',#14883,10.);
#4426=VECTOR('',#14886,10.);
#4427=VECTOR('',#14887,10.);
#4428=VECTOR('',#14890,10.);
#4429=VECTOR('',#14891,10.);
#4430=VECTOR('',#14894,10.);
#4431=VECTOR('',#14899,10.);
#4432=VECTOR('',#14900,10.);
#4433=VECTOR('',#14901,10.);
#4434=VECTOR('',#14902,10.);
#4435=VECTOR('',#14905,10.);
#4436=VECTOR('',#14906,10.);
#4437=VECTOR('',#14907,10.);
#4438=VECTOR('',#14910,10.);
#4439=VECTOR('',#14911,10.);
#4440=VECTOR('',#14914,10.);
#4441=VECTOR('',#14915,10.);
#4442=VECTOR('',#14918,10.);
#4443=VECTOR('',#14923,10.);
#4444=VECTOR('',#14924,10.);
#4445=VECTOR('',#14925,10.);
#4446=VECTOR('',#14926,10.);
#4447=VECTOR('',#14929,10.);
#4448=VECTOR('',#14930,10.);
#4449=VECTOR('',#14931,10.);
#4450=VECTOR('',#14934,10.);
#4451=VECTOR('',#14935,10.);
#4452=VECTOR('',#14938,10.);
#4453=VECTOR('',#14939,10.);
#4454=VECTOR('',#14942,10.);
#4455=VECTOR('',#14947,10.);
#4456=VECTOR('',#14948,10.);
#4457=VECTOR('',#14949,10.);
#4458=VECTOR('',#14950,10.);
#4459=VECTOR('',#14953,10.);
#4460=VECTOR('',#14954,10.);
#4461=VECTOR('',#14955,10.);
#4462=VECTOR('',#14958,10.);
#4463=VECTOR('',#14959,10.);
#4464=VECTOR('',#14962,10.);
#4465=VECTOR('',#14963,10.);
#4466=VECTOR('',#14966,10.);
#4467=VECTOR('',#14971,10.);
#4468=VECTOR('',#14972,10.);
#4469=VECTOR('',#14973,10.);
#4470=VECTOR('',#14974,10.);
#4471=VECTOR('',#14977,10.);
#4472=VECTOR('',#14978,10.);
#4473=VECTOR('',#14979,10.);
#4474=VECTOR('',#14982,10.);
#4475=VECTOR('',#14983,10.);
#4476=VECTOR('',#14986,10.);
#4477=VECTOR('',#14987,10.);
#4478=VECTOR('',#14990,10.);
#4479=VECTOR('',#14995,10.);
#4480=VECTOR('',#14996,10.);
#4481=VECTOR('',#14997,10.);
#4482=VECTOR('',#14998,10.);
#4483=VECTOR('',#15001,10.);
#4484=VECTOR('',#15002,10.);
#4485=VECTOR('',#15003,10.);
#4486=VECTOR('',#15006,10.);
#4487=VECTOR('',#15007,10.);
#4488=VECTOR('',#15010,10.);
#4489=VECTOR('',#15011,10.);
#4490=VECTOR('',#15014,10.);
#4491=VECTOR('',#15019,10.);
#4492=VECTOR('',#15020,10.);
#4493=VECTOR('',#15021,10.);
#4494=VECTOR('',#15022,10.);
#4495=VECTOR('',#15025,10.);
#4496=VECTOR('',#15026,10.);
#4497=VECTOR('',#15027,10.);
#4498=VECTOR('',#15030,10.);
#4499=VECTOR('',#15031,10.);
#4500=VECTOR('',#15034,10.);
#4501=VECTOR('',#15035,10.);
#4502=VECTOR('',#15038,10.);
#4503=VECTOR('',#15043,10.);
#4504=VECTOR('',#15044,10.);
#4505=VECTOR('',#15045,10.);
#4506=VECTOR('',#15046,10.);
#4507=VECTOR('',#15049,10.);
#4508=VECTOR('',#15050,10.);
#4509=VECTOR('',#15051,10.);
#4510=VECTOR('',#15054,10.);
#4511=VECTOR('',#15055,10.);
#4512=VECTOR('',#15058,10.);
#4513=VECTOR('',#15059,10.);
#4514=VECTOR('',#15062,10.);
#4515=VECTOR('',#15067,10.);
#4516=VECTOR('',#15068,10.);
#4517=VECTOR('',#15069,10.);
#4518=VECTOR('',#15070,10.);
#4519=VECTOR('',#15073,10.);
#4520=VECTOR('',#15074,10.);
#4521=VECTOR('',#15075,10.);
#4522=VECTOR('',#15078,10.);
#4523=VECTOR('',#15079,10.);
#4524=VECTOR('',#15082,10.);
#4525=VECTOR('',#15083,10.);
#4526=VECTOR('',#15086,10.);
#4527=VECTOR('',#15091,10.);
#4528=VECTOR('',#15092,10.);
#4529=VECTOR('',#15093,10.);
#4530=VECTOR('',#15094,10.);
#4531=VECTOR('',#15097,10.);
#4532=VECTOR('',#15098,10.);
#4533=VECTOR('',#15099,10.);
#4534=VECTOR('',#15102,10.);
#4535=VECTOR('',#15103,10.);
#4536=VECTOR('',#15106,10.);
#4537=VECTOR('',#15107,10.);
#4538=VECTOR('',#15110,10.);
#4539=VECTOR('',#15115,10.);
#4540=VECTOR('',#15116,10.);
#4541=VECTOR('',#15117,10.);
#4542=VECTOR('',#15118,10.);
#4543=VECTOR('',#15121,10.);
#4544=VECTOR('',#15122,10.);
#4545=VECTOR('',#15123,10.);
#4546=VECTOR('',#15126,10.);
#4547=VECTOR('',#15127,10.);
#4548=VECTOR('',#15130,10.);
#4549=VECTOR('',#15131,10.);
#4550=VECTOR('',#15134,10.);
#4551=VECTOR('',#15139,10.);
#4552=VECTOR('',#15140,10.);
#4553=VECTOR('',#15141,10.);
#4554=VECTOR('',#15142,10.);
#4555=VECTOR('',#15145,10.);
#4556=VECTOR('',#15146,10.);
#4557=VECTOR('',#15147,10.);
#4558=VECTOR('',#15150,10.);
#4559=VECTOR('',#15151,10.);
#4560=VECTOR('',#15154,10.);
#4561=VECTOR('',#15155,10.);
#4562=VECTOR('',#15158,10.);
#4563=VECTOR('',#15163,10.);
#4564=VECTOR('',#15164,10.);
#4565=VECTOR('',#15165,10.);
#4566=VECTOR('',#15166,10.);
#4567=VECTOR('',#15169,10.);
#4568=VECTOR('',#15170,10.);
#4569=VECTOR('',#15171,10.);
#4570=VECTOR('',#15174,10.);
#4571=VECTOR('',#15175,10.);
#4572=VECTOR('',#15178,10.);
#4573=VECTOR('',#15179,10.);
#4574=VECTOR('',#15182,10.);
#4575=VECTOR('',#15187,10.);
#4576=VECTOR('',#15188,10.);
#4577=VECTOR('',#15189,10.);
#4578=VECTOR('',#15190,10.);
#4579=VECTOR('',#15193,10.);
#4580=VECTOR('',#15194,10.);
#4581=VECTOR('',#15195,10.);
#4582=VECTOR('',#15198,10.);
#4583=VECTOR('',#15199,10.);
#4584=VECTOR('',#15202,10.);
#4585=VECTOR('',#15203,10.);
#4586=VECTOR('',#15206,10.);
#4587=VECTOR('',#15211,10.);
#4588=VECTOR('',#15212,10.);
#4589=VECTOR('',#15213,10.);
#4590=VECTOR('',#15214,10.);
#4591=VECTOR('',#15217,10.);
#4592=VECTOR('',#15218,10.);
#4593=VECTOR('',#15219,10.);
#4594=VECTOR('',#15222,10.);
#4595=VECTOR('',#15223,10.);
#4596=VECTOR('',#15226,10.);
#4597=VECTOR('',#15227,10.);
#4598=VECTOR('',#15230,10.);
#4599=VECTOR('',#15235,10.);
#4600=VECTOR('',#15236,10.);
#4601=VECTOR('',#15237,10.);
#4602=VECTOR('',#15238,10.);
#4603=VECTOR('',#15241,10.);
#4604=VECTOR('',#15242,10.);
#4605=VECTOR('',#15243,10.);
#4606=VECTOR('',#15246,10.);
#4607=VECTOR('',#15247,10.);
#4608=VECTOR('',#15250,10.);
#4609=VECTOR('',#15251,10.);
#4610=VECTOR('',#15254,10.);
#4611=VECTOR('',#15259,10.);
#4612=VECTOR('',#15260,10.);
#4613=VECTOR('',#15261,10.);
#4614=VECTOR('',#15262,10.);
#4615=VECTOR('',#15265,10.);
#4616=VECTOR('',#15266,10.);
#4617=VECTOR('',#15267,10.);
#4618=VECTOR('',#15270,10.);
#4619=VECTOR('',#15271,10.);
#4620=VECTOR('',#15274,10.);
#4621=VECTOR('',#15275,10.);
#4622=VECTOR('',#15278,10.);
#4623=VECTOR('',#15283,10.);
#4624=VECTOR('',#15284,10.);
#4625=VECTOR('',#15285,10.);
#4626=VECTOR('',#15286,10.);
#4627=VECTOR('',#15289,10.);
#4628=VECTOR('',#15290,10.);
#4629=VECTOR('',#15291,10.);
#4630=VECTOR('',#15294,10.);
#4631=VECTOR('',#15295,10.);
#4632=VECTOR('',#15298,10.);
#4633=VECTOR('',#15299,10.);
#4634=VECTOR('',#15302,10.);
#4635=VECTOR('',#15307,10.);
#4636=VECTOR('',#15308,10.);
#4637=VECTOR('',#15309,10.);
#4638=VECTOR('',#15310,10.);
#4639=VECTOR('',#15313,10.);
#4640=VECTOR('',#15314,10.);
#4641=VECTOR('',#15315,10.);
#4642=VECTOR('',#15318,10.);
#4643=VECTOR('',#15319,10.);
#4644=VECTOR('',#15322,10.);
#4645=VECTOR('',#15323,10.);
#4646=VECTOR('',#15326,10.);
#4647=VECTOR('',#15331,10.);
#4648=VECTOR('',#15332,10.);
#4649=VECTOR('',#15333,10.);
#4650=VECTOR('',#15334,10.);
#4651=VECTOR('',#15337,10.);
#4652=VECTOR('',#15338,10.);
#4653=VECTOR('',#15339,10.);
#4654=VECTOR('',#15342,10.);
#4655=VECTOR('',#15343,10.);
#4656=VECTOR('',#15346,10.);
#4657=VECTOR('',#15347,10.);
#4658=VECTOR('',#15350,10.);
#4659=VECTOR('',#15355,10.);
#4660=VECTOR('',#15356,10.);
#4661=VECTOR('',#15357,10.);
#4662=VECTOR('',#15358,10.);
#4663=VECTOR('',#15361,10.);
#4664=VECTOR('',#15362,10.);
#4665=VECTOR('',#15363,10.);
#4666=VECTOR('',#15366,10.);
#4667=VECTOR('',#15367,10.);
#4668=VECTOR('',#15370,10.);
#4669=VECTOR('',#15371,10.);
#4670=VECTOR('',#15374,10.);
#4671=VECTOR('',#15379,10.);
#4672=VECTOR('',#15380,10.);
#4673=VECTOR('',#15381,10.);
#4674=VECTOR('',#15382,10.);
#4675=VECTOR('',#15385,10.);
#4676=VECTOR('',#15386,10.);
#4677=VECTOR('',#15387,10.);
#4678=VECTOR('',#15390,10.);
#4679=VECTOR('',#15391,10.);
#4680=VECTOR('',#15394,10.);
#4681=VECTOR('',#15395,10.);
#4682=VECTOR('',#15398,10.);
#4683=VECTOR('',#15403,10.);
#4684=VECTOR('',#15404,10.);
#4685=VECTOR('',#15405,10.);
#4686=VECTOR('',#15406,10.);
#4687=VECTOR('',#15409,10.);
#4688=VECTOR('',#15410,10.);
#4689=VECTOR('',#15411,10.);
#4690=VECTOR('',#15414,10.);
#4691=VECTOR('',#15415,10.);
#4692=VECTOR('',#15418,10.);
#4693=VECTOR('',#15419,10.);
#4694=VECTOR('',#15422,10.);
#4695=VECTOR('',#15427,10.);
#4696=VECTOR('',#15430,10.);
#4697=VECTOR('',#15433,10.);
#4698=VECTOR('',#15436,10.);
#4699=VECTOR('',#15441,10.);
#4700=VECTOR('',#15442,10.);
#4701=VECTOR('',#15443,10.);
#4702=VECTOR('',#15444,10.);
#4703=VECTOR('',#15449,10.);
#4704=VECTOR('',#15452,10.);
#4705=VECTOR('',#15455,10.);
#4706=VECTOR('',#15458,10.);
#4707=VECTOR('',#15459,10.);
#4708=VECTOR('',#15460,10.);
#4709=VECTOR('',#15461,10.);
#4710=VECTOR('',#15462,10.);
#4711=VECTOR('',#15465,10.);
#4712=VECTOR('',#15466,10.);
#4713=VECTOR('',#15469,10.);
#4714=VECTOR('',#15472,10.);
#4715=VECTOR('',#15475,10.);
#4716=VECTOR('',#15478,10.);
#4717=VECTOR('',#15479,10.);
#4718=VECTOR('',#15482,10.);
#4719=VECTOR('',#15485,10.);
#4720=VECTOR('',#15490,10.);
#4721=VECTOR('',#15493,10.);
#4722=VECTOR('',#15496,10.);
#4723=VERTEX_POINT('',#15514);
#4724=VERTEX_POINT('',#15515);
#4725=VERTEX_POINT('',#15517);
#4726=VERTEX_POINT('',#15519);
#4727=VERTEX_POINT('',#15521);
#4728=VERTEX_POINT('',#15523);
#4729=VERTEX_POINT('',#15525);
#4730=VERTEX_POINT('',#15527);
#4731=VERTEX_POINT('',#15530);
#4732=VERTEX_POINT('',#15531);
#4733=VERTEX_POINT('',#15533);
#4734=VERTEX_POINT('',#15535);
#4735=VERTEX_POINT('',#15537);
#4736=VERTEX_POINT('',#15539);
#4737=VERTEX_POINT('',#15541);
#4738=VERTEX_POINT('',#15543);
#4739=VERTEX_POINT('',#15547);
#4740=VERTEX_POINT('',#15549);
#4741=VERTEX_POINT('',#15553);
#4742=VERTEX_POINT('',#15557);
#4743=VERTEX_POINT('',#15561);
#4744=VERTEX_POINT('',#15565);
#4745=VERTEX_POINT('',#15569);
#4746=VERTEX_POINT('',#15573);
#4747=VERTEX_POINT('',#15580);
#4748=VERTEX_POINT('',#15581);
#4749=VERTEX_POINT('',#15583);
#4750=VERTEX_POINT('',#15585);
#4751=VERTEX_POINT('',#15587);
#4752=VERTEX_POINT('',#15589);
#4753=VERTEX_POINT('',#15591);
#4754=VERTEX_POINT('',#15593);
#4755=VERTEX_POINT('',#15614);
#4756=VERTEX_POINT('',#15615);
#4757=VERTEX_POINT('',#15617);
#4758=VERTEX_POINT('',#15619);
#4759=VERTEX_POINT('',#15623);
#4760=VERTEX_POINT('',#15625);
#4761=VERTEX_POINT('',#15629);
#4762=VERTEX_POINT('',#15631);
#4763=VERTEX_POINT('',#15641);
#4764=VERTEX_POINT('',#15642);
#4765=VERTEX_POINT('',#15644);
#4766=VERTEX_POINT('',#15646);
#4767=VERTEX_POINT('',#15650);
#4768=VERTEX_POINT('',#15652);
#4769=VERTEX_POINT('',#15656);
#4770=VERTEX_POINT('',#15658);
#4771=VERTEX_POINT('',#15677);
#4772=VERTEX_POINT('',#15678);
#4773=VERTEX_POINT('',#15680);
#4774=VERTEX_POINT('',#15682);
#4775=VERTEX_POINT('',#15686);
#4776=VERTEX_POINT('',#15688);
#4777=VERTEX_POINT('',#15692);
#4778=VERTEX_POINT('',#15694);
#4779=VERTEX_POINT('',#15698);
#4780=VERTEX_POINT('',#15700);
#4781=VERTEX_POINT('',#15704);
#4782=VERTEX_POINT('',#15706);
#4783=VERTEX_POINT('',#15710);
#4784=VERTEX_POINT('',#15711);
#4785=VERTEX_POINT('',#15713);
#4786=VERTEX_POINT('',#15715);
#4787=VERTEX_POINT('',#15719);
#4788=VERTEX_POINT('',#15721);
#4789=VERTEX_POINT('',#15725);
#4790=VERTEX_POINT('',#15727);
#4791=VERTEX_POINT('',#15731);
#4792=VERTEX_POINT('',#15733);
#4793=VERTEX_POINT('',#15737);
#4794=VERTEX_POINT('',#15739);
#4795=VERTEX_POINT('',#15743);
#4796=VERTEX_POINT('',#15745);
#4797=VERTEX_POINT('',#15749);
#4798=VERTEX_POINT('',#15751);
#4799=VERTEX_POINT('',#15755);
#4800=VERTEX_POINT('',#15757);
#4801=VERTEX_POINT('',#15761);
#4802=VERTEX_POINT('',#15763);
#4803=VERTEX_POINT('',#15767);
#4804=VERTEX_POINT('',#15769);
#4805=VERTEX_POINT('',#15773);
#4806=VERTEX_POINT('',#15775);
#4807=VERTEX_POINT('',#15779);
#4808=VERTEX_POINT('',#15781);
#4809=VERTEX_POINT('',#15785);
#4810=VERTEX_POINT('',#15787);
#4811=VERTEX_POINT('',#15791);
#4812=VERTEX_POINT('',#15793);
#4813=VERTEX_POINT('',#15797);
#4814=VERTEX_POINT('',#15799);
#4815=VERTEX_POINT('',#15803);
#4816=VERTEX_POINT('',#15805);
#4817=VERTEX_POINT('',#15809);
#4818=VERTEX_POINT('',#15811);
#4819=VERTEX_POINT('',#15815);
#4820=VERTEX_POINT('',#15817);
#4821=VERTEX_POINT('',#15821);
#4822=VERTEX_POINT('',#15823);
#4823=VERTEX_POINT('',#15827);
#4824=VERTEX_POINT('',#15829);
#4825=VERTEX_POINT('',#15833);
#4826=VERTEX_POINT('',#15835);
#4827=VERTEX_POINT('',#15839);
#4828=VERTEX_POINT('',#15841);
#4829=VERTEX_POINT('',#15845);
#4830=VERTEX_POINT('',#15847);
#4831=VERTEX_POINT('',#15851);
#4832=VERTEX_POINT('',#15853);
#4833=VERTEX_POINT('',#15857);
#4834=VERTEX_POINT('',#15859);
#4835=VERTEX_POINT('',#15863);
#4836=VERTEX_POINT('',#15865);
#4837=VERTEX_POINT('',#15869);
#4838=VERTEX_POINT('',#15871);
#4839=VERTEX_POINT('',#15875);
#4840=VERTEX_POINT('',#15877);
#4841=VERTEX_POINT('',#15881);
#4842=VERTEX_POINT('',#15883);
#4843=VERTEX_POINT('',#15887);
#4844=VERTEX_POINT('',#15889);
#4845=VERTEX_POINT('',#15893);
#4846=VERTEX_POINT('',#15895);
#4847=VERTEX_POINT('',#15899);
#4848=VERTEX_POINT('',#15901);
#4849=VERTEX_POINT('',#15905);
#4850=VERTEX_POINT('',#15907);
#4851=VERTEX_POINT('',#15911);
#4852=VERTEX_POINT('',#15913);
#4853=VERTEX_POINT('',#15917);
#4854=VERTEX_POINT('',#15919);
#4855=VERTEX_POINT('',#15923);
#4856=VERTEX_POINT('',#15925);
#4857=VERTEX_POINT('',#15929);
#4858=VERTEX_POINT('',#15931);
#4859=VERTEX_POINT('',#15935);
#4860=VERTEX_POINT('',#15937);
#4861=VERTEX_POINT('',#15941);
#4862=VERTEX_POINT('',#15943);
#4863=VERTEX_POINT('',#15947);
#4864=VERTEX_POINT('',#15949);
#4865=VERTEX_POINT('',#15953);
#4866=VERTEX_POINT('',#15955);
#4867=VERTEX_POINT('',#15959);
#4868=VERTEX_POINT('',#15961);
#4869=VERTEX_POINT('',#15965);
#4870=VERTEX_POINT('',#15967);
#4871=VERTEX_POINT('',#15971);
#4872=VERTEX_POINT('',#15973);
#4873=VERTEX_POINT('',#15977);
#4874=VERTEX_POINT('',#15979);
#4875=VERTEX_POINT('',#15983);
#4876=VERTEX_POINT('',#15985);
#4877=VERTEX_POINT('',#15989);
#4878=VERTEX_POINT('',#15991);
#4879=VERTEX_POINT('',#15995);
#4880=VERTEX_POINT('',#15997);
#4881=VERTEX_POINT('',#16001);
#4882=VERTEX_POINT('',#16003);
#4883=VERTEX_POINT('',#16007);
#4884=VERTEX_POINT('',#16009);
#4885=VERTEX_POINT('',#16013);
#4886=VERTEX_POINT('',#16015);
#4887=VERTEX_POINT('',#16019);
#4888=VERTEX_POINT('',#16021);
#4889=VERTEX_POINT('',#16025);
#4890=VERTEX_POINT('',#16027);
#4891=VERTEX_POINT('',#16031);
#4892=VERTEX_POINT('',#16033);
#4893=VERTEX_POINT('',#16037);
#4894=VERTEX_POINT('',#16039);
#4895=VERTEX_POINT('',#16043);
#4896=VERTEX_POINT('',#16045);
#4897=VERTEX_POINT('',#16049);
#4898=VERTEX_POINT('',#16051);
#4899=VERTEX_POINT('',#16055);
#4900=VERTEX_POINT('',#16057);
#4901=VERTEX_POINT('',#16061);
#4902=VERTEX_POINT('',#16063);
#4903=VERTEX_POINT('',#16067);
#4904=VERTEX_POINT('',#16069);
#4905=VERTEX_POINT('',#16073);
#4906=VERTEX_POINT('',#16075);
#4907=VERTEX_POINT('',#16079);
#4908=VERTEX_POINT('',#16081);
#4909=VERTEX_POINT('',#16085);
#4910=VERTEX_POINT('',#16087);
#4911=VERTEX_POINT('',#16091);
#4912=VERTEX_POINT('',#16092);
#4913=VERTEX_POINT('',#16094);
#4914=VERTEX_POINT('',#16096);
#4915=VERTEX_POINT('',#16099);
#4916=VERTEX_POINT('',#16100);
#4917=VERTEX_POINT('',#16102);
#4918=VERTEX_POINT('',#16128);
#4919=VERTEX_POINT('',#16130);
#4920=VERTEX_POINT('',#16132);
#4921=VERTEX_POINT('',#16134);
#4922=VERTEX_POINT('',#16140);
#4923=VERTEX_POINT('',#16142);
#4924=VERTEX_POINT('',#16148);
#4925=VERTEX_POINT('',#16150);
#4926=VERTEX_POINT('',#16153);
#4927=VERTEX_POINT('',#16154);
#4928=VERTEX_POINT('',#16156);
#4929=VERTEX_POINT('',#16170);
#4930=VERTEX_POINT('',#16172);
#4931=VERTEX_POINT('',#16176);
#4932=VERTEX_POINT('',#16178);
#4933=VERTEX_POINT('',#16185);
#4934=VERTEX_POINT('',#16187);
#4935=VERTEX_POINT('',#16189);
#4936=VERTEX_POINT('',#16191);
#4937=VERTEX_POINT('',#16193);
#4938=VERTEX_POINT('',#16195);
#4939=VERTEX_POINT('',#16202);
#4940=VERTEX_POINT('',#16204);
#4941=VERTEX_POINT('',#16210);
#4942=VERTEX_POINT('',#16212);
#4943=VERTEX_POINT('',#16214);
#4944=VERTEX_POINT('',#16216);
#4945=VERTEX_POINT('',#16218);
#4946=VERTEX_POINT('',#16225);
#4947=VERTEX_POINT('',#16227);
#4948=VERTEX_POINT('',#16229);
#4949=VERTEX_POINT('',#16243);
#4950=VERTEX_POINT('',#16245);
#4951=VERTEX_POINT('',#16247);
#4952=VERTEX_POINT('',#16249);
#4953=VERTEX_POINT('',#16255);
#4954=VERTEX_POINT('',#16257);
#4955=VERTEX_POINT('',#16263);
#4956=VERTEX_POINT('',#16266);
#4957=VERTEX_POINT('',#16267);
#4958=VERTEX_POINT('',#16269);
#4959=VERTEX_POINT('',#16301);
#4960=VERTEX_POINT('',#16303);
#4961=VERTEX_POINT('',#16305);
#4962=VERTEX_POINT('',#16307);
#4963=VERTEX_POINT('',#16330);
#4964=VERTEX_POINT('',#16333);
#4965=VERTEX_POINT('',#16334);
#4966=VERTEX_POINT('',#16336);
#4967=VERTEX_POINT('',#16350);
#4968=VERTEX_POINT('',#16352);
#4969=VERTEX_POINT('',#16354);
#4970=VERTEX_POINT('',#16356);
#4971=VERTEX_POINT('',#16361);
#4972=VERTEX_POINT('',#16363);
#4973=VERTEX_POINT('',#16365);
#4974=VERTEX_POINT('',#16371);
#4975=VERTEX_POINT('',#16373);
#4976=VERTEX_POINT('',#16375);
#4977=VERTEX_POINT('',#16377);
#4978=VERTEX_POINT('',#16383);
#4979=VERTEX_POINT('',#16385);
#4980=VERTEX_POINT('',#16405);
#4981=VERTEX_POINT('',#16407);
#4982=VERTEX_POINT('',#16409);
#4983=VERTEX_POINT('',#16411);
#4984=VERTEX_POINT('',#16422);
#4985=VERTEX_POINT('',#16424);
#4986=VERTEX_POINT('',#16426);
#4987=VERTEX_POINT('',#16428);
#4988=VERTEX_POINT('',#16431);
#4989=VERTEX_POINT('',#16432);
#4990=VERTEX_POINT('',#16434);
#4991=VERTEX_POINT('',#16436);
#4992=VERTEX_POINT('',#16438);
#4993=VERTEX_POINT('',#16440);
#4994=VERTEX_POINT('',#16442);
#4995=VERTEX_POINT('',#16445);
#4996=VERTEX_POINT('',#16446);
#4997=VERTEX_POINT('',#16448);
#4998=VERTEX_POINT('',#16480);
#4999=VERTEX_POINT('',#16482);
#5000=VERTEX_POINT('',#16484);
#5001=VERTEX_POINT('',#16486);
#5002=VERTEX_POINT('',#16503);
#5003=VERTEX_POINT('',#16505);
#5004=VERTEX_POINT('',#16507);
#5005=VERTEX_POINT('',#16509);
#5006=VERTEX_POINT('',#16523);
#5007=VERTEX_POINT('',#16525);
#5008=VERTEX_POINT('',#16527);
#5009=VERTEX_POINT('',#16529);
#5010=VERTEX_POINT('',#16543);
#5011=VERTEX_POINT('',#16546);
#5012=VERTEX_POINT('',#16547);
#5013=VERTEX_POINT('',#16549);
#5014=VERTEX_POINT('',#16551);
#5015=VERTEX_POINT('',#16553);
#5016=VERTEX_POINT('',#16555);
#5017=VERTEX_POINT('',#16557);
#5018=VERTEX_POINT('',#16593);
#5019=VERTEX_POINT('',#16594);
#5020=VERTEX_POINT('',#16596);
#5021=VERTEX_POINT('',#16598);
#5022=VERTEX_POINT('',#16602);
#5023=VERTEX_POINT('',#16604);
#5024=VERTEX_POINT('',#16611);
#5025=VERTEX_POINT('',#16613);
#5026=VERTEX_POINT('',#16617);
#5027=VERTEX_POINT('',#16619);
#5028=VERTEX_POINT('',#16623);
#5029=VERTEX_POINT('',#16624);
#5030=VERTEX_POINT('',#16629);
#5031=VERTEX_POINT('',#16631);
#5032=VERTEX_POINT('',#16635);
#5033=VERTEX_POINT('',#16637);
#5034=VERTEX_POINT('',#16644);
#5035=VERTEX_POINT('',#16646);
#5036=VERTEX_POINT('',#16650);
#5037=VERTEX_POINT('',#16652);
#5038=VERTEX_POINT('',#16656);
#5039=VERTEX_POINT('',#16658);
#5040=VERTEX_POINT('',#16662);
#5041=VERTEX_POINT('',#16663);
#5042=VERTEX_POINT('',#16668);
#5043=VERTEX_POINT('',#16670);
#5044=VERTEX_POINT('',#16674);
#5045=VERTEX_POINT('',#16676);
#5046=VERTEX_POINT('',#16680);
#5047=VERTEX_POINT('',#16681);
#5048=VERTEX_POINT('',#16686);
#5049=VERTEX_POINT('',#16688);
#5050=VERTEX_POINT('',#16692);
#5051=VERTEX_POINT('',#16694);
#5052=VERTEX_POINT('',#16698);
#5053=VERTEX_POINT('',#16699);
#5054=VERTEX_POINT('',#16704);
#5055=VERTEX_POINT('',#16706);
#5056=VERTEX_POINT('',#16710);
#5057=VERTEX_POINT('',#16712);
#5058=VERTEX_POINT('',#16716);
#5059=VERTEX_POINT('',#16718);
#5060=VERTEX_POINT('',#16722);
#5061=VERTEX_POINT('',#16724);
#5062=VERTEX_POINT('',#16728);
#5063=VERTEX_POINT('',#16730);
#5064=VERTEX_POINT('',#16734);
#5065=VERTEX_POINT('',#16736);
#5066=VERTEX_POINT('',#16796);
#5067=VERTEX_POINT('',#16798);
#5068=VERTEX_POINT('',#16826);
#5069=VERTEX_POINT('',#16830);
#5070=VERTEX_POINT('',#16834);
#5071=VERTEX_POINT('',#16847);
#5072=VERTEX_POINT('',#16855);
#5073=VERTEX_POINT('',#16868);
#5074=VERTEX_POINT('',#16876);
#5075=VERTEX_POINT('',#16880);
#5076=VERTEX_POINT('',#16884);
#5077=VERTEX_POINT('',#16916);
#5078=VERTEX_POINT('',#16918);
#5079=VERTEX_POINT('',#16934);
#5080=VERTEX_POINT('',#16943);
#5081=VERTEX_POINT('',#16949);
#5082=VERTEX_POINT('',#16964);
#5083=VERTEX_POINT('',#16973);
#5084=VERTEX_POINT('',#16977);
#5085=VERTEX_POINT('',#16981);
#5086=VERTEX_POINT('',#16985);
#5087=VERTEX_POINT('',#16989);
#5088=VERTEX_POINT('',#17004);
#5089=VERTEX_POINT('',#17013);
#5090=VERTEX_POINT('',#17026);
#5091=VERTEX_POINT('',#17034);
#5092=VERTEX_POINT('',#17038);
#5093=VERTEX_POINT('',#17042);
#5094=VERTEX_POINT('',#17046);
#5095=VERTEX_POINT('',#17061);
#5096=VERTEX_POINT('',#17070);
#5097=VERTEX_POINT('',#17074);
#5098=VERTEX_POINT('',#17103);
#5099=VERTEX_POINT('',#17119);
#5100=VERTEX_POINT('',#17123);
#5101=VERTEX_POINT('',#17127);
#5102=VERTEX_POINT('',#17140);
#5103=VERTEX_POINT('',#17148);
#5104=VERTEX_POINT('',#17161);
#5105=VERTEX_POINT('',#17169);
#5106=VERTEX_POINT('',#17173);
#5107=VERTEX_POINT('',#17241);
#5108=VERTEX_POINT('',#17243);
#5109=VERTEX_POINT('',#17277);
#5110=VERTEX_POINT('',#17281);
#5111=VERTEX_POINT('',#17285);
#5112=VERTEX_POINT('',#17332);
#5113=VERTEX_POINT('',#17357);
#5114=VERTEX_POINT('',#17361);
#5115=VERTEX_POINT('',#17393);
#5116=VERTEX_POINT('',#17395);
#5117=VERTEX_POINT('',#17411);
#5118=VERTEX_POINT('',#17415);
#5119=VERTEX_POINT('',#17419);
#5120=VERTEX_POINT('',#17430);
#5121=VERTEX_POINT('',#17437);
#5122=VERTEX_POINT('',#17441);
#5123=VERTEX_POINT('',#17454);
#5124=VERTEX_POINT('',#17462);
#5125=VERTEX_POINT('',#17466);
#5126=VERTEX_POINT('',#17470);
#5127=VERTEX_POINT('',#17483);
#5128=VERTEX_POINT('',#17491);
#5129=VERTEX_POINT('',#17532);
#5130=VERTEX_POINT('',#17554);
#5131=VERTEX_POINT('',#17558);
#5132=VERTEX_POINT('',#17562);
#5133=VERTEX_POINT('',#17585);
#5134=VERTEX_POINT('',#17598);
#5135=VERTEX_POINT('',#17602);
#5136=VERTEX_POINT('',#17606);
#5137=VERTEX_POINT('',#17610);
#5138=VERTEX_POINT('',#17614);
#5139=VERTEX_POINT('',#17621);
#5140=VERTEX_POINT('',#17623);
#5141=VERTEX_POINT('',#17627);
#5142=VERTEX_POINT('',#17631);
#5143=VERTEX_POINT('',#17635);
#5144=VERTEX_POINT('',#17639);
#5145=VERTEX_POINT('',#17643);
#5146=VERTEX_POINT('',#17705);
#5147=VERTEX_POINT('',#17707);
#5148=VERTEX_POINT('',#17738);
#5149=VERTEX_POINT('',#17742);
#5150=VERTEX_POINT('',#17746);
#5151=VERTEX_POINT('',#17781);
#5152=VERTEX_POINT('',#17800);
#5153=VERTEX_POINT('',#17804);
#5154=VERTEX_POINT('',#17808);
#5155=VERTEX_POINT('',#17837);
#5156=VERTEX_POINT('',#17853);
#5157=VERTEX_POINT('',#17857);
#5158=VERTEX_POINT('',#17861);
#5159=VERTEX_POINT('',#17890);
#5160=VERTEX_POINT('',#17906);
#5161=VERTEX_POINT('',#17910);
#5162=VERTEX_POINT('',#17917);
#5163=VERTEX_POINT('',#17918);
#5164=VERTEX_POINT('',#17920);
#5165=VERTEX_POINT('',#17922);
#5166=VERTEX_POINT('',#17926);
#5167=VERTEX_POINT('',#17928);
#5168=VERTEX_POINT('',#17932);
#5169=VERTEX_POINT('',#17934);
#5170=VERTEX_POINT('',#17938);
#5171=VERTEX_POINT('',#17940);
#5172=VERTEX_POINT('',#17944);
#5173=VERTEX_POINT('',#17946);
#5174=VERTEX_POINT('',#17950);
#5175=VERTEX_POINT('',#17952);
#5176=VERTEX_POINT('',#17956);
#5177=VERTEX_POINT('',#17958);
#5178=VERTEX_POINT('',#17962);
#5179=VERTEX_POINT('',#17964);
#5180=VERTEX_POINT('',#17981);
#5181=VERTEX_POINT('',#17983);
#5182=VERTEX_POINT('',#17987);
#5183=VERTEX_POINT('',#17991);
#5184=VERTEX_POINT('',#17995);
#5185=VERTEX_POINT('',#17999);
#5186=VERTEX_POINT('',#18003);
#5187=VERTEX_POINT('',#18010);
#5188=VERTEX_POINT('',#18011);
#5189=VERTEX_POINT('',#18013);
#5190=VERTEX_POINT('',#18015);
#5191=VERTEX_POINT('',#18019);
#5192=VERTEX_POINT('',#18021);
#5193=VERTEX_POINT('',#18025);
#5194=VERTEX_POINT('',#18029);
#5195=VERTEX_POINT('',#18038);
#5196=VERTEX_POINT('',#18039);
#5197=VERTEX_POINT('',#18041);
#5198=VERTEX_POINT('',#18043);
#5199=VERTEX_POINT('',#18047);
#5200=VERTEX_POINT('',#18049);
#5201=VERTEX_POINT('',#18053);
#5202=VERTEX_POINT('',#18057);
#5203=VERTEX_POINT('',#18064);
#5204=VERTEX_POINT('',#18065);
#5205=VERTEX_POINT('',#18067);
#5206=VERTEX_POINT('',#18069);
#5207=VERTEX_POINT('',#18073);
#5208=VERTEX_POINT('',#18075);
#5209=VERTEX_POINT('',#18079);
#5210=VERTEX_POINT('',#18083);
#5211=VERTEX_POINT('',#18090);
#5212=VERTEX_POINT('',#18091);
#5213=VERTEX_POINT('',#18093);
#5214=VERTEX_POINT('',#18095);
#5215=VERTEX_POINT('',#18099);
#5216=VERTEX_POINT('',#18101);
#5217=VERTEX_POINT('',#18105);
#5218=VERTEX_POINT('',#18109);
#5219=VERTEX_POINT('',#18116);
#5220=VERTEX_POINT('',#18117);
#5221=VERTEX_POINT('',#18119);
#5222=VERTEX_POINT('',#18121);
#5223=VERTEX_POINT('',#18125);
#5224=VERTEX_POINT('',#18127);
#5225=VERTEX_POINT('',#18131);
#5226=VERTEX_POINT('',#18135);
#5227=VERTEX_POINT('',#18142);
#5228=VERTEX_POINT('',#18143);
#5229=VERTEX_POINT('',#18145);
#5230=VERTEX_POINT('',#18147);
#5231=VERTEX_POINT('',#18151);
#5232=VERTEX_POINT('',#18153);
#5233=VERTEX_POINT('',#18157);
#5234=VERTEX_POINT('',#18161);
#5235=VERTEX_POINT('',#18168);
#5236=VERTEX_POINT('',#18169);
#5237=VERTEX_POINT('',#18171);
#5238=VERTEX_POINT('',#18173);
#5239=VERTEX_POINT('',#18177);
#5240=VERTEX_POINT('',#18179);
#5241=VERTEX_POINT('',#18183);
#5242=VERTEX_POINT('',#18187);
#5243=VERTEX_POINT('',#18194);
#5244=VERTEX_POINT('',#18195);
#5245=VERTEX_POINT('',#18197);
#5246=VERTEX_POINT('',#18199);
#5247=VERTEX_POINT('',#18203);
#5248=VERTEX_POINT('',#18205);
#5249=VERTEX_POINT('',#18209);
#5250=VERTEX_POINT('',#18213);
#5251=VERTEX_POINT('',#18220);
#5252=VERTEX_POINT('',#18221);
#5253=VERTEX_POINT('',#18223);
#5254=VERTEX_POINT('',#18225);
#5255=VERTEX_POINT('',#18229);
#5256=VERTEX_POINT('',#18231);
#5257=VERTEX_POINT('',#18235);
#5258=VERTEX_POINT('',#18239);
#5259=VERTEX_POINT('',#18246);
#5260=VERTEX_POINT('',#18247);
#5261=VERTEX_POINT('',#18249);
#5262=VERTEX_POINT('',#18251);
#5263=VERTEX_POINT('',#18255);
#5264=VERTEX_POINT('',#18256);
#5265=VERTEX_POINT('',#18261);
#5266=VERTEX_POINT('',#18265);
#5267=VERTEX_POINT('',#18272);
#5268=VERTEX_POINT('',#18273);
#5269=VERTEX_POINT('',#18275);
#5270=VERTEX_POINT('',#18277);
#5271=VERTEX_POINT('',#18281);
#5272=VERTEX_POINT('',#18283);
#5273=VERTEX_POINT('',#18287);
#5274=VERTEX_POINT('',#18291);
#5275=VERTEX_POINT('',#18298);
#5276=VERTEX_POINT('',#18299);
#5277=VERTEX_POINT('',#18301);
#5278=VERTEX_POINT('',#18303);
#5279=VERTEX_POINT('',#18307);
#5280=VERTEX_POINT('',#18309);
#5281=VERTEX_POINT('',#18313);
#5282=VERTEX_POINT('',#18317);
#5283=VERTEX_POINT('',#18324);
#5284=VERTEX_POINT('',#18325);
#5285=VERTEX_POINT('',#18327);
#5286=VERTEX_POINT('',#18329);
#5287=VERTEX_POINT('',#18333);
#5288=VERTEX_POINT('',#18335);
#5289=VERTEX_POINT('',#18339);
#5290=VERTEX_POINT('',#18343);
#5291=VERTEX_POINT('',#18350);
#5292=VERTEX_POINT('',#18351);
#5293=VERTEX_POINT('',#18353);
#5294=VERTEX_POINT('',#18355);
#5295=VERTEX_POINT('',#18359);
#5296=VERTEX_POINT('',#18360);
#5297=VERTEX_POINT('',#18365);
#5298=VERTEX_POINT('',#18369);
#5299=VERTEX_POINT('',#18376);
#5300=VERTEX_POINT('',#18377);
#5301=VERTEX_POINT('',#18379);
#5302=VERTEX_POINT('',#18381);
#5303=VERTEX_POINT('',#18385);
#5304=VERTEX_POINT('',#18387);
#5305=VERTEX_POINT('',#18391);
#5306=VERTEX_POINT('',#18395);
#5307=VERTEX_POINT('',#18402);
#5308=VERTEX_POINT('',#18403);
#5309=VERTEX_POINT('',#18405);
#5310=VERTEX_POINT('',#18407);
#5311=VERTEX_POINT('',#18411);
#5312=VERTEX_POINT('',#18413);
#5313=VERTEX_POINT('',#18417);
#5314=VERTEX_POINT('',#18421);
#5315=VERTEX_POINT('',#18428);
#5316=VERTEX_POINT('',#18429);
#5317=VERTEX_POINT('',#18431);
#5318=VERTEX_POINT('',#18433);
#5319=VERTEX_POINT('',#18437);
#5320=VERTEX_POINT('',#18438);
#5321=VERTEX_POINT('',#18443);
#5322=VERTEX_POINT('',#18447);
#5323=VERTEX_POINT('',#18454);
#5324=VERTEX_POINT('',#18455);
#5325=VERTEX_POINT('',#18457);
#5326=VERTEX_POINT('',#18459);
#5327=VERTEX_POINT('',#18463);
#5328=VERTEX_POINT('',#18465);
#5329=VERTEX_POINT('',#18469);
#5330=VERTEX_POINT('',#18473);
#5331=VERTEX_POINT('',#18480);
#5332=VERTEX_POINT('',#18481);
#5333=VERTEX_POINT('',#18483);
#5334=VERTEX_POINT('',#18485);
#5335=VERTEX_POINT('',#18489);
#5336=VERTEX_POINT('',#18491);
#5337=VERTEX_POINT('',#18495);
#5338=VERTEX_POINT('',#18499);
#5339=VERTEX_POINT('',#18506);
#5340=VERTEX_POINT('',#18507);
#5341=VERTEX_POINT('',#18509);
#5342=VERTEX_POINT('',#18511);
#5343=VERTEX_POINT('',#18515);
#5344=VERTEX_POINT('',#18517);
#5345=VERTEX_POINT('',#18521);
#5346=VERTEX_POINT('',#18525);
#5347=VERTEX_POINT('',#18532);
#5348=VERTEX_POINT('',#18533);
#5349=VERTEX_POINT('',#18535);
#5350=VERTEX_POINT('',#18537);
#5351=VERTEX_POINT('',#18541);
#5352=VERTEX_POINT('',#18542);
#5353=VERTEX_POINT('',#18547);
#5354=VERTEX_POINT('',#18551);
#5355=VERTEX_POINT('',#18558);
#5356=VERTEX_POINT('',#18559);
#5357=VERTEX_POINT('',#18561);
#5358=VERTEX_POINT('',#18563);
#5359=VERTEX_POINT('',#18567);
#5360=VERTEX_POINT('',#18569);
#5361=VERTEX_POINT('',#18573);
#5362=VERTEX_POINT('',#18577);
#5363=VERTEX_POINT('',#18584);
#5364=VERTEX_POINT('',#18585);
#5365=VERTEX_POINT('',#18587);
#5366=VERTEX_POINT('',#18589);
#5367=VERTEX_POINT('',#18593);
#5368=VERTEX_POINT('',#18595);
#5369=VERTEX_POINT('',#18599);
#5370=VERTEX_POINT('',#18603);
#5371=VERTEX_POINT('',#18610);
#5372=VERTEX_POINT('',#18611);
#5373=VERTEX_POINT('',#18613);
#5374=VERTEX_POINT('',#18615);
#5375=VERTEX_POINT('',#18619);
#5376=VERTEX_POINT('',#18621);
#5377=VERTEX_POINT('',#18625);
#5378=VERTEX_POINT('',#18629);
#5379=VERTEX_POINT('',#18636);
#5380=VERTEX_POINT('',#18637);
#5381=VERTEX_POINT('',#18639);
#5382=VERTEX_POINT('',#18641);
#5383=VERTEX_POINT('',#18645);
#5384=VERTEX_POINT('',#18647);
#5385=VERTEX_POINT('',#18651);
#5386=VERTEX_POINT('',#18655);
#5387=VERTEX_POINT('',#18662);
#5388=VERTEX_POINT('',#18663);
#5389=VERTEX_POINT('',#18665);
#5390=VERTEX_POINT('',#18667);
#5391=VERTEX_POINT('',#18671);
#5392=VERTEX_POINT('',#18672);
#5393=VERTEX_POINT('',#18677);
#5394=VERTEX_POINT('',#18681);
#5395=VERTEX_POINT('',#18688);
#5396=VERTEX_POINT('',#18689);
#5397=VERTEX_POINT('',#18691);
#5398=VERTEX_POINT('',#18693);
#5399=VERTEX_POINT('',#18697);
#5400=VERTEX_POINT('',#18699);
#5401=VERTEX_POINT('',#18703);
#5402=VERTEX_POINT('',#18707);
#5403=VERTEX_POINT('',#18714);
#5404=VERTEX_POINT('',#18715);
#5405=VERTEX_POINT('',#18717);
#5406=VERTEX_POINT('',#18719);
#5407=VERTEX_POINT('',#18723);
#5408=VERTEX_POINT('',#18725);
#5409=VERTEX_POINT('',#18729);
#5410=VERTEX_POINT('',#18733);
#5411=VERTEX_POINT('',#18740);
#5412=VERTEX_POINT('',#18741);
#5413=VERTEX_POINT('',#18743);
#5414=VERTEX_POINT('',#18745);
#5415=VERTEX_POINT('',#18749);
#5416=VERTEX_POINT('',#18750);
#5417=VERTEX_POINT('',#18755);
#5418=VERTEX_POINT('',#18759);
#5419=VERTEX_POINT('',#18766);
#5420=VERTEX_POINT('',#18767);
#5421=VERTEX_POINT('',#18769);
#5422=VERTEX_POINT('',#18771);
#5423=VERTEX_POINT('',#18775);
#5424=VERTEX_POINT('',#18777);
#5425=VERTEX_POINT('',#18781);
#5426=VERTEX_POINT('',#18785);
#5427=VERTEX_POINT('',#18792);
#5428=VERTEX_POINT('',#18793);
#5429=VERTEX_POINT('',#18795);
#5430=VERTEX_POINT('',#18797);
#5431=VERTEX_POINT('',#18801);
#5432=VERTEX_POINT('',#18803);
#5433=VERTEX_POINT('',#18807);
#5434=VERTEX_POINT('',#18811);
#5435=VERTEX_POINT('',#18818);
#5436=VERTEX_POINT('',#18819);
#5437=VERTEX_POINT('',#18821);
#5438=VERTEX_POINT('',#18823);
#5439=VERTEX_POINT('',#18827);
#5440=VERTEX_POINT('',#18829);
#5441=VERTEX_POINT('',#18833);
#5442=VERTEX_POINT('',#18837);
#5443=VERTEX_POINT('',#18844);
#5444=VERTEX_POINT('',#18845);
#5445=VERTEX_POINT('',#18847);
#5446=VERTEX_POINT('',#18849);
#5447=VERTEX_POINT('',#18853);
#5448=VERTEX_POINT('',#18855);
#5449=VERTEX_POINT('',#18859);
#5450=VERTEX_POINT('',#18863);
#5451=VERTEX_POINT('',#18870);
#5452=VERTEX_POINT('',#18871);
#5453=VERTEX_POINT('',#18873);
#5454=VERTEX_POINT('',#18875);
#5455=VERTEX_POINT('',#18879);
#5456=VERTEX_POINT('',#18881);
#5457=VERTEX_POINT('',#18885);
#5458=VERTEX_POINT('',#18889);
#5459=VERTEX_POINT('',#18896);
#5460=VERTEX_POINT('',#18897);
#5461=VERTEX_POINT('',#18899);
#5462=VERTEX_POINT('',#18901);
#5463=VERTEX_POINT('',#18905);
#5464=VERTEX_POINT('',#18906);
#5465=VERTEX_POINT('',#18911);
#5466=VERTEX_POINT('',#18915);
#5467=VERTEX_POINT('',#18922);
#5468=VERTEX_POINT('',#18923);
#5469=VERTEX_POINT('',#18925);
#5470=VERTEX_POINT('',#18927);
#5471=VERTEX_POINT('',#18931);
#5472=VERTEX_POINT('',#18933);
#5473=VERTEX_POINT('',#18937);
#5474=VERTEX_POINT('',#18941);
#5475=VERTEX_POINT('',#18948);
#5476=VERTEX_POINT('',#18949);
#5477=VERTEX_POINT('',#18951);
#5478=VERTEX_POINT('',#18953);
#5479=VERTEX_POINT('',#18957);
#5480=VERTEX_POINT('',#18959);
#5481=VERTEX_POINT('',#18963);
#5482=VERTEX_POINT('',#18967);
#5483=VERTEX_POINT('',#18974);
#5484=VERTEX_POINT('',#18975);
#5485=VERTEX_POINT('',#18977);
#5486=VERTEX_POINT('',#18979);
#5487=VERTEX_POINT('',#18983);
#5488=VERTEX_POINT('',#18985);
#5489=VERTEX_POINT('',#18989);
#5490=VERTEX_POINT('',#18993);
#5491=VERTEX_POINT('',#19000);
#5492=VERTEX_POINT('',#19001);
#5493=VERTEX_POINT('',#19003);
#5494=VERTEX_POINT('',#19005);
#5495=VERTEX_POINT('',#19009);
#5496=VERTEX_POINT('',#19011);
#5497=VERTEX_POINT('',#19015);
#5498=VERTEX_POINT('',#19019);
#5499=VERTEX_POINT('',#19026);
#5500=VERTEX_POINT('',#19027);
#5501=VERTEX_POINT('',#19029);
#5502=VERTEX_POINT('',#19031);
#5503=VERTEX_POINT('',#19035);
#5504=VERTEX_POINT('',#19037);
#5505=VERTEX_POINT('',#19041);
#5506=VERTEX_POINT('',#19045);
#5507=VERTEX_POINT('',#19052);
#5508=VERTEX_POINT('',#19053);
#5509=VERTEX_POINT('',#19055);
#5510=VERTEX_POINT('',#19057);
#5511=VERTEX_POINT('',#19061);
#5512=VERTEX_POINT('',#19063);
#5513=VERTEX_POINT('',#19067);
#5514=VERTEX_POINT('',#19071);
#5515=VERTEX_POINT('',#19078);
#5516=VERTEX_POINT('',#19079);
#5517=VERTEX_POINT('',#19081);
#5518=VERTEX_POINT('',#19083);
#5519=VERTEX_POINT('',#19087);
#5520=VERTEX_POINT('',#19088);
#5521=VERTEX_POINT('',#19093);
#5522=VERTEX_POINT('',#19097);
#5523=VERTEX_POINT('',#19104);
#5524=VERTEX_POINT('',#19105);
#5525=VERTEX_POINT('',#19107);
#5526=VERTEX_POINT('',#19109);
#5527=VERTEX_POINT('',#19113);
#5528=VERTEX_POINT('',#19115);
#5529=VERTEX_POINT('',#19119);
#5530=VERTEX_POINT('',#19123);
#5531=VERTEX_POINT('',#19130);
#5532=VERTEX_POINT('',#19131);
#5533=VERTEX_POINT('',#19133);
#5534=VERTEX_POINT('',#19135);
#5535=VERTEX_POINT('',#19139);
#5536=VERTEX_POINT('',#19141);
#5537=VERTEX_POINT('',#19145);
#5538=VERTEX_POINT('',#19149);
#5539=VERTEX_POINT('',#19156);
#5540=VERTEX_POINT('',#19157);
#5541=VERTEX_POINT('',#19159);
#5542=VERTEX_POINT('',#19161);
#5543=VERTEX_POINT('',#19165);
#5544=VERTEX_POINT('',#19167);
#5545=VERTEX_POINT('',#19171);
#5546=VERTEX_POINT('',#19175);
#5547=VERTEX_POINT('',#19182);
#5548=VERTEX_POINT('',#19183);
#5549=VERTEX_POINT('',#19185);
#5550=VERTEX_POINT('',#19187);
#5551=VERTEX_POINT('',#19191);
#5552=VERTEX_POINT('',#19193);
#5553=VERTEX_POINT('',#19197);
#5554=VERTEX_POINT('',#19201);
#5555=VERTEX_POINT('',#19208);
#5556=VERTEX_POINT('',#19209);
#5557=VERTEX_POINT('',#19211);
#5558=VERTEX_POINT('',#19213);
#5559=VERTEX_POINT('',#19217);
#5560=VERTEX_POINT('',#19219);
#5561=VERTEX_POINT('',#19223);
#5562=VERTEX_POINT('',#19227);
#5563=VERTEX_POINT('',#19234);
#5564=VERTEX_POINT('',#19235);
#5565=VERTEX_POINT('',#19237);
#5566=VERTEX_POINT('',#19239);
#5567=VERTEX_POINT('',#19243);
#5568=VERTEX_POINT('',#19245);
#5569=VERTEX_POINT('',#19249);
#5570=VERTEX_POINT('',#19253);
#5571=VERTEX_POINT('',#19260);
#5572=VERTEX_POINT('',#19261);
#5573=VERTEX_POINT('',#19263);
#5574=VERTEX_POINT('',#19265);
#5575=VERTEX_POINT('',#19269);
#5576=VERTEX_POINT('',#19271);
#5577=VERTEX_POINT('',#19275);
#5578=VERTEX_POINT('',#19279);
#5579=VERTEX_POINT('',#19286);
#5580=VERTEX_POINT('',#19287);
#5581=VERTEX_POINT('',#19289);
#5582=VERTEX_POINT('',#19291);
#5583=VERTEX_POINT('',#19295);
#5584=VERTEX_POINT('',#19296);
#5585=VERTEX_POINT('',#19301);
#5586=VERTEX_POINT('',#19305);
#5587=VERTEX_POINT('',#19312);
#5588=VERTEX_POINT('',#19313);
#5589=VERTEX_POINT('',#19315);
#5590=VERTEX_POINT('',#19317);
#5591=VERTEX_POINT('',#19321);
#5592=VERTEX_POINT('',#19323);
#5593=VERTEX_POINT('',#19327);
#5594=VERTEX_POINT('',#19331);
#5595=VERTEX_POINT('',#19338);
#5596=VERTEX_POINT('',#19339);
#5597=VERTEX_POINT('',#19341);
#5598=VERTEX_POINT('',#19343);
#5599=VERTEX_POINT('',#19347);
#5600=VERTEX_POINT('',#19348);
#5601=VERTEX_POINT('',#19353);
#5602=VERTEX_POINT('',#19357);
#5603=VERTEX_POINT('',#19364);
#5604=VERTEX_POINT('',#19365);
#5605=VERTEX_POINT('',#19367);
#5606=VERTEX_POINT('',#19369);
#5607=VERTEX_POINT('',#19373);
#5608=VERTEX_POINT('',#19375);
#5609=VERTEX_POINT('',#19379);
#5610=VERTEX_POINT('',#19383);
#5611=VERTEX_POINT('',#19390);
#5612=VERTEX_POINT('',#19391);
#5613=VERTEX_POINT('',#19393);
#5614=VERTEX_POINT('',#19395);
#5615=VERTEX_POINT('',#19399);
#5616=VERTEX_POINT('',#19401);
#5617=VERTEX_POINT('',#19405);
#5618=VERTEX_POINT('',#19409);
#5619=VERTEX_POINT('',#19416);
#5620=VERTEX_POINT('',#19417);
#5621=VERTEX_POINT('',#19419);
#5622=VERTEX_POINT('',#19421);
#5623=VERTEX_POINT('',#19425);
#5624=VERTEX_POINT('',#19427);
#5625=VERTEX_POINT('',#19431);
#5626=VERTEX_POINT('',#19435);
#5627=VERTEX_POINT('',#19442);
#5628=VERTEX_POINT('',#19443);
#5629=VERTEX_POINT('',#19445);
#5630=VERTEX_POINT('',#19447);
#5631=VERTEX_POINT('',#19451);
#5632=VERTEX_POINT('',#19452);
#5633=VERTEX_POINT('',#19457);
#5634=VERTEX_POINT('',#19461);
#5635=VERTEX_POINT('',#19468);
#5636=VERTEX_POINT('',#19469);
#5637=VERTEX_POINT('',#19471);
#5638=VERTEX_POINT('',#19473);
#5639=VERTEX_POINT('',#19477);
#5640=VERTEX_POINT('',#19479);
#5641=VERTEX_POINT('',#19483);
#5642=VERTEX_POINT('',#19487);
#5643=VERTEX_POINT('',#19494);
#5644=VERTEX_POINT('',#19495);
#5645=VERTEX_POINT('',#19497);
#5646=VERTEX_POINT('',#19499);
#5647=VERTEX_POINT('',#19503);
#5648=VERTEX_POINT('',#19505);
#5649=VERTEX_POINT('',#19509);
#5650=VERTEX_POINT('',#19513);
#5651=VERTEX_POINT('',#19520);
#5652=VERTEX_POINT('',#19521);
#5653=VERTEX_POINT('',#19523);
#5654=VERTEX_POINT('',#19525);
#5655=VERTEX_POINT('',#19529);
#5656=VERTEX_POINT('',#19530);
#5657=VERTEX_POINT('',#19535);
#5658=VERTEX_POINT('',#19539);
#5659=VERTEX_POINT('',#19546);
#5660=VERTEX_POINT('',#19547);
#5661=VERTEX_POINT('',#19549);
#5662=VERTEX_POINT('',#19551);
#5663=VERTEX_POINT('',#19555);
#5664=VERTEX_POINT('',#19557);
#5665=VERTEX_POINT('',#19561);
#5666=VERTEX_POINT('',#19565);
#5667=VERTEX_POINT('',#19572);
#5668=VERTEX_POINT('',#19573);
#5669=VERTEX_POINT('',#19575);
#5670=VERTEX_POINT('',#19577);
#5671=VERTEX_POINT('',#19581);
#5672=VERTEX_POINT('',#19583);
#5673=VERTEX_POINT('',#19587);
#5674=VERTEX_POINT('',#19591);
#5675=VERTEX_POINT('',#19598);
#5676=VERTEX_POINT('',#19599);
#5677=VERTEX_POINT('',#19601);
#5678=VERTEX_POINT('',#19603);
#5679=VERTEX_POINT('',#19607);
#5680=VERTEX_POINT('',#19609);
#5681=VERTEX_POINT('',#19613);
#5682=VERTEX_POINT('',#19617);
#5683=VERTEX_POINT('',#19624);
#5684=VERTEX_POINT('',#19625);
#5685=VERTEX_POINT('',#19627);
#5686=VERTEX_POINT('',#19629);
#5687=VERTEX_POINT('',#19633);
#5688=VERTEX_POINT('',#19634);
#5689=VERTEX_POINT('',#19639);
#5690=VERTEX_POINT('',#19643);
#5691=VERTEX_POINT('',#19650);
#5692=VERTEX_POINT('',#19651);
#5693=VERTEX_POINT('',#19653);
#5694=VERTEX_POINT('',#19655);
#5695=VERTEX_POINT('',#19659);
#5696=VERTEX_POINT('',#19661);
#5697=VERTEX_POINT('',#19665);
#5698=VERTEX_POINT('',#19669);
#5699=VERTEX_POINT('',#19676);
#5700=VERTEX_POINT('',#19677);
#5701=VERTEX_POINT('',#19679);
#5702=VERTEX_POINT('',#19681);
#5703=VERTEX_POINT('',#19685);
#5704=VERTEX_POINT('',#19687);
#5705=VERTEX_POINT('',#19691);
#5706=VERTEX_POINT('',#19695);
#5707=VERTEX_POINT('',#19702);
#5708=VERTEX_POINT('',#19703);
#5709=VERTEX_POINT('',#19705);
#5710=VERTEX_POINT('',#19707);
#5711=VERTEX_POINT('',#19709);
#5712=VERTEX_POINT('',#19711);
#5713=VERTEX_POINT('',#19713);
#5714=VERTEX_POINT('',#19715);
#5715=VERTEX_POINT('',#19719);
#5716=VERTEX_POINT('',#19720);
#5717=VERTEX_POINT('',#19722);
#5718=VERTEX_POINT('',#19724);
#5719=VERTEX_POINT('',#19728);
#5720=VERTEX_POINT('',#19729);
#5721=VERTEX_POINT('',#19731);
#5722=VERTEX_POINT('',#19733);
#5723=VERTEX_POINT('',#19735);
#5724=VERTEX_POINT('',#19737);
#5725=VERTEX_POINT('',#19739);
#5726=VERTEX_POINT('',#19741);
#5727=VERTEX_POINT('',#19744);
#5728=VERTEX_POINT('',#19745);
#5729=VERTEX_POINT('',#19747);
#5730=VERTEX_POINT('',#19749);
#5731=EDGE_CURVE('',#4723,#4724,#2179,.T.);
#5732=EDGE_CURVE('',#4725,#4723,#1991,.T.);
#5733=EDGE_CURVE('',#4726,#4725,#2180,.T.);
#5734=EDGE_CURVE('',#4727,#4726,#1992,.T.);
#5735=EDGE_CURVE('',#4728,#4727,#2181,.T.);
#5736=EDGE_CURVE('',#4729,#4728,#1993,.T.);
#5737=EDGE_CURVE('',#4730,#4729,#2182,.T.);
#5738=EDGE_CURVE('',#4724,#4730,#1994,.T.);
#5739=EDGE_CURVE('',#4731,#4732,#1995,.F.);
#5740=EDGE_CURVE('',#4733,#4731,#2183,.F.);
#5741=EDGE_CURVE('',#4734,#4733,#1996,.F.);
#5742=EDGE_CURVE('',#4735,#4734,#2184,.F.);
#5743=EDGE_CURVE('',#4736,#4735,#1997,.F.);
#5744=EDGE_CURVE('',#4737,#4736,#2185,.F.);
#5745=EDGE_CURVE('',#4738,#4737,#1998,.F.);
#5746=EDGE_CURVE('',#4732,#4738,#2186,.F.);
#5747=EDGE_CURVE('',#4739,#4727,#2187,.T.);
#5748=EDGE_CURVE('',#4739,#4740,#2188,.T.);
#5749=EDGE_CURVE('',#4740,#4728,#2189,.T.);
#5750=EDGE_CURVE('',#4741,#4726,#2190,.T.);
#5751=EDGE_CURVE('',#4741,#4739,#1999,.T.);
#5752=EDGE_CURVE('',#4742,#4725,#2191,.T.);
#5753=EDGE_CURVE('',#4742,#4741,#2192,.T.);
#5754=EDGE_CURVE('',#4743,#4723,#2193,.T.);
#5755=EDGE_CURVE('',#4743,#4742,#2000,.T.);
#5756=EDGE_CURVE('',#4744,#4724,#2194,.T.);
#5757=EDGE_CURVE('',#4744,#4743,#2195,.T.);
#5758=EDGE_CURVE('',#4745,#4730,#2196,.T.);
#5759=EDGE_CURVE('',#4745,#4744,#2001,.T.);
#5760=EDGE_CURVE('',#4746,#4729,#2197,.T.);
#5761=EDGE_CURVE('',#4746,#4745,#2198,.T.);
#5762=EDGE_CURVE('',#4740,#4746,#2002,.T.);
#5763=EDGE_CURVE('',#4747,#4748,#2003,.F.);
#5764=EDGE_CURVE('',#4748,#4749,#2199,.F.);
#5765=EDGE_CURVE('',#4749,#4750,#2004,.F.);
#5766=EDGE_CURVE('',#4750,#4751,#2200,.F.);
#5767=EDGE_CURVE('',#4751,#4752,#2005,.F.);
#5768=EDGE_CURVE('',#4752,#4753,#2201,.F.);
#5769=EDGE_CURVE('',#4753,#4754,#2006,.F.);
#5770=EDGE_CURVE('',#4754,#4747,#2202,.F.);
#5771=EDGE_CURVE('',#4747,#4731,#2203,.T.);
#5772=EDGE_CURVE('',#4748,#4732,#2204,.T.);
#5773=EDGE_CURVE('',#4749,#4738,#2205,.T.);
#5774=EDGE_CURVE('',#4750,#4737,#2206,.T.);
#5775=EDGE_CURVE('',#4751,#4736,#2207,.T.);
#5776=EDGE_CURVE('',#4752,#4735,#2208,.T.);
#5777=EDGE_CURVE('',#4753,#4734,#2209,.T.);
#5778=EDGE_CURVE('',#4754,#4733,#2210,.T.);
#5779=EDGE_CURVE('',#4755,#4756,#2211,.T.);
#5780=EDGE_CURVE('',#4755,#4757,#2212,.T.);
#5781=EDGE_CURVE('',#4758,#4757,#2213,.T.);
#5782=EDGE_CURVE('',#4756,#4758,#2214,.T.);
#5783=EDGE_CURVE('',#4756,#4759,#2215,.T.);
#5784=EDGE_CURVE('',#4760,#4758,#2216,.F.);
#5785=EDGE_CURVE('',#4759,#4760,#2217,.F.);
#5786=EDGE_CURVE('',#4759,#4761,#2218,.T.);
#5787=EDGE_CURVE('',#4762,#4760,#2219,.T.);
#5788=EDGE_CURVE('',#4761,#4762,#2220,.T.);
#5789=EDGE_CURVE('',#4761,#4755,#2221,.T.);
#5790=EDGE_CURVE('',#4757,#4762,#2222,.T.);
#5791=EDGE_CURVE('',#4763,#4764,#2223,.T.);
#5792=EDGE_CURVE('',#4763,#4765,#2224,.T.);
#5793=EDGE_CURVE('',#4766,#4765,#2225,.T.);
#5794=EDGE_CURVE('',#4764,#4766,#2226,.T.);
#5795=EDGE_CURVE('',#4764,#4767,#2227,.T.);
#5796=EDGE_CURVE('',#4768,#4766,#2228,.T.);
#5797=EDGE_CURVE('',#4767,#4768,#2229,.T.);
#5798=EDGE_CURVE('',#4767,#4769,#2230,.T.);
#5799=EDGE_CURVE('',#4770,#4768,#2231,.T.);
#5800=EDGE_CURVE('',#4769,#4770,#2232,.T.);
#5801=EDGE_CURVE('',#4769,#4763,#2233,.T.);
#5802=EDGE_CURVE('',#4765,#4770,#2234,.T.);
#5803=EDGE_CURVE('',#4771,#4772,#114,.T.);
#5804=EDGE_CURVE('',#4771,#4773,#2235,.T.);
#5805=EDGE_CURVE('',#4773,#4774,#115,.T.);
#5806=EDGE_CURVE('',#4772,#4774,#2236,.T.);
#5807=EDGE_CURVE('',#4775,#4775,#2007,.T.);
#5808=EDGE_CURVE('',#4775,#4776,#2237,.T.);
#5809=EDGE_CURVE('',#4776,#4776,#2008,.T.);
#5810=EDGE_CURVE('',#4777,#4777,#2009,.T.);
#5811=EDGE_CURVE('',#4777,#4778,#2238,.T.);
#5812=EDGE_CURVE('',#4778,#4778,#2010,.T.);
#5813=EDGE_CURVE('',#4779,#4779,#2011,.T.);
#5814=EDGE_CURVE('',#4779,#4780,#2239,.T.);
#5815=EDGE_CURVE('',#4780,#4780,#2012,.T.);
#5816=EDGE_CURVE('',#4781,#4781,#2013,.T.);
#5817=EDGE_CURVE('',#4781,#4782,#2240,.T.);
#5818=EDGE_CURVE('',#4782,#4782,#2014,.T.);
#5819=EDGE_CURVE('',#4783,#4784,#2015,.T.);
#5820=EDGE_CURVE('',#4784,#4785,#2241,.T.);
#5821=EDGE_CURVE('',#4785,#4786,#2016,.T.);
#5822=EDGE_CURVE('',#4783,#4786,#2242,.T.);
#5823=EDGE_CURVE('',#4787,#4787,#2017,.T.);
#5824=EDGE_CURVE('',#4787,#4788,#2243,.T.);
#5825=EDGE_CURVE('',#4788,#4788,#2018,.T.);
#5826=EDGE_CURVE('',#4789,#4789,#2019,.T.);
#5827=EDGE_CURVE('',#4789,#4790,#2244,.T.);
#5828=EDGE_CURVE('',#4790,#4790,#2020,.T.);
#5829=EDGE_CURVE('',#4791,#4791,#2021,.T.);
#5830=EDGE_CURVE('',#4791,#4792,#2245,.T.);
#5831=EDGE_CURVE('',#4792,#4792,#2022,.T.);
#5832=EDGE_CURVE('',#4793,#4793,#2023,.T.);
#5833=EDGE_CURVE('',#4793,#4794,#2246,.T.);
#5834=EDGE_CURVE('',#4794,#4794,#2024,.T.);
#5835=EDGE_CURVE('',#4795,#4795,#2025,.T.);
#5836=EDGE_CURVE('',#4795,#4796,#2247,.T.);
#5837=EDGE_CURVE('',#4796,#4796,#2026,.T.);
#5838=EDGE_CURVE('',#4797,#4797,#2027,.T.);
#5839=EDGE_CURVE('',#4797,#4798,#2248,.T.);
#5840=EDGE_CURVE('',#4798,#4798,#2028,.T.);
#5841=EDGE_CURVE('',#4799,#4799,#2029,.T.);
#5842=EDGE_CURVE('',#4799,#4800,#2249,.T.);
#5843=EDGE_CURVE('',#4800,#4800,#2030,.T.);
#5844=EDGE_CURVE('',#4801,#4801,#2031,.T.);
#5845=EDGE_CURVE('',#4801,#4802,#2250,.T.);
#5846=EDGE_CURVE('',#4802,#4802,#2032,.T.);
#5847=EDGE_CURVE('',#4803,#4803,#2033,.T.);
#5848=EDGE_CURVE('',#4803,#4804,#2251,.T.);
#5849=EDGE_CURVE('',#4804,#4804,#2034,.T.);
#5850=EDGE_CURVE('',#4805,#4805,#2035,.T.);
#5851=EDGE_CURVE('',#4805,#4806,#2252,.T.);
#5852=EDGE_CURVE('',#4806,#4806,#2036,.T.);
#5853=EDGE_CURVE('',#4807,#4807,#2037,.T.);
#5854=EDGE_CURVE('',#4807,#4808,#2253,.T.);
#5855=EDGE_CURVE('',#4808,#4808,#2038,.T.);
#5856=EDGE_CURVE('',#4809,#4809,#2039,.T.);
#5857=EDGE_CURVE('',#4809,#4810,#2254,.T.);
#5858=EDGE_CURVE('',#4810,#4810,#2040,.T.);
#5859=EDGE_CURVE('',#4811,#4811,#2041,.T.);
#5860=EDGE_CURVE('',#4811,#4812,#2255,.T.);
#5861=EDGE_CURVE('',#4812,#4812,#2042,.T.);
#5862=EDGE_CURVE('',#4813,#4813,#2043,.T.);
#5863=EDGE_CURVE('',#4813,#4814,#2256,.T.);
#5864=EDGE_CURVE('',#4814,#4814,#2044,.T.);
#5865=EDGE_CURVE('',#4815,#4815,#2045,.T.);
#5866=EDGE_CURVE('',#4815,#4816,#2257,.T.);
#5867=EDGE_CURVE('',#4816,#4816,#2046,.T.);
#5868=EDGE_CURVE('',#4817,#4817,#2047,.T.);
#5869=EDGE_CURVE('',#4817,#4818,#2258,.T.);
#5870=EDGE_CURVE('',#4818,#4818,#2048,.T.);
#5871=EDGE_CURVE('',#4819,#4819,#2049,.T.);
#5872=EDGE_CURVE('',#4819,#4820,#2259,.T.);
#5873=EDGE_CURVE('',#4820,#4820,#2050,.T.);
#5874=EDGE_CURVE('',#4821,#4821,#2051,.T.);
#5875=EDGE_CURVE('',#4821,#4822,#2260,.T.);
#5876=EDGE_CURVE('',#4822,#4822,#2052,.T.);
#5877=EDGE_CURVE('',#4823,#4823,#2053,.T.);
#5878=EDGE_CURVE('',#4823,#4824,#2261,.T.);
#5879=EDGE_CURVE('',#4824,#4824,#2054,.T.);
#5880=EDGE_CURVE('',#4825,#4825,#2055,.T.);
#5881=EDGE_CURVE('',#4825,#4826,#2262,.T.);
#5882=EDGE_CURVE('',#4826,#4826,#2056,.T.);
#5883=EDGE_CURVE('',#4827,#4827,#2057,.T.);
#5884=EDGE_CURVE('',#4827,#4828,#2263,.T.);
#5885=EDGE_CURVE('',#4828,#4828,#2058,.T.);
#5886=EDGE_CURVE('',#4829,#4829,#2059,.T.);
#5887=EDGE_CURVE('',#4829,#4830,#2264,.T.);
#5888=EDGE_CURVE('',#4830,#4830,#2060,.T.);
#5889=EDGE_CURVE('',#4831,#4831,#2061,.T.);
#5890=EDGE_CURVE('',#4831,#4832,#2265,.T.);
#5891=EDGE_CURVE('',#4832,#4832,#2062,.T.);
#5892=EDGE_CURVE('',#4833,#4833,#2063,.T.);
#5893=EDGE_CURVE('',#4833,#4834,#2266,.T.);
#5894=EDGE_CURVE('',#4834,#4834,#2064,.T.);
#5895=EDGE_CURVE('',#4835,#4835,#2065,.T.);
#5896=EDGE_CURVE('',#4835,#4836,#2267,.T.);
#5897=EDGE_CURVE('',#4836,#4836,#2066,.T.);
#5898=EDGE_CURVE('',#4837,#4837,#2067,.T.);
#5899=EDGE_CURVE('',#4837,#4838,#2268,.T.);
#5900=EDGE_CURVE('',#4838,#4838,#2068,.T.);
#5901=EDGE_CURVE('',#4839,#4839,#2069,.T.);
#5902=EDGE_CURVE('',#4839,#4840,#2269,.T.);
#5903=EDGE_CURVE('',#4840,#4840,#2070,.T.);
#5904=EDGE_CURVE('',#4841,#4841,#2071,.T.);
#5905=EDGE_CURVE('',#4841,#4842,#2270,.T.);
#5906=EDGE_CURVE('',#4842,#4842,#2072,.T.);
#5907=EDGE_CURVE('',#4843,#4843,#2073,.T.);
#5908=EDGE_CURVE('',#4843,#4844,#2271,.T.);
#5909=EDGE_CURVE('',#4844,#4844,#2074,.T.);
#5910=EDGE_CURVE('',#4845,#4845,#2075,.T.);
#5911=EDGE_CURVE('',#4845,#4846,#2272,.T.);
#5912=EDGE_CURVE('',#4846,#4846,#2076,.T.);
#5913=EDGE_CURVE('',#4847,#4847,#2077,.T.);
#5914=EDGE_CURVE('',#4847,#4848,#2273,.T.);
#5915=EDGE_CURVE('',#4848,#4848,#2078,.T.);
#5916=EDGE_CURVE('',#4849,#4849,#2079,.T.);
#5917=EDGE_CURVE('',#4849,#4850,#2274,.T.);
#5918=EDGE_CURVE('',#4850,#4850,#2080,.T.);
#5919=EDGE_CURVE('',#4851,#4851,#2081,.T.);
#5920=EDGE_CURVE('',#4851,#4852,#2275,.T.);
#5921=EDGE_CURVE('',#4852,#4852,#2082,.T.);
#5922=EDGE_CURVE('',#4853,#4853,#2083,.T.);
#5923=EDGE_CURVE('',#4853,#4854,#2276,.T.);
#5924=EDGE_CURVE('',#4854,#4854,#2084,.T.);
#5925=EDGE_CURVE('',#4855,#4855,#2085,.T.);
#5926=EDGE_CURVE('',#4855,#4856,#2277,.T.);
#5927=EDGE_CURVE('',#4856,#4856,#2086,.T.);
#5928=EDGE_CURVE('',#4857,#4857,#2087,.T.);
#5929=EDGE_CURVE('',#4857,#4858,#2278,.T.);
#5930=EDGE_CURVE('',#4858,#4858,#2088,.T.);
#5931=EDGE_CURVE('',#4859,#4859,#2089,.T.);
#5932=EDGE_CURVE('',#4859,#4860,#2279,.T.);
#5933=EDGE_CURVE('',#4860,#4860,#2090,.T.);
#5934=EDGE_CURVE('',#4861,#4861,#2091,.T.);
#5935=EDGE_CURVE('',#4861,#4862,#2280,.T.);
#5936=EDGE_CURVE('',#4862,#4862,#2092,.T.);
#5937=EDGE_CURVE('',#4863,#4863,#2093,.T.);
#5938=EDGE_CURVE('',#4863,#4864,#2281,.T.);
#5939=EDGE_CURVE('',#4864,#4864,#2094,.T.);
#5940=EDGE_CURVE('',#4865,#4865,#2095,.T.);
#5941=EDGE_CURVE('',#4865,#4866,#2282,.T.);
#5942=EDGE_CURVE('',#4866,#4866,#2096,.T.);
#5943=EDGE_CURVE('',#4867,#4867,#2097,.T.);
#5944=EDGE_CURVE('',#4867,#4868,#2283,.T.);
#5945=EDGE_CURVE('',#4868,#4868,#2098,.T.);
#5946=EDGE_CURVE('',#4869,#4869,#2099,.T.);
#5947=EDGE_CURVE('',#4869,#4870,#2284,.T.);
#5948=EDGE_CURVE('',#4870,#4870,#2100,.T.);
#5949=EDGE_CURVE('',#4871,#4871,#2101,.T.);
#5950=EDGE_CURVE('',#4871,#4872,#2285,.T.);
#5951=EDGE_CURVE('',#4872,#4872,#2102,.T.);
#5952=EDGE_CURVE('',#4873,#4873,#2103,.T.);
#5953=EDGE_CURVE('',#4873,#4874,#2286,.T.);
#5954=EDGE_CURVE('',#4874,#4874,#2104,.T.);
#5955=EDGE_CURVE('',#4875,#4875,#2105,.T.);
#5956=EDGE_CURVE('',#4875,#4876,#2287,.T.);
#5957=EDGE_CURVE('',#4876,#4876,#2106,.T.);
#5958=EDGE_CURVE('',#4877,#4877,#2107,.T.);
#5959=EDGE_CURVE('',#4877,#4878,#2288,.T.);
#5960=EDGE_CURVE('',#4878,#4878,#2108,.T.);
#5961=EDGE_CURVE('',#4879,#4879,#2109,.T.);
#5962=EDGE_CURVE('',#4879,#4880,#2289,.T.);
#5963=EDGE_CURVE('',#4880,#4880,#2110,.T.);
#5964=EDGE_CURVE('',#4881,#4881,#2111,.T.);
#5965=EDGE_CURVE('',#4881,#4882,#2290,.T.);
#5966=EDGE_CURVE('',#4882,#4882,#2112,.T.);
#5967=EDGE_CURVE('',#4883,#4883,#2113,.T.);
#5968=EDGE_CURVE('',#4883,#4884,#2291,.T.);
#5969=EDGE_CURVE('',#4884,#4884,#2114,.T.);
#5970=EDGE_CURVE('',#4885,#4885,#2115,.T.);
#5971=EDGE_CURVE('',#4885,#4886,#2292,.T.);
#5972=EDGE_CURVE('',#4886,#4886,#2116,.T.);
#5973=EDGE_CURVE('',#4887,#4887,#2117,.T.);
#5974=EDGE_CURVE('',#4887,#4888,#2293,.T.);
#5975=EDGE_CURVE('',#4888,#4888,#2118,.T.);
#5976=EDGE_CURVE('',#4889,#4889,#2119,.T.);
#5977=EDGE_CURVE('',#4889,#4890,#2294,.T.);
#5978=EDGE_CURVE('',#4890,#4890,#2120,.T.);
#5979=EDGE_CURVE('',#4891,#4891,#2121,.T.);
#5980=EDGE_CURVE('',#4891,#4892,#2295,.T.);
#5981=EDGE_CURVE('',#4892,#4892,#2122,.T.);
#5982=EDGE_CURVE('',#4893,#4893,#2123,.T.);
#5983=EDGE_CURVE('',#4893,#4894,#2296,.T.);
#5984=EDGE_CURVE('',#4894,#4894,#2124,.T.);
#5985=EDGE_CURVE('',#4895,#4895,#2125,.T.);
#5986=EDGE_CURVE('',#4895,#4896,#2297,.T.);
#5987=EDGE_CURVE('',#4896,#4896,#2126,.T.);
#5988=EDGE_CURVE('',#4897,#4897,#2127,.T.);
#5989=EDGE_CURVE('',#4897,#4898,#2298,.T.);
#5990=EDGE_CURVE('',#4898,#4898,#2128,.T.);
#5991=EDGE_CURVE('',#4899,#4899,#2129,.T.);
#5992=EDGE_CURVE('',#4899,#4900,#2299,.T.);
#5993=EDGE_CURVE('',#4900,#4900,#2130,.T.);
#5994=EDGE_CURVE('',#4901,#4901,#2131,.T.);
#5995=EDGE_CURVE('',#4901,#4902,#2300,.T.);
#5996=EDGE_CURVE('',#4902,#4902,#2132,.T.);
#5997=EDGE_CURVE('',#4903,#4903,#2133,.T.);
#5998=EDGE_CURVE('',#4903,#4904,#2301,.T.);
#5999=EDGE_CURVE('',#4904,#4904,#2134,.T.);
#6000=EDGE_CURVE('',#4905,#4905,#2135,.T.);
#6001=EDGE_CURVE('',#4905,#4906,#2302,.T.);
#6002=EDGE_CURVE('',#4906,#4906,#2136,.T.);
#6003=EDGE_CURVE('',#4907,#4907,#2137,.T.);
#6004=EDGE_CURVE('',#4907,#4908,#2303,.T.);
#6005=EDGE_CURVE('',#4908,#4908,#2138,.T.);
#6006=EDGE_CURVE('',#4909,#4909,#2139,.T.);
#6007=EDGE_CURVE('',#4909,#4910,#2304,.T.);
#6008=EDGE_CURVE('',#4910,#4910,#2140,.T.);
#6009=EDGE_CURVE('',#4911,#4912,#2305,.T.);
#6010=EDGE_CURVE('',#4911,#4913,#2306,.T.);
#6011=EDGE_CURVE('',#4914,#4913,#2307,.T.);
#6012=EDGE_CURVE('',#4912,#4914,#2308,.T.);
#6013=EDGE_CURVE('',#4915,#4916,#2309,.T.);
#6014=EDGE_CURVE('',#4916,#4917,#66,.T.);
#6015=EDGE_CURVE('',#4917,#4918,#2310,.T.);
#6016=EDGE_CURVE('',#4918,#4919,#2311,.T.);
#6017=EDGE_CURVE('',#4919,#4920,#2312,.T.);
#6018=EDGE_CURVE('',#4921,#4920,#67,.T.);
#6019=EDGE_CURVE('',#4921,#4922,#2313,.T.);
#6020=EDGE_CURVE('',#4922,#4923,#68,.T.);
#6021=EDGE_CURVE('',#4924,#4923,#2314,.T.);
#6022=EDGE_CURVE('',#4924,#4925,#2315,.T.);
#6023=EDGE_CURVE('',#4925,#4915,#2316,.T.);
#6024=EDGE_CURVE('',#4926,#4927,#2317,.T.);
#6025=EDGE_CURVE('',#4927,#4928,#69,.T.);
#6026=EDGE_CURVE('',#4928,#4929,#2318,.T.);
#6027=EDGE_CURVE('',#4930,#4929,#70,.T.);
#6028=EDGE_CURVE('',#4930,#4931,#2319,.T.);
#6029=EDGE_CURVE('',#4931,#4932,#71,.T.);
#6030=EDGE_CURVE('',#4932,#4933,#2320,.T.);
#6031=EDGE_CURVE('',#4933,#4934,#2321,.T.);
#6032=EDGE_CURVE('',#4934,#4935,#2322,.T.);
#6033=EDGE_CURVE('',#4935,#4936,#2323,.T.);
#6034=EDGE_CURVE('',#4936,#4937,#2324,.T.);
#6035=EDGE_CURVE('',#4938,#4937,#72,.T.);
#6036=EDGE_CURVE('',#4938,#4939,#2325,.T.);
#6037=EDGE_CURVE('',#4940,#4939,#73,.T.);
#6038=EDGE_CURVE('',#4941,#4940,#2326,.T.);
#6039=EDGE_CURVE('',#4941,#4942,#2327,.T.);
#6040=EDGE_CURVE('',#4942,#4943,#2328,.T.);
#6041=EDGE_CURVE('',#4943,#4944,#2329,.T.);
#6042=EDGE_CURVE('',#4944,#4945,#74,.T.);
#6043=EDGE_CURVE('',#4945,#4946,#2330,.T.);
#6044=EDGE_CURVE('',#4946,#4947,#2331,.T.);
#6045=EDGE_CURVE('',#4947,#4948,#75,.T.);
#6046=EDGE_CURVE('',#4948,#4949,#2332,.T.);
#6047=EDGE_CURVE('',#4949,#4950,#2333,.T.);
#6048=EDGE_CURVE('',#4950,#4951,#2334,.T.);
#6049=EDGE_CURVE('',#4952,#4951,#76,.T.);
#6050=EDGE_CURVE('',#4952,#4953,#2335,.T.);
#6051=EDGE_CURVE('',#4953,#4954,#77,.T.);
#6052=EDGE_CURVE('',#4954,#4955,#2336,.T.);
#6053=EDGE_CURVE('',#4955,#4926,#2337,.T.);
#6054=EDGE_CURVE('',#4956,#4957,#2338,.T.);
#6055=EDGE_CURVE('',#4957,#4958,#78,.T.);
#6056=EDGE_CURVE('',#4958,#4959,#2339,.T.);
#6057=EDGE_CURVE('',#4959,#4960,#2340,.T.);
#6058=EDGE_CURVE('',#4960,#4961,#2341,.T.);
#6059=EDGE_CURVE('',#4961,#4962,#79,.T.);
#6060=EDGE_CURVE('',#4962,#4963,#2342,.T.);
#6061=EDGE_CURVE('',#4963,#4956,#2343,.T.);
#6062=EDGE_CURVE('',#4964,#4965,#2344,.T.);
#6063=EDGE_CURVE('',#4965,#4966,#80,.T.);
#6064=EDGE_CURVE('',#4966,#4967,#2345,.T.);
#6065=EDGE_CURVE('',#4967,#4968,#2346,.T.);
#6066=EDGE_CURVE('',#4968,#4969,#2347,.T.);
#6067=EDGE_CURVE('',#4969,#4970,#81,.T.);
#6068=EDGE_CURVE('',#4971,#4970,#2348,.T.);
#6069=EDGE_CURVE('',#4971,#4972,#2349,.T.);
#6070=EDGE_CURVE('',#4973,#4972,#82,.T.);
#6071=EDGE_CURVE('',#4973,#4974,#2350,.T.);
#6072=EDGE_CURVE('',#4974,#4975,#2351,.T.);
#6073=EDGE_CURVE('',#4975,#4976,#2352,.T.);
#6074=EDGE_CURVE('',#4976,#4977,#83,.T.);
#6075=EDGE_CURVE('',#4978,#4977,#2353,.T.);
#6076=EDGE_CURVE('',#4978,#4979,#84,.T.);
#6077=EDGE_CURVE('',#4979,#4980,#2354,.T.);
#6078=EDGE_CURVE('',#4980,#4981,#2355,.T.);
#6079=EDGE_CURVE('',#4981,#4982,#2356,.T.);
#6080=EDGE_CURVE('',#4982,#4983,#85,.T.);
#6081=EDGE_CURVE('',#4983,#4984,#2357,.T.);
#6082=EDGE_CURVE('',#4984,#4985,#2358,.T.);
#6083=EDGE_CURVE('',#4985,#4986,#2359,.T.);
#6084=EDGE_CURVE('',#4986,#4987,#2360,.T.);
#6085=EDGE_CURVE('',#4987,#4964,#2361,.T.);
#6086=EDGE_CURVE('',#4988,#4989,#2362,.T.);
#6087=EDGE_CURVE('',#4989,#4990,#2363,.T.);
#6088=EDGE_CURVE('',#4990,#4991,#2364,.T.);
#6089=EDGE_CURVE('',#4991,#4992,#2365,.T.);
#6090=EDGE_CURVE('',#4992,#4993,#2366,.T.);
#6091=EDGE_CURVE('',#4993,#4994,#2367,.T.);
#6092=EDGE_CURVE('',#4994,#4988,#2368,.T.);
#6093=EDGE_CURVE('',#4995,#4996,#2369,.T.);
#6094=EDGE_CURVE('',#4996,#4997,#86,.T.);
#6095=EDGE_CURVE('',#4997,#4998,#2370,.T.);
#6096=EDGE_CURVE('',#4998,#4999,#2371,.T.);
#6097=EDGE_CURVE('',#4999,#5000,#2372,.T.);
#6098=EDGE_CURVE('',#5000,#5001,#87,.T.);
#6099=EDGE_CURVE('',#5001,#5002,#2373,.T.);
#6100=EDGE_CURVE('',#5002,#5003,#2374,.T.);
#6101=EDGE_CURVE('',#5003,#5004,#2375,.T.);
#6102=EDGE_CURVE('',#5004,#5005,#88,.T.);
#6103=EDGE_CURVE('',#5005,#5006,#2376,.T.);
#6104=EDGE_CURVE('',#5006,#5007,#2377,.T.);
#6105=EDGE_CURVE('',#5007,#5008,#2378,.T.);
#6106=EDGE_CURVE('',#5008,#5009,#89,.T.);
#6107=EDGE_CURVE('',#5009,#5010,#2379,.T.);
#6108=EDGE_CURVE('',#5010,#4995,#2380,.T.);
#6109=EDGE_CURVE('',#5011,#5012,#2381,.T.);
#6110=EDGE_CURVE('',#5012,#5013,#2382,.T.);
#6111=EDGE_CURVE('',#5013,#5014,#2383,.T.);
#6112=EDGE_CURVE('',#5014,#5015,#2384,.T.);
#6113=EDGE_CURVE('',#5015,#5016,#2385,.T.);
#6114=EDGE_CURVE('',#5016,#5017,#2386,.T.);
#6115=EDGE_CURVE('',#5017,#5011,#2387,.T.);
#6116=EDGE_CURVE('',#4774,#4773,#116,.T.);
#6117=EDGE_CURVE('',#5018,#5019,#2388,.T.);
#6118=EDGE_CURVE('',#5018,#5020,#2141,.T.);
#6119=EDGE_CURVE('',#5020,#5021,#2389,.T.);
#6120=EDGE_CURVE('',#5021,#5019,#2142,.T.);
#6121=EDGE_CURVE('',#5018,#5022,#2143,.T.);
#6122=EDGE_CURVE('',#5023,#5019,#2144,.T.);
#6123=EDGE_CURVE('',#5022,#5023,#2390,.T.);
#6124=EDGE_CURVE('',#5022,#4784,#2391,.T.);
#6125=EDGE_CURVE('',#4785,#5023,#2392,.T.);
#6126=EDGE_CURVE('',#4783,#5024,#2393,.T.);
#6127=EDGE_CURVE('',#5025,#4786,#2394,.T.);
#6128=EDGE_CURVE('',#5024,#5025,#2395,.T.);
#6129=EDGE_CURVE('',#5024,#5026,#2145,.T.);
#6130=EDGE_CURVE('',#5027,#5025,#2146,.T.);
#6131=EDGE_CURVE('',#5026,#5027,#2396,.T.);
#6132=EDGE_CURVE('',#5028,#5029,#2397,.T.);
#6133=EDGE_CURVE('',#5028,#5026,#2147,.T.);
#6134=EDGE_CURVE('',#5027,#5029,#2148,.T.);
#6135=EDGE_CURVE('',#5028,#5030,#2149,.T.);
#6136=EDGE_CURVE('',#5031,#5029,#2150,.T.);
#6137=EDGE_CURVE('',#5030,#5031,#2398,.T.);
#6138=EDGE_CURVE('',#5030,#5032,#2399,.T.);
#6139=EDGE_CURVE('',#5033,#5031,#2400,.T.);
#6140=EDGE_CURVE('',#5032,#5033,#2401,.T.);
#6141=EDGE_CURVE('',#5032,#4911,#2402,.T.);
#6142=EDGE_CURVE('',#4913,#5033,#2403,.T.);
#6143=EDGE_CURVE('',#4912,#5034,#2404,.T.);
#6144=EDGE_CURVE('',#5035,#4914,#2405,.T.);
#6145=EDGE_CURVE('',#5034,#5035,#2406,.T.);
#6146=EDGE_CURVE('',#5034,#5036,#2407,.T.);
#6147=EDGE_CURVE('',#5037,#5035,#2408,.T.);
#6148=EDGE_CURVE('',#5036,#5037,#2409,.T.);
#6149=EDGE_CURVE('',#5036,#5038,#2151,.T.);
#6150=EDGE_CURVE('',#5039,#5037,#2152,.T.);
#6151=EDGE_CURVE('',#5038,#5039,#2410,.T.);
#6152=EDGE_CURVE('',#5040,#5041,#2411,.T.);
#6153=EDGE_CURVE('',#5040,#5038,#2153,.T.);
#6154=EDGE_CURVE('',#5039,#5041,#2154,.T.);
#6155=EDGE_CURVE('',#5040,#5042,#2155,.T.);
#6156=EDGE_CURVE('',#5043,#5041,#2156,.T.);
#6157=EDGE_CURVE('',#5042,#5043,#2412,.T.);
#6158=EDGE_CURVE('',#5042,#5044,#2413,.T.);
#6159=EDGE_CURVE('',#5045,#5043,#2414,.T.);
#6160=EDGE_CURVE('',#5044,#5045,#2415,.T.);
#6161=EDGE_CURVE('',#5046,#5047,#2416,.T.);
#6162=EDGE_CURVE('',#5046,#5044,#2157,.T.);
#6163=EDGE_CURVE('',#5045,#5047,#2158,.T.);
#6164=EDGE_CURVE('',#5046,#5048,#2417,.T.);
#6165=EDGE_CURVE('',#5049,#5047,#2418,.T.);
#6166=EDGE_CURVE('',#5048,#5049,#2419,.T.);
#6167=EDGE_CURVE('',#5048,#5050,#2159,.T.);
#6168=EDGE_CURVE('',#5051,#5049,#2160,.T.);
#6169=EDGE_CURVE('',#5050,#5051,#2420,.T.);
#6170=EDGE_CURVE('',#5052,#5053,#2421,.T.);
#6171=EDGE_CURVE('',#5052,#5050,#2161,.T.);
#6172=EDGE_CURVE('',#5051,#5053,#2162,.T.);
#6173=EDGE_CURVE('',#5052,#5054,#2163,.T.);
#6174=EDGE_CURVE('',#5055,#5053,#2164,.T.);
#6175=EDGE_CURVE('',#5054,#5055,#2422,.T.);
#6176=EDGE_CURVE('',#5054,#5056,#2423,.T.);
#6177=EDGE_CURVE('',#5057,#5055,#2424,.T.);
#6178=EDGE_CURVE('',#5056,#5057,#2425,.T.);
#6179=EDGE_CURVE('',#5056,#5058,#2426,.T.);
#6180=EDGE_CURVE('',#5059,#5057,#2427,.T.);
#6181=EDGE_CURVE('',#5058,#5059,#2428,.T.);
#6182=EDGE_CURVE('',#5058,#5060,#2429,.T.);
#6183=EDGE_CURVE('',#5061,#5059,#2430,.T.);
#6184=EDGE_CURVE('',#5060,#5061,#2431,.T.);
#6185=EDGE_CURVE('',#5060,#5062,#2432,.T.);
#6186=EDGE_CURVE('',#5063,#5061,#2433,.T.);
#6187=EDGE_CURVE('',#5062,#5063,#2434,.T.);
#6188=EDGE_CURVE('',#5062,#5064,#2435,.T.);
#6189=EDGE_CURVE('',#5065,#5063,#2436,.T.);
#6190=EDGE_CURVE('',#5064,#5065,#2437,.T.);
#6191=EDGE_CURVE('',#5064,#5020,#2165,.T.);
#6192=EDGE_CURVE('',#5021,#5065,#2166,.T.);
#6193=EDGE_CURVE('',#5066,#4916,#2438,.T.);
#6194=EDGE_CURVE('',#5066,#5067,#90,.T.);
#6195=EDGE_CURVE('',#5067,#4917,#2439,.T.);
#6196=EDGE_CURVE('',#5067,#5068,#2440,.T.);
#6197=EDGE_CURVE('',#5068,#4918,#2441,.T.);
#6198=EDGE_CURVE('',#5068,#5069,#2442,.T.);
#6199=EDGE_CURVE('',#5069,#4919,#2443,.T.);
#6200=EDGE_CURVE('',#5069,#5070,#2444,.T.);
#6201=EDGE_CURVE('',#5070,#4920,#2445,.T.);
#6202=EDGE_CURVE('',#5071,#5070,#91,.T.);
#6203=EDGE_CURVE('',#5071,#4921,#2446,.T.);
#6204=EDGE_CURVE('',#5071,#5072,#2447,.T.);
#6205=EDGE_CURVE('',#5072,#4922,#2448,.T.);
#6206=EDGE_CURVE('',#5072,#5073,#92,.T.);
#6207=EDGE_CURVE('',#5073,#4923,#2449,.T.);
#6208=EDGE_CURVE('',#5074,#5073,#2450,.T.);
#6209=EDGE_CURVE('',#5074,#4924,#2451,.T.);
#6210=EDGE_CURVE('',#5074,#5075,#2452,.T.);
#6211=EDGE_CURVE('',#5075,#4925,#2453,.T.);
#6212=EDGE_CURVE('',#5075,#5076,#2454,.T.);
#6213=EDGE_CURVE('',#5076,#4915,#2455,.T.);
#6214=EDGE_CURVE('',#5076,#5066,#2456,.T.);
#6215=EDGE_CURVE('',#5077,#4927,#2457,.T.);
#6216=EDGE_CURVE('',#5077,#5078,#93,.T.);
#6217=EDGE_CURVE('',#5078,#4928,#2458,.T.);
#6218=EDGE_CURVE('',#5078,#5079,#2459,.T.);
#6219=EDGE_CURVE('',#5079,#4929,#2460,.T.);
#6220=EDGE_CURVE('',#5080,#5079,#94,.T.);
#6221=EDGE_CURVE('',#5080,#4930,#2461,.T.);
#6222=EDGE_CURVE('',#5080,#5081,#2462,.T.);
#6223=EDGE_CURVE('',#5081,#4931,#2463,.T.);
#6224=EDGE_CURVE('',#5081,#5082,#95,.T.);
#6225=EDGE_CURVE('',#5082,#4932,#2464,.T.);
#6226=EDGE_CURVE('',#5082,#5083,#2465,.T.);
#6227=EDGE_CURVE('',#5083,#4933,#2466,.T.);
#6228=EDGE_CURVE('',#5083,#5084,#2467,.T.);
#6229=EDGE_CURVE('',#5084,#4934,#2468,.T.);
#6230=EDGE_CURVE('',#5084,#5085,#2469,.T.);
#6231=EDGE_CURVE('',#5085,#4935,#2470,.T.);
#6232=EDGE_CURVE('',#5085,#5086,#2471,.T.);
#6233=EDGE_CURVE('',#5086,#4936,#2472,.T.);
#6234=EDGE_CURVE('',#5086,#5087,#2473,.T.);
#6235=EDGE_CURVE('',#5087,#4937,#2474,.T.);
#6236=EDGE_CURVE('',#5088,#5087,#96,.T.);
#6237=EDGE_CURVE('',#5088,#4938,#2475,.T.);
#6238=EDGE_CURVE('',#5088,#5089,#2476,.T.);
#6239=EDGE_CURVE('',#5089,#4939,#2477,.T.);
#6240=EDGE_CURVE('',#5090,#5089,#97,.T.);
#6241=EDGE_CURVE('',#5090,#4940,#2478,.T.);
#6242=EDGE_CURVE('',#5091,#5090,#2479,.T.);
#6243=EDGE_CURVE('',#5091,#4941,#2480,.T.);
#6244=EDGE_CURVE('',#5091,#5092,#2481,.T.);
#6245=EDGE_CURVE('',#5092,#4942,#2482,.T.);
#6246=EDGE_CURVE('',#5092,#5093,#2483,.T.);
#6247=EDGE_CURVE('',#5093,#4943,#2484,.T.);
#6248=EDGE_CURVE('',#5093,#5094,#2485,.T.);
#6249=EDGE_CURVE('',#5094,#4944,#2486,.T.);
#6250=EDGE_CURVE('',#5094,#5095,#98,.T.);
#6251=EDGE_CURVE('',#5095,#4945,#2487,.T.);
#6252=EDGE_CURVE('',#5095,#5096,#2488,.T.);
#6253=EDGE_CURVE('',#5096,#4946,#2489,.T.);
#6254=EDGE_CURVE('',#5096,#5097,#2490,.T.);
#6255=EDGE_CURVE('',#5097,#4947,#2491,.T.);
#6256=EDGE_CURVE('',#5097,#5098,#99,.T.);
#6257=EDGE_CURVE('',#5098,#4948,#2492,.T.);
#6258=EDGE_CURVE('',#5098,#5099,#2493,.T.);
#6259=EDGE_CURVE('',#5099,#4949,#2494,.T.);
#6260=EDGE_CURVE('',#5099,#5100,#2495,.T.);
#6261=EDGE_CURVE('',#5100,#4950,#2496,.T.);
#6262=EDGE_CURVE('',#5100,#5101,#2497,.T.);
#6263=EDGE_CURVE('',#5101,#4951,#2498,.T.);
#6264=EDGE_CURVE('',#5102,#5101,#100,.T.);
#6265=EDGE_CURVE('',#5102,#4952,#2499,.T.);
#6266=EDGE_CURVE('',#5102,#5103,#2500,.T.);
#6267=EDGE_CURVE('',#5103,#4953,#2501,.T.);
#6268=EDGE_CURVE('',#5103,#5104,#101,.T.);
#6269=EDGE_CURVE('',#5104,#4954,#2502,.T.);
#6270=EDGE_CURVE('',#5104,#5105,#2503,.T.);
#6271=EDGE_CURVE('',#5105,#4955,#2504,.T.);
#6272=EDGE_CURVE('',#5105,#5106,#2505,.T.);
#6273=EDGE_CURVE('',#5106,#4926,#2506,.T.);
#6274=EDGE_CURVE('',#5106,#5077,#2507,.T.);
#6275=EDGE_CURVE('',#5107,#4957,#2508,.T.);
#6276=EDGE_CURVE('',#5107,#5108,#102,.T.);
#6277=EDGE_CURVE('',#5108,#4958,#2509,.T.);
#6278=EDGE_CURVE('',#5108,#5109,#2510,.T.);
#6279=EDGE_CURVE('',#5109,#4959,#2511,.T.);
#6280=EDGE_CURVE('',#5109,#5110,#2512,.T.);
#6281=EDGE_CURVE('',#5110,#4960,#2513,.T.);
#6282=EDGE_CURVE('',#5110,#5111,#2514,.T.);
#6283=EDGE_CURVE('',#5111,#4961,#2515,.T.);
#6284=EDGE_CURVE('',#5111,#5112,#103,.T.);
#6285=EDGE_CURVE('',#5112,#4962,#2516,.T.);
#6286=EDGE_CURVE('',#5112,#5113,#2517,.T.);
#6287=EDGE_CURVE('',#5113,#4963,#2518,.T.);
#6288=EDGE_CURVE('',#5113,#5114,#2519,.T.);
#6289=EDGE_CURVE('',#5114,#4956,#2520,.T.);
#6290=EDGE_CURVE('',#5114,#5107,#2521,.T.);
#6291=EDGE_CURVE('',#5115,#4965,#2522,.T.);
#6292=EDGE_CURVE('',#5115,#5116,#104,.T.);
#6293=EDGE_CURVE('',#5116,#4966,#2523,.T.);
#6294=EDGE_CURVE('',#5116,#5117,#2524,.T.);
#6295=EDGE_CURVE('',#5117,#4967,#2525,.T.);
#6296=EDGE_CURVE('',#5117,#5118,#2526,.T.);
#6297=EDGE_CURVE('',#5118,#4968,#2527,.T.);
#6298=EDGE_CURVE('',#5118,#5119,#2528,.T.);
#6299=EDGE_CURVE('',#5119,#4969,#2529,.T.);
#6300=EDGE_CURVE('',#5119,#5120,#105,.T.);
#6301=EDGE_CURVE('',#5120,#4970,#2530,.T.);
#6302=EDGE_CURVE('',#5121,#5120,#2531,.T.);
#6303=EDGE_CURVE('',#5121,#4971,#2532,.T.);
#6304=EDGE_CURVE('',#5121,#5122,#2533,.T.);
#6305=EDGE_CURVE('',#5122,#4972,#2534,.T.);
#6306=EDGE_CURVE('',#5123,#5122,#106,.T.);
#6307=EDGE_CURVE('',#5123,#4973,#2535,.T.);
#6308=EDGE_CURVE('',#5123,#5124,#2536,.T.);
#6309=EDGE_CURVE('',#5124,#4974,#2537,.T.);
#6310=EDGE_CURVE('',#5124,#5125,#2538,.T.);
#6311=EDGE_CURVE('',#5125,#4975,#2539,.T.);
#6312=EDGE_CURVE('',#5125,#5126,#2540,.T.);
#6313=EDGE_CURVE('',#5126,#4976,#2541,.T.);
#6314=EDGE_CURVE('',#5126,#5127,#107,.T.);
#6315=EDGE_CURVE('',#5127,#4977,#2542,.T.);
#6316=EDGE_CURVE('',#5128,#5127,#2543,.T.);
#6317=EDGE_CURVE('',#5128,#4978,#2544,.T.);
#6318=EDGE_CURVE('',#5128,#5129,#108,.T.);
#6319=EDGE_CURVE('',#5129,#4979,#2545,.T.);
#6320=EDGE_CURVE('',#5129,#5130,#2546,.T.);
#6321=EDGE_CURVE('',#5130,#4980,#2547,.T.);
#6322=EDGE_CURVE('',#5130,#5131,#2548,.T.);
#6323=EDGE_CURVE('',#5131,#4981,#2549,.T.);
#6324=EDGE_CURVE('',#5131,#5132,#2550,.T.);
#6325=EDGE_CURVE('',#5132,#4982,#2551,.T.);
#6326=EDGE_CURVE('',#5132,#5133,#109,.T.);
#6327=EDGE_CURVE('',#5133,#4983,#2552,.T.);
#6328=EDGE_CURVE('',#5133,#5134,#2553,.T.);
#6329=EDGE_CURVE('',#5134,#4984,#2554,.T.);
#6330=EDGE_CURVE('',#5134,#5135,#2555,.T.);
#6331=EDGE_CURVE('',#5135,#4985,#2556,.T.);
#6332=EDGE_CURVE('',#5135,#5136,#2557,.T.);
#6333=EDGE_CURVE('',#5136,#4986,#2558,.T.);
#6334=EDGE_CURVE('',#5136,#5137,#2559,.T.);
#6335=EDGE_CURVE('',#5137,#4987,#2560,.T.);
#6336=EDGE_CURVE('',#5137,#5138,#2561,.T.);
#6337=EDGE_CURVE('',#5138,#4964,#2562,.T.);
#6338=EDGE_CURVE('',#5138,#5115,#2563,.T.);
#6339=EDGE_CURVE('',#5139,#4989,#2564,.T.);
#6340=EDGE_CURVE('',#5139,#5140,#2565,.T.);
#6341=EDGE_CURVE('',#5140,#4990,#2566,.T.);
#6342=EDGE_CURVE('',#5140,#5141,#2567,.T.);
#6343=EDGE_CURVE('',#5141,#4991,#2568,.T.);
#6344=EDGE_CURVE('',#5141,#5142,#2569,.T.);
#6345=EDGE_CURVE('',#5142,#4992,#2570,.T.);
#6346=EDGE_CURVE('',#5142,#5143,#2571,.T.);
#6347=EDGE_CURVE('',#5143,#4993,#2572,.T.);
#6348=EDGE_CURVE('',#5143,#5144,#2573,.T.);
#6349=EDGE_CURVE('',#5144,#4994,#2574,.T.);
#6350=EDGE_CURVE('',#5144,#5145,#2575,.T.);
#6351=EDGE_CURVE('',#5145,#4988,#2576,.T.);
#6352=EDGE_CURVE('',#5145,#5139,#2577,.T.);
#6353=EDGE_CURVE('',#5146,#4996,#2578,.T.);
#6354=EDGE_CURVE('',#5146,#5147,#110,.T.);
#6355=EDGE_CURVE('',#5147,#4997,#2579,.T.);
#6356=EDGE_CURVE('',#5147,#5148,#2580,.T.);
#6357=EDGE_CURVE('',#5148,#4998,#2581,.T.);
#6358=EDGE_CURVE('',#5148,#5149,#2582,.T.);
#6359=EDGE_CURVE('',#5149,#4999,#2583,.T.);
#6360=EDGE_CURVE('',#5149,#5150,#2584,.T.);
#6361=EDGE_CURVE('',#5150,#5000,#2585,.T.);
#6362=EDGE_CURVE('',#5150,#5151,#111,.T.);
#6363=EDGE_CURVE('',#5151,#5001,#2586,.T.);
#6364=EDGE_CURVE('',#5151,#5152,#2587,.T.);
#6365=EDGE_CURVE('',#5152,#5002,#2588,.T.);
#6366=EDGE_CURVE('',#5152,#5153,#2589,.T.);
#6367=EDGE_CURVE('',#5153,#5003,#2590,.T.);
#6368=EDGE_CURVE('',#5153,#5154,#2591,.T.);
#6369=EDGE_CURVE('',#5154,#5004,#2592,.T.);
#6370=EDGE_CURVE('',#5154,#5155,#112,.T.);
#6371=EDGE_CURVE('',#5155,#5005,#2593,.T.);
#6372=EDGE_CURVE('',#5155,#5156,#2594,.T.);
#6373=EDGE_CURVE('',#5156,#5006,#2595,.T.);
#6374=EDGE_CURVE('',#5156,#5157,#2596,.T.);
#6375=EDGE_CURVE('',#5157,#5007,#2597,.T.);
#6376=EDGE_CURVE('',#5157,#5158,#2598,.T.);
#6377=EDGE_CURVE('',#5158,#5008,#2599,.T.);
#6378=EDGE_CURVE('',#5158,#5159,#113,.T.);
#6379=EDGE_CURVE('',#5159,#5009,#2600,.T.);
#6380=EDGE_CURVE('',#5159,#5160,#2601,.T.);
#6381=EDGE_CURVE('',#5160,#5010,#2602,.T.);
#6382=EDGE_CURVE('',#5160,#5161,#2603,.T.);
#6383=EDGE_CURVE('',#5161,#4995,#2604,.T.);
#6384=EDGE_CURVE('',#5161,#5146,#2605,.T.);
#6385=EDGE_CURVE('',#5162,#5163,#2606,.T.);
#6386=EDGE_CURVE('',#5164,#5163,#2607,.T.);
#6387=EDGE_CURVE('',#5165,#5164,#2608,.T.);
#6388=EDGE_CURVE('',#5165,#5162,#2609,.T.);
#6389=EDGE_CURVE('',#5166,#5162,#2610,.T.);
#6390=EDGE_CURVE('',#5167,#5165,#2611,.T.);
#6391=EDGE_CURVE('',#5167,#5166,#2612,.T.);
#6392=EDGE_CURVE('',#5168,#5166,#2613,.T.);
#6393=EDGE_CURVE('',#5169,#5167,#2614,.T.);
#6394=EDGE_CURVE('',#5169,#5168,#2615,.T.);
#6395=EDGE_CURVE('',#5170,#5168,#2616,.T.);
#6396=EDGE_CURVE('',#5171,#5169,#2617,.T.);
#6397=EDGE_CURVE('',#5171,#5170,#2618,.T.);
#6398=EDGE_CURVE('',#5170,#5172,#2619,.T.);
#6399=EDGE_CURVE('',#5171,#5173,#2620,.T.);
#6400=EDGE_CURVE('',#5173,#5172,#2621,.T.);
#6401=EDGE_CURVE('',#5174,#5172,#2622,.T.);
#6402=EDGE_CURVE('',#5175,#5173,#2623,.T.);
#6403=EDGE_CURVE('',#5175,#5174,#2624,.T.);
#6404=EDGE_CURVE('',#5176,#5174,#2625,.T.);
#6405=EDGE_CURVE('',#5177,#5175,#2626,.T.);
#6406=EDGE_CURVE('',#5177,#5176,#2627,.T.);
#6407=EDGE_CURVE('',#5178,#5176,#2628,.T.);
#6408=EDGE_CURVE('',#5179,#5177,#2629,.T.);
#6409=EDGE_CURVE('',#5179,#5178,#2630,.T.);
#6410=EDGE_CURVE('',#5163,#5178,#2167,.T.);
#6411=EDGE_CURVE('',#5164,#5179,#2168,.T.);
#6412=EDGE_CURVE('',#4772,#4771,#117,.T.);
#6413=EDGE_CURVE('',#5180,#5012,#2631,.T.);
#6414=EDGE_CURVE('',#5180,#5181,#2632,.T.);
#6415=EDGE_CURVE('',#5181,#5013,#2633,.T.);
#6416=EDGE_CURVE('',#5181,#5182,#2634,.T.);
#6417=EDGE_CURVE('',#5182,#5014,#2635,.T.);
#6418=EDGE_CURVE('',#5182,#5183,#2636,.T.);
#6419=EDGE_CURVE('',#5183,#5015,#2637,.T.);
#6420=EDGE_CURVE('',#5183,#5184,#2638,.T.);
#6421=EDGE_CURVE('',#5184,#5016,#2639,.T.);
#6422=EDGE_CURVE('',#5184,#5185,#2640,.T.);
#6423=EDGE_CURVE('',#5185,#5017,#2641,.T.);
#6424=EDGE_CURVE('',#5185,#5186,#2642,.T.);
#6425=EDGE_CURVE('',#5186,#5011,#2643,.T.);
#6426=EDGE_CURVE('',#5186,#5180,#2644,.T.);
#6427=EDGE_CURVE('',#5187,#5188,#2645,.T.);
#6428=EDGE_CURVE('',#5189,#5187,#2646,.T.);
#6429=EDGE_CURVE('',#5190,#5189,#2647,.T.);
#6430=EDGE_CURVE('',#5188,#5190,#2169,.T.);
#6431=EDGE_CURVE('',#5191,#5188,#2648,.T.);
#6432=EDGE_CURVE('',#5192,#5191,#2649,.T.);
#6433=EDGE_CURVE('',#5192,#5187,#2650,.T.);
#6434=EDGE_CURVE('',#5193,#5192,#2651,.T.);
#6435=EDGE_CURVE('',#5193,#5189,#2652,.T.);
#6436=EDGE_CURVE('',#5194,#5193,#2653,.T.);
#6437=EDGE_CURVE('',#5194,#5190,#2654,.T.);
#6438=EDGE_CURVE('',#5191,#5194,#2170,.T.);
#6439=EDGE_CURVE('',#5195,#5196,#2655,.T.);
#6440=EDGE_CURVE('',#5195,#5197,#2656,.T.);
#6441=EDGE_CURVE('',#5197,#5198,#2657,.T.);
#6442=EDGE_CURVE('',#5198,#5196,#2658,.T.);
#6443=EDGE_CURVE('',#5196,#5199,#2659,.T.);
#6444=EDGE_CURVE('',#5198,#5200,#2660,.T.);
#6445=EDGE_CURVE('',#5200,#5199,#2661,.T.);
#6446=EDGE_CURVE('',#5201,#5197,#2662,.T.);
#6447=EDGE_CURVE('',#5200,#5201,#2663,.T.);
#6448=EDGE_CURVE('',#5199,#5202,#2664,.T.);
#6449=EDGE_CURVE('',#5201,#5202,#2665,.T.);
#6450=EDGE_CURVE('',#5202,#5195,#2666,.T.);
#6451=EDGE_CURVE('',#5203,#5204,#2667,.T.);
#6452=EDGE_CURVE('',#5203,#5205,#2668,.T.);
#6453=EDGE_CURVE('',#5205,#5206,#2669,.T.);
#6454=EDGE_CURVE('',#5206,#5204,#2670,.T.);
#6455=EDGE_CURVE('',#5204,#5207,#2671,.T.);
#6456=EDGE_CURVE('',#5206,#5208,#2672,.T.);
#6457=EDGE_CURVE('',#5208,#5207,#2673,.T.);
#6458=EDGE_CURVE('',#5205,#5209,#2674,.T.);
#6459=EDGE_CURVE('',#5208,#5209,#2675,.T.);
#6460=EDGE_CURVE('',#5207,#5210,#2676,.T.);
#6461=EDGE_CURVE('',#5209,#5210,#2677,.T.);
#6462=EDGE_CURVE('',#5210,#5203,#2678,.T.);
#6463=EDGE_CURVE('',#5211,#5212,#2679,.T.);
#6464=EDGE_CURVE('',#5211,#5213,#2680,.T.);
#6465=EDGE_CURVE('',#5213,#5214,#2681,.T.);
#6466=EDGE_CURVE('',#5214,#5212,#2682,.T.);
#6467=EDGE_CURVE('',#5213,#5215,#2683,.T.);
#6468=EDGE_CURVE('',#5216,#5215,#2684,.T.);
#6469=EDGE_CURVE('',#5214,#5216,#2685,.T.);
#6470=EDGE_CURVE('',#5217,#5211,#2686,.T.);
#6471=EDGE_CURVE('',#5215,#5217,#2687,.T.);
#6472=EDGE_CURVE('',#5212,#5218,#2688,.T.);
#6473=EDGE_CURVE('',#5216,#5218,#2689,.T.);
#6474=EDGE_CURVE('',#5218,#5217,#2690,.T.);
#6475=EDGE_CURVE('',#5219,#5220,#2691,.T.);
#6476=EDGE_CURVE('',#5219,#5221,#2692,.T.);
#6477=EDGE_CURVE('',#5221,#5222,#2693,.T.);
#6478=EDGE_CURVE('',#5222,#5220,#2694,.T.);
#6479=EDGE_CURVE('',#5223,#5219,#2695,.T.);
#6480=EDGE_CURVE('',#5224,#5223,#2696,.T.);
#6481=EDGE_CURVE('',#5221,#5224,#2697,.T.);
#6482=EDGE_CURVE('',#5225,#5224,#2698,.T.);
#6483=EDGE_CURVE('',#5222,#5225,#2699,.T.);
#6484=EDGE_CURVE('',#5220,#5226,#2700,.T.);
#6485=EDGE_CURVE('',#5225,#5226,#2701,.T.);
#6486=EDGE_CURVE('',#5226,#5223,#2702,.T.);
#6487=EDGE_CURVE('',#5227,#5228,#2703,.T.);
#6488=EDGE_CURVE('',#5227,#5229,#2704,.T.);
#6489=EDGE_CURVE('',#5229,#5230,#2705,.T.);
#6490=EDGE_CURVE('',#5230,#5228,#2706,.T.);
#6491=EDGE_CURVE('',#5228,#5231,#2707,.T.);
#6492=EDGE_CURVE('',#5230,#5232,#2708,.T.);
#6493=EDGE_CURVE('',#5232,#5231,#2709,.T.);
#6494=EDGE_CURVE('',#5229,#5233,#2710,.T.);
#6495=EDGE_CURVE('',#5232,#5233,#2711,.T.);
#6496=EDGE_CURVE('',#5231,#5234,#2712,.T.);
#6497=EDGE_CURVE('',#5233,#5234,#2713,.T.);
#6498=EDGE_CURVE('',#5234,#5227,#2714,.T.);
#6499=EDGE_CURVE('',#5235,#5236,#2715,.T.);
#6500=EDGE_CURVE('',#5235,#5237,#2716,.T.);
#6501=EDGE_CURVE('',#5237,#5238,#2717,.T.);
#6502=EDGE_CURVE('',#5238,#5236,#2718,.T.);
#6503=EDGE_CURVE('',#5239,#5235,#2719,.T.);
#6504=EDGE_CURVE('',#5240,#5239,#2720,.T.);
#6505=EDGE_CURVE('',#5237,#5240,#2721,.T.);
#6506=EDGE_CURVE('',#5241,#5240,#2722,.T.);
#6507=EDGE_CURVE('',#5238,#5241,#2723,.T.);
#6508=EDGE_CURVE('',#5236,#5242,#2724,.T.);
#6509=EDGE_CURVE('',#5241,#5242,#2725,.T.);
#6510=EDGE_CURVE('',#5242,#5239,#2726,.T.);
#6511=EDGE_CURVE('',#5243,#5244,#2727,.T.);
#6512=EDGE_CURVE('',#5243,#5245,#2728,.T.);
#6513=EDGE_CURVE('',#5245,#5246,#2729,.T.);
#6514=EDGE_CURVE('',#5246,#5244,#2730,.T.);
#6515=EDGE_CURVE('',#5247,#5243,#2731,.T.);
#6516=EDGE_CURVE('',#5248,#5247,#2732,.T.);
#6517=EDGE_CURVE('',#5245,#5248,#2733,.T.);
#6518=EDGE_CURVE('',#5249,#5248,#2734,.T.);
#6519=EDGE_CURVE('',#5246,#5249,#2735,.T.);
#6520=EDGE_CURVE('',#5244,#5250,#2736,.T.);
#6521=EDGE_CURVE('',#5249,#5250,#2737,.T.);
#6522=EDGE_CURVE('',#5250,#5247,#2738,.T.);
#6523=EDGE_CURVE('',#5251,#5252,#2739,.T.);
#6524=EDGE_CURVE('',#5251,#5253,#2740,.T.);
#6525=EDGE_CURVE('',#5253,#5254,#2741,.T.);
#6526=EDGE_CURVE('',#5254,#5252,#2742,.T.);
#6527=EDGE_CURVE('',#5255,#5251,#2743,.T.);
#6528=EDGE_CURVE('',#5256,#5255,#2744,.T.);
#6529=EDGE_CURVE('',#5253,#5256,#2745,.T.);
#6530=EDGE_CURVE('',#5257,#5256,#2746,.T.);
#6531=EDGE_CURVE('',#5254,#5257,#2747,.T.);
#6532=EDGE_CURVE('',#5252,#5258,#2748,.T.);
#6533=EDGE_CURVE('',#5257,#5258,#2749,.T.);
#6534=EDGE_CURVE('',#5258,#5255,#2750,.T.);
#6535=EDGE_CURVE('',#5259,#5260,#2751,.T.);
#6536=EDGE_CURVE('',#5261,#5260,#2752,.T.);
#6537=EDGE_CURVE('',#5262,#5261,#2753,.T.);
#6538=EDGE_CURVE('',#5262,#5259,#2754,.T.);
#6539=EDGE_CURVE('',#5263,#5264,#2755,.T.);
#6540=EDGE_CURVE('',#5263,#5262,#2756,.T.);
#6541=EDGE_CURVE('',#5261,#5264,#2757,.T.);
#6542=EDGE_CURVE('',#5264,#5265,#2758,.T.);
#6543=EDGE_CURVE('',#5260,#5265,#2759,.T.);
#6544=EDGE_CURVE('',#5265,#5266,#2760,.T.);
#6545=EDGE_CURVE('',#5266,#5259,#2761,.T.);
#6546=EDGE_CURVE('',#5266,#5263,#2762,.T.);
#6547=EDGE_CURVE('',#5267,#5268,#2763,.T.);
#6548=EDGE_CURVE('',#5267,#5269,#2764,.T.);
#6549=EDGE_CURVE('',#5269,#5270,#2765,.T.);
#6550=EDGE_CURVE('',#5270,#5268,#2766,.T.);
#6551=EDGE_CURVE('',#5269,#5271,#2767,.T.);
#6552=EDGE_CURVE('',#5271,#5272,#2768,.T.);
#6553=EDGE_CURVE('',#5270,#5272,#2769,.T.);
#6554=EDGE_CURVE('',#5273,#5267,#2770,.T.);
#6555=EDGE_CURVE('',#5273,#5271,#2771,.T.);
#6556=EDGE_CURVE('',#5268,#5274,#2772,.T.);
#6557=EDGE_CURVE('',#5272,#5274,#2773,.T.);
#6558=EDGE_CURVE('',#5274,#5273,#2774,.T.);
#6559=EDGE_CURVE('',#5275,#5276,#2775,.T.);
#6560=EDGE_CURVE('',#5275,#5277,#2776,.T.);
#6561=EDGE_CURVE('',#5277,#5278,#2777,.T.);
#6562=EDGE_CURVE('',#5278,#5276,#2778,.T.);
#6563=EDGE_CURVE('',#5279,#5275,#2779,.T.);
#6564=EDGE_CURVE('',#5279,#5280,#2780,.T.);
#6565=EDGE_CURVE('',#5277,#5280,#2781,.T.);
#6566=EDGE_CURVE('',#5280,#5281,#2782,.T.);
#6567=EDGE_CURVE('',#5278,#5281,#2783,.T.);
#6568=EDGE_CURVE('',#5276,#5282,#2784,.T.);
#6569=EDGE_CURVE('',#5281,#5282,#2785,.T.);
#6570=EDGE_CURVE('',#5282,#5279,#2786,.T.);
#6571=EDGE_CURVE('',#5283,#5284,#2787,.T.);
#6572=EDGE_CURVE('',#5285,#5283,#2788,.T.);
#6573=EDGE_CURVE('',#5285,#5286,#2789,.T.);
#6574=EDGE_CURVE('',#5286,#5284,#2790,.T.);
#6575=EDGE_CURVE('',#5287,#5285,#2791,.T.);
#6576=EDGE_CURVE('',#5287,#5288,#2792,.T.);
#6577=EDGE_CURVE('',#5288,#5286,#2793,.T.);
#6578=EDGE_CURVE('',#5284,#5289,#2794,.T.);
#6579=EDGE_CURVE('',#5289,#5288,#2795,.T.);
#6580=EDGE_CURVE('',#5289,#5290,#2796,.T.);
#6581=EDGE_CURVE('',#5290,#5287,#2797,.T.);
#6582=EDGE_CURVE('',#5290,#5283,#2798,.T.);
#6583=EDGE_CURVE('',#5291,#5292,#2799,.T.);
#6584=EDGE_CURVE('',#5291,#5293,#2800,.T.);
#6585=EDGE_CURVE('',#5293,#5294,#2801,.T.);
#6586=EDGE_CURVE('',#5294,#5292,#2802,.T.);
#6587=EDGE_CURVE('',#5295,#5296,#2803,.T.);
#6588=EDGE_CURVE('',#5294,#5296,#2804,.T.);
#6589=EDGE_CURVE('',#5293,#5295,#2805,.T.);
#6590=EDGE_CURVE('',#5292,#5297,#2806,.T.);
#6591=EDGE_CURVE('',#5296,#5297,#2807,.T.);
#6592=EDGE_CURVE('',#5297,#5298,#2808,.T.);
#6593=EDGE_CURVE('',#5298,#5295,#2809,.T.);
#6594=EDGE_CURVE('',#5298,#5291,#2810,.T.);
#6595=EDGE_CURVE('',#5299,#5300,#2811,.T.);
#6596=EDGE_CURVE('',#5299,#5301,#2812,.T.);
#6597=EDGE_CURVE('',#5301,#5302,#2813,.T.);
#6598=EDGE_CURVE('',#5302,#5300,#2814,.T.);
#6599=EDGE_CURVE('',#5300,#5303,#2815,.T.);
#6600=EDGE_CURVE('',#5302,#5304,#2816,.T.);
#6601=EDGE_CURVE('',#5304,#5303,#2817,.T.);
#6602=EDGE_CURVE('',#5305,#5304,#2818,.T.);
#6603=EDGE_CURVE('',#5301,#5305,#2819,.T.);
#6604=EDGE_CURVE('',#5303,#5306,#2820,.T.);
#6605=EDGE_CURVE('',#5306,#5305,#2821,.T.);
#6606=EDGE_CURVE('',#5306,#5299,#2822,.T.);
#6607=EDGE_CURVE('',#5307,#5308,#2823,.T.);
#6608=EDGE_CURVE('',#5307,#5309,#2824,.T.);
#6609=EDGE_CURVE('',#5309,#5310,#2825,.T.);
#6610=EDGE_CURVE('',#5310,#5308,#2826,.T.);
#6611=EDGE_CURVE('',#5308,#5311,#2827,.T.);
#6612=EDGE_CURVE('',#5310,#5312,#2828,.T.);
#6613=EDGE_CURVE('',#5312,#5311,#2829,.T.);
#6614=EDGE_CURVE('',#5313,#5312,#2830,.T.);
#6615=EDGE_CURVE('',#5309,#5313,#2831,.T.);
#6616=EDGE_CURVE('',#5311,#5314,#2832,.T.);
#6617=EDGE_CURVE('',#5314,#5313,#2833,.T.);
#6618=EDGE_CURVE('',#5314,#5307,#2834,.T.);
#6619=EDGE_CURVE('',#5315,#5316,#2835,.T.);
#6620=EDGE_CURVE('',#5317,#5316,#2836,.T.);
#6621=EDGE_CURVE('',#5318,#5317,#2837,.T.);
#6622=EDGE_CURVE('',#5318,#5315,#2838,.T.);
#6623=EDGE_CURVE('',#5319,#5320,#2839,.T.);
#6624=EDGE_CURVE('',#5319,#5318,#2840,.T.);
#6625=EDGE_CURVE('',#5320,#5317,#2841,.T.);
#6626=EDGE_CURVE('',#5320,#5321,#2842,.T.);
#6627=EDGE_CURVE('',#5316,#5321,#2843,.T.);
#6628=EDGE_CURVE('',#5321,#5322,#2844,.T.);
#6629=EDGE_CURVE('',#5322,#5315,#2845,.T.);
#6630=EDGE_CURVE('',#5322,#5319,#2846,.T.);
#6631=EDGE_CURVE('',#5323,#5324,#2847,.T.);
#6632=EDGE_CURVE('',#5323,#5325,#2848,.T.);
#6633=EDGE_CURVE('',#5325,#5326,#2849,.T.);
#6634=EDGE_CURVE('',#5326,#5324,#2850,.T.);
#6635=EDGE_CURVE('',#5325,#5327,#2851,.T.);
#6636=EDGE_CURVE('',#5327,#5328,#2852,.T.);
#6637=EDGE_CURVE('',#5326,#5328,#2853,.T.);
#6638=EDGE_CURVE('',#5329,#5323,#2854,.T.);
#6639=EDGE_CURVE('',#5329,#5327,#2855,.T.);
#6640=EDGE_CURVE('',#5324,#5330,#2856,.T.);
#6641=EDGE_CURVE('',#5328,#5330,#2857,.T.);
#6642=EDGE_CURVE('',#5330,#5329,#2858,.T.);
#6643=EDGE_CURVE('',#5331,#5332,#2859,.T.);
#6644=EDGE_CURVE('',#5331,#5333,#2860,.T.);
#6645=EDGE_CURVE('',#5333,#5334,#2861,.T.);
#6646=EDGE_CURVE('',#5334,#5332,#2862,.T.);
#6647=EDGE_CURVE('',#5335,#5331,#2863,.T.);
#6648=EDGE_CURVE('',#5335,#5336,#2864,.T.);
#6649=EDGE_CURVE('',#5333,#5336,#2865,.T.);
#6650=EDGE_CURVE('',#5336,#5337,#2866,.T.);
#6651=EDGE_CURVE('',#5334,#5337,#2867,.T.);
#6652=EDGE_CURVE('',#5332,#5338,#2868,.T.);
#6653=EDGE_CURVE('',#5337,#5338,#2869,.T.);
#6654=EDGE_CURVE('',#5338,#5335,#2870,.T.);
#6655=EDGE_CURVE('',#5339,#5340,#2871,.T.);
#6656=EDGE_CURVE('',#5341,#5339,#2872,.T.);
#6657=EDGE_CURVE('',#5341,#5342,#2873,.T.);
#6658=EDGE_CURVE('',#5342,#5340,#2874,.T.);
#6659=EDGE_CURVE('',#5343,#5341,#2875,.T.);
#6660=EDGE_CURVE('',#5343,#5344,#2876,.T.);
#6661=EDGE_CURVE('',#5344,#5342,#2877,.T.);
#6662=EDGE_CURVE('',#5340,#5345,#2878,.T.);
#6663=EDGE_CURVE('',#5345,#5344,#2879,.T.);
#6664=EDGE_CURVE('',#5345,#5346,#2880,.T.);
#6665=EDGE_CURVE('',#5346,#5343,#2881,.T.);
#6666=EDGE_CURVE('',#5346,#5339,#2882,.T.);
#6667=EDGE_CURVE('',#5347,#5348,#2883,.T.);
#6668=EDGE_CURVE('',#5347,#5349,#2884,.T.);
#6669=EDGE_CURVE('',#5349,#5350,#2885,.T.);
#6670=EDGE_CURVE('',#5350,#5348,#2886,.T.);
#6671=EDGE_CURVE('',#5351,#5352,#2887,.T.);
#6672=EDGE_CURVE('',#5350,#5352,#2888,.T.);
#6673=EDGE_CURVE('',#5349,#5351,#2889,.T.);
#6674=EDGE_CURVE('',#5348,#5353,#2890,.T.);
#6675=EDGE_CURVE('',#5352,#5353,#2891,.T.);
#6676=EDGE_CURVE('',#5353,#5354,#2892,.T.);
#6677=EDGE_CURVE('',#5354,#5351,#2893,.T.);
#6678=EDGE_CURVE('',#5354,#5347,#2894,.T.);
#6679=EDGE_CURVE('',#5355,#5356,#2895,.T.);
#6680=EDGE_CURVE('',#5355,#5357,#2896,.T.);
#6681=EDGE_CURVE('',#5357,#5358,#2897,.T.);
#6682=EDGE_CURVE('',#5358,#5356,#2898,.T.);
#6683=EDGE_CURVE('',#5356,#5359,#2899,.T.);
#6684=EDGE_CURVE('',#5358,#5360,#2900,.T.);
#6685=EDGE_CURVE('',#5360,#5359,#2901,.T.);
#6686=EDGE_CURVE('',#5361,#5360,#2902,.T.);
#6687=EDGE_CURVE('',#5357,#5361,#2903,.T.);
#6688=EDGE_CURVE('',#5359,#5362,#2904,.T.);
#6689=EDGE_CURVE('',#5362,#5361,#2905,.T.);
#6690=EDGE_CURVE('',#5362,#5355,#2906,.T.);
#6691=EDGE_CURVE('',#5363,#5364,#2907,.T.);
#6692=EDGE_CURVE('',#5363,#5365,#2908,.T.);
#6693=EDGE_CURVE('',#5365,#5366,#2909,.T.);
#6694=EDGE_CURVE('',#5366,#5364,#2910,.T.);
#6695=EDGE_CURVE('',#5364,#5367,#2911,.T.);
#6696=EDGE_CURVE('',#5366,#5368,#2912,.T.);
#6697=EDGE_CURVE('',#5368,#5367,#2913,.T.);
#6698=EDGE_CURVE('',#5369,#5368,#2914,.T.);
#6699=EDGE_CURVE('',#5365,#5369,#2915,.T.);
#6700=EDGE_CURVE('',#5367,#5370,#2916,.T.);
#6701=EDGE_CURVE('',#5370,#5369,#2917,.T.);
#6702=EDGE_CURVE('',#5370,#5363,#2918,.T.);
#6703=EDGE_CURVE('',#5371,#5372,#2919,.T.);
#6704=EDGE_CURVE('',#5373,#5371,#2920,.T.);
#6705=EDGE_CURVE('',#5373,#5374,#2921,.T.);
#6706=EDGE_CURVE('',#5374,#5372,#2922,.T.);
#6707=EDGE_CURVE('',#5375,#5373,#2923,.T.);
#6708=EDGE_CURVE('',#5375,#5376,#2924,.T.);
#6709=EDGE_CURVE('',#5376,#5374,#2925,.T.);
#6710=EDGE_CURVE('',#5372,#5377,#2926,.T.);
#6711=EDGE_CURVE('',#5377,#5376,#2927,.T.);
#6712=EDGE_CURVE('',#5377,#5378,#2928,.T.);
#6713=EDGE_CURVE('',#5378,#5375,#2929,.T.);
#6714=EDGE_CURVE('',#5378,#5371,#2930,.T.);
#6715=EDGE_CURVE('',#5379,#5380,#2931,.T.);
#6716=EDGE_CURVE('',#5379,#5381,#2932,.T.);
#6717=EDGE_CURVE('',#5381,#5382,#2933,.T.);
#6718=EDGE_CURVE('',#5382,#5380,#2934,.T.);
#6719=EDGE_CURVE('',#5381,#5383,#2935,.T.);
#6720=EDGE_CURVE('',#5383,#5384,#2936,.T.);
#6721=EDGE_CURVE('',#5382,#5384,#2937,.T.);
#6722=EDGE_CURVE('',#5385,#5379,#2938,.T.);
#6723=EDGE_CURVE('',#5385,#5383,#2939,.T.);
#6724=EDGE_CURVE('',#5380,#5386,#2940,.T.);
#6725=EDGE_CURVE('',#5384,#5386,#2941,.T.);
#6726=EDGE_CURVE('',#5386,#5385,#2942,.T.);
#6727=EDGE_CURVE('',#5387,#5388,#2943,.T.);
#6728=EDGE_CURVE('',#5387,#5389,#2944,.T.);
#6729=EDGE_CURVE('',#5389,#5390,#2945,.T.);
#6730=EDGE_CURVE('',#5390,#5388,#2946,.T.);
#6731=EDGE_CURVE('',#5391,#5392,#2947,.T.);
#6732=EDGE_CURVE('',#5390,#5392,#2948,.T.);
#6733=EDGE_CURVE('',#5389,#5391,#2949,.T.);
#6734=EDGE_CURVE('',#5388,#5393,#2950,.T.);
#6735=EDGE_CURVE('',#5392,#5393,#2951,.T.);
#6736=EDGE_CURVE('',#5393,#5394,#2952,.T.);
#6737=EDGE_CURVE('',#5394,#5391,#2953,.T.);
#6738=EDGE_CURVE('',#5394,#5387,#2954,.T.);
#6739=EDGE_CURVE('',#5395,#5396,#2955,.T.);
#6740=EDGE_CURVE('',#5397,#5395,#2956,.T.);
#6741=EDGE_CURVE('',#5397,#5398,#2957,.T.);
#6742=EDGE_CURVE('',#5398,#5396,#2958,.T.);
#6743=EDGE_CURVE('',#5399,#5397,#2959,.T.);
#6744=EDGE_CURVE('',#5399,#5400,#2960,.T.);
#6745=EDGE_CURVE('',#5400,#5398,#2961,.T.);
#6746=EDGE_CURVE('',#5396,#5401,#2962,.T.);
#6747=EDGE_CURVE('',#5401,#5400,#2963,.T.);
#6748=EDGE_CURVE('',#5401,#5402,#2964,.T.);
#6749=EDGE_CURVE('',#5402,#5399,#2965,.T.);
#6750=EDGE_CURVE('',#5402,#5395,#2966,.T.);
#6751=EDGE_CURVE('',#5403,#5404,#2967,.T.);
#6752=EDGE_CURVE('',#5403,#5405,#2968,.T.);
#6753=EDGE_CURVE('',#5405,#5406,#2969,.T.);
#6754=EDGE_CURVE('',#5404,#5406,#2970,.T.);
#6755=EDGE_CURVE('',#5404,#5407,#2971,.T.);
#6756=EDGE_CURVE('',#5406,#5408,#2972,.T.);
#6757=EDGE_CURVE('',#5408,#5407,#2973,.T.);
#6758=EDGE_CURVE('',#5409,#5408,#2974,.T.);
#6759=EDGE_CURVE('',#5405,#5409,#2975,.T.);
#6760=EDGE_CURVE('',#5407,#5410,#2976,.T.);
#6761=EDGE_CURVE('',#5410,#5409,#2977,.T.);
#6762=EDGE_CURVE('',#5410,#5403,#2978,.T.);
#6763=EDGE_CURVE('',#5411,#5412,#2979,.T.);
#6764=EDGE_CURVE('',#5411,#5413,#2980,.T.);
#6765=EDGE_CURVE('',#5413,#5414,#2981,.T.);
#6766=EDGE_CURVE('',#5414,#5412,#2982,.T.);
#6767=EDGE_CURVE('',#5415,#5416,#2983,.T.);
#6768=EDGE_CURVE('',#5414,#5416,#2984,.T.);
#6769=EDGE_CURVE('',#5413,#5415,#2985,.T.);
#6770=EDGE_CURVE('',#5412,#5417,#2986,.T.);
#6771=EDGE_CURVE('',#5416,#5417,#2987,.T.);
#6772=EDGE_CURVE('',#5417,#5418,#2988,.T.);
#6773=EDGE_CURVE('',#5418,#5415,#2989,.T.);
#6774=EDGE_CURVE('',#5418,#5411,#2990,.T.);
#6775=EDGE_CURVE('',#5419,#5420,#2991,.T.);
#6776=EDGE_CURVE('',#5419,#5421,#2992,.T.);
#6777=EDGE_CURVE('',#5421,#5422,#2993,.T.);
#6778=EDGE_CURVE('',#5422,#5420,#2994,.T.);
#6779=EDGE_CURVE('',#5420,#5423,#2995,.T.);
#6780=EDGE_CURVE('',#5422,#5424,#2996,.T.);
#6781=EDGE_CURVE('',#5424,#5423,#2997,.T.);
#6782=EDGE_CURVE('',#5425,#5424,#2998,.T.);
#6783=EDGE_CURVE('',#5421,#5425,#2999,.T.);
#6784=EDGE_CURVE('',#5423,#5426,#3000,.T.);
#6785=EDGE_CURVE('',#5426,#5425,#3001,.T.);
#6786=EDGE_CURVE('',#5426,#5419,#3002,.T.);
#6787=EDGE_CURVE('',#5427,#5428,#3003,.T.);
#6788=EDGE_CURVE('',#5427,#5429,#3004,.T.);
#6789=EDGE_CURVE('',#5429,#5430,#3005,.T.);
#6790=EDGE_CURVE('',#5428,#5430,#3006,.T.);
#6791=EDGE_CURVE('',#5428,#5431,#3007,.T.);
#6792=EDGE_CURVE('',#5430,#5432,#3008,.T.);
#6793=EDGE_CURVE('',#5432,#5431,#3009,.T.);
#6794=EDGE_CURVE('',#5433,#5432,#3010,.T.);
#6795=EDGE_CURVE('',#5433,#5429,#3011,.T.);
#6796=EDGE_CURVE('',#5431,#5434,#3012,.T.);
#6797=EDGE_CURVE('',#5434,#5433,#3013,.T.);
#6798=EDGE_CURVE('',#5434,#5427,#3014,.T.);
#6799=EDGE_CURVE('',#5435,#5436,#3015,.T.);
#6800=EDGE_CURVE('',#5435,#5437,#3016,.T.);
#6801=EDGE_CURVE('',#5437,#5438,#3017,.T.);
#6802=EDGE_CURVE('',#5438,#5436,#3018,.T.);
#6803=EDGE_CURVE('',#5439,#5437,#3019,.T.);
#6804=EDGE_CURVE('',#5439,#5440,#3020,.T.);
#6805=EDGE_CURVE('',#5438,#5440,#3021,.T.);
#6806=EDGE_CURVE('',#5441,#5435,#3022,.T.);
#6807=EDGE_CURVE('',#5441,#5439,#3023,.T.);
#6808=EDGE_CURVE('',#5436,#5442,#3024,.T.);
#6809=EDGE_CURVE('',#5440,#5442,#3025,.T.);
#6810=EDGE_CURVE('',#5442,#5441,#3026,.T.);
#6811=EDGE_CURVE('',#5443,#5444,#3027,.T.);
#6812=EDGE_CURVE('',#5445,#5443,#3028,.T.);
#6813=EDGE_CURVE('',#5445,#5446,#3029,.T.);
#6814=EDGE_CURVE('',#5446,#5444,#3030,.T.);
#6815=EDGE_CURVE('',#5444,#5447,#3031,.T.);
#6816=EDGE_CURVE('',#5448,#5446,#3032,.T.);
#6817=EDGE_CURVE('',#5447,#5448,#3033,.T.);
#6818=EDGE_CURVE('',#5449,#5445,#3034,.T.);
#6819=EDGE_CURVE('',#5448,#5449,#3035,.T.);
#6820=EDGE_CURVE('',#5447,#5450,#3036,.T.);
#6821=EDGE_CURVE('',#5450,#5449,#3037,.T.);
#6822=EDGE_CURVE('',#5450,#5443,#3038,.T.);
#6823=EDGE_CURVE('',#5451,#5452,#3039,.T.);
#6824=EDGE_CURVE('',#5453,#5451,#3040,.T.);
#6825=EDGE_CURVE('',#5453,#5454,#3041,.T.);
#6826=EDGE_CURVE('',#5454,#5452,#3042,.T.);
#6827=EDGE_CURVE('',#5455,#5453,#3043,.T.);
#6828=EDGE_CURVE('',#5456,#5455,#3044,.T.);
#6829=EDGE_CURVE('',#5456,#5454,#3045,.T.);
#6830=EDGE_CURVE('',#5452,#5457,#3046,.T.);
#6831=EDGE_CURVE('',#5457,#5456,#3047,.T.);
#6832=EDGE_CURVE('',#5457,#5458,#3048,.T.);
#6833=EDGE_CURVE('',#5458,#5455,#3049,.T.);
#6834=EDGE_CURVE('',#5458,#5451,#3050,.T.);
#6835=EDGE_CURVE('',#5459,#5460,#3051,.T.);
#6836=EDGE_CURVE('',#5459,#5461,#3052,.T.);
#6837=EDGE_CURVE('',#5461,#5462,#3053,.T.);
#6838=EDGE_CURVE('',#5462,#5460,#3054,.T.);
#6839=EDGE_CURVE('',#5463,#5464,#3055,.T.);
#6840=EDGE_CURVE('',#5462,#5464,#3056,.T.);
#6841=EDGE_CURVE('',#5463,#5461,#3057,.T.);
#6842=EDGE_CURVE('',#5460,#5465,#3058,.T.);
#6843=EDGE_CURVE('',#5464,#5465,#3059,.T.);
#6844=EDGE_CURVE('',#5465,#5466,#3060,.T.);
#6845=EDGE_CURVE('',#5466,#5463,#3061,.T.);
#6846=EDGE_CURVE('',#5466,#5459,#3062,.T.);
#6847=EDGE_CURVE('',#5467,#5468,#3063,.T.);
#6848=EDGE_CURVE('',#5467,#5469,#3064,.T.);
#6849=EDGE_CURVE('',#5469,#5470,#3065,.T.);
#6850=EDGE_CURVE('',#5470,#5468,#3066,.T.);
#6851=EDGE_CURVE('',#5468,#5471,#3067,.T.);
#6852=EDGE_CURVE('',#5470,#5472,#3068,.T.);
#6853=EDGE_CURVE('',#5472,#5471,#3069,.T.);
#6854=EDGE_CURVE('',#5473,#5472,#3070,.T.);
#6855=EDGE_CURVE('',#5473,#5469,#3071,.T.);
#6856=EDGE_CURVE('',#5471,#5474,#3072,.T.);
#6857=EDGE_CURVE('',#5474,#5473,#3073,.T.);
#6858=EDGE_CURVE('',#5474,#5467,#3074,.T.);
#6859=EDGE_CURVE('',#5475,#5476,#3075,.T.);
#6860=EDGE_CURVE('',#5475,#5477,#3076,.T.);
#6861=EDGE_CURVE('',#5477,#5478,#3077,.T.);
#6862=EDGE_CURVE('',#5478,#5476,#3078,.T.);
#6863=EDGE_CURVE('',#5476,#5479,#3079,.T.);
#6864=EDGE_CURVE('',#5478,#5480,#3080,.T.);
#6865=EDGE_CURVE('',#5480,#5479,#3081,.T.);
#6866=EDGE_CURVE('',#5481,#5480,#3082,.T.);
#6867=EDGE_CURVE('',#5481,#5477,#3083,.T.);
#6868=EDGE_CURVE('',#5479,#5482,#3084,.T.);
#6869=EDGE_CURVE('',#5482,#5481,#3085,.T.);
#6870=EDGE_CURVE('',#5482,#5475,#3086,.T.);
#6871=EDGE_CURVE('',#5483,#5484,#3087,.T.);
#6872=EDGE_CURVE('',#5483,#5485,#3088,.T.);
#6873=EDGE_CURVE('',#5485,#5486,#3089,.T.);
#6874=EDGE_CURVE('',#5484,#5486,#3090,.T.);
#6875=EDGE_CURVE('',#5484,#5487,#3091,.T.);
#6876=EDGE_CURVE('',#5486,#5488,#3092,.T.);
#6877=EDGE_CURVE('',#5488,#5487,#3093,.T.);
#6878=EDGE_CURVE('',#5489,#5488,#3094,.T.);
#6879=EDGE_CURVE('',#5485,#5489,#3095,.T.);
#6880=EDGE_CURVE('',#5487,#5490,#3096,.T.);
#6881=EDGE_CURVE('',#5490,#5489,#3097,.T.);
#6882=EDGE_CURVE('',#5490,#5483,#3098,.T.);
#6883=EDGE_CURVE('',#5491,#5492,#3099,.T.);
#6884=EDGE_CURVE('',#5491,#5493,#3100,.T.);
#6885=EDGE_CURVE('',#5493,#5494,#3101,.T.);
#6886=EDGE_CURVE('',#5494,#5492,#3102,.T.);
#6887=EDGE_CURVE('',#5493,#5495,#3103,.T.);
#6888=EDGE_CURVE('',#5495,#5496,#3104,.T.);
#6889=EDGE_CURVE('',#5494,#5496,#3105,.T.);
#6890=EDGE_CURVE('',#5497,#5491,#3106,.T.);
#6891=EDGE_CURVE('',#5497,#5495,#3107,.T.);
#6892=EDGE_CURVE('',#5492,#5498,#3108,.T.);
#6893=EDGE_CURVE('',#5496,#5498,#3109,.T.);
#6894=EDGE_CURVE('',#5498,#5497,#3110,.T.);
#6895=EDGE_CURVE('',#5499,#5500,#3111,.T.);
#6896=EDGE_CURVE('',#5501,#5499,#3112,.T.);
#6897=EDGE_CURVE('',#5501,#5502,#3113,.T.);
#6898=EDGE_CURVE('',#5502,#5500,#3114,.T.);
#6899=EDGE_CURVE('',#5500,#5503,#3115,.T.);
#6900=EDGE_CURVE('',#5504,#5502,#3116,.T.);
#6901=EDGE_CURVE('',#5503,#5504,#3117,.T.);
#6902=EDGE_CURVE('',#5505,#5501,#3118,.T.);
#6903=EDGE_CURVE('',#5505,#5504,#3119,.T.);
#6904=EDGE_CURVE('',#5503,#5506,#3120,.T.);
#6905=EDGE_CURVE('',#5506,#5505,#3121,.T.);
#6906=EDGE_CURVE('',#5506,#5499,#3122,.T.);
#6907=EDGE_CURVE('',#5507,#5508,#3123,.T.);
#6908=EDGE_CURVE('',#5509,#5507,#3124,.T.);
#6909=EDGE_CURVE('',#5509,#5510,#3125,.T.);
#6910=EDGE_CURVE('',#5510,#5508,#3126,.T.);
#6911=EDGE_CURVE('',#5511,#5509,#3127,.T.);
#6912=EDGE_CURVE('',#5511,#5512,#3128,.T.);
#6913=EDGE_CURVE('',#5512,#5510,#3129,.T.);
#6914=EDGE_CURVE('',#5508,#5513,#3130,.T.);
#6915=EDGE_CURVE('',#5513,#5512,#3131,.T.);
#6916=EDGE_CURVE('',#5513,#5514,#3132,.T.);
#6917=EDGE_CURVE('',#5514,#5511,#3133,.T.);
#6918=EDGE_CURVE('',#5514,#5507,#3134,.T.);
#6919=EDGE_CURVE('',#5515,#5516,#3135,.T.);
#6920=EDGE_CURVE('',#5515,#5517,#3136,.T.);
#6921=EDGE_CURVE('',#5517,#5518,#3137,.T.);
#6922=EDGE_CURVE('',#5518,#5516,#3138,.T.);
#6923=EDGE_CURVE('',#5519,#5520,#3139,.T.);
#6924=EDGE_CURVE('',#5518,#5520,#3140,.T.);
#6925=EDGE_CURVE('',#5517,#5519,#3141,.T.);
#6926=EDGE_CURVE('',#5516,#5521,#3142,.T.);
#6927=EDGE_CURVE('',#5520,#5521,#3143,.T.);
#6928=EDGE_CURVE('',#5521,#5522,#3144,.T.);
#6929=EDGE_CURVE('',#5522,#5519,#3145,.T.);
#6930=EDGE_CURVE('',#5522,#5515,#3146,.T.);
#6931=EDGE_CURVE('',#5523,#5524,#3147,.T.);
#6932=EDGE_CURVE('',#5523,#5525,#3148,.T.);
#6933=EDGE_CURVE('',#5525,#5526,#3149,.T.);
#6934=EDGE_CURVE('',#5526,#5524,#3150,.T.);
#6935=EDGE_CURVE('',#5524,#5527,#3151,.T.);
#6936=EDGE_CURVE('',#5526,#5528,#3152,.T.);
#6937=EDGE_CURVE('',#5528,#5527,#3153,.T.);
#6938=EDGE_CURVE('',#5529,#5528,#3154,.T.);
#6939=EDGE_CURVE('',#5525,#5529,#3155,.T.);
#6940=EDGE_CURVE('',#5527,#5530,#3156,.T.);
#6941=EDGE_CURVE('',#5530,#5529,#3157,.T.);
#6942=EDGE_CURVE('',#5530,#5523,#3158,.T.);
#6943=EDGE_CURVE('',#5531,#5532,#3159,.T.);
#6944=EDGE_CURVE('',#5531,#5533,#3160,.T.);
#6945=EDGE_CURVE('',#5533,#5534,#3161,.T.);
#6946=EDGE_CURVE('',#5534,#5532,#3162,.T.);
#6947=EDGE_CURVE('',#5532,#5535,#3163,.T.);
#6948=EDGE_CURVE('',#5534,#5536,#3164,.T.);
#6949=EDGE_CURVE('',#5536,#5535,#3165,.T.);
#6950=EDGE_CURVE('',#5537,#5536,#3166,.T.);
#6951=EDGE_CURVE('',#5533,#5537,#3167,.T.);
#6952=EDGE_CURVE('',#5535,#5538,#3168,.T.);
#6953=EDGE_CURVE('',#5538,#5537,#3169,.T.);
#6954=EDGE_CURVE('',#5538,#5531,#3170,.T.);
#6955=EDGE_CURVE('',#5539,#5540,#3171,.T.);
#6956=EDGE_CURVE('',#5539,#5541,#3172,.T.);
#6957=EDGE_CURVE('',#5541,#5542,#3173,.T.);
#6958=EDGE_CURVE('',#5542,#5540,#3174,.T.);
#6959=EDGE_CURVE('',#5543,#5539,#3175,.T.);
#6960=EDGE_CURVE('',#5543,#5544,#3176,.T.);
#6961=EDGE_CURVE('',#5544,#5541,#3177,.T.);
#6962=EDGE_CURVE('',#5545,#5542,#3178,.T.);
#6963=EDGE_CURVE('',#5544,#5545,#3179,.T.);
#6964=EDGE_CURVE('',#5540,#5546,#3180,.T.);
#6965=EDGE_CURVE('',#5546,#5545,#3181,.T.);
#6966=EDGE_CURVE('',#5546,#5543,#3182,.T.);
#6967=EDGE_CURVE('',#5547,#5548,#3183,.T.);
#6968=EDGE_CURVE('',#5549,#5547,#3184,.T.);
#6969=EDGE_CURVE('',#5549,#5550,#3185,.T.);
#6970=EDGE_CURVE('',#5550,#5548,#3186,.T.);
#6971=EDGE_CURVE('',#5551,#5549,#3187,.T.);
#6972=EDGE_CURVE('',#5551,#5552,#3188,.T.);
#6973=EDGE_CURVE('',#5552,#5550,#3189,.T.);
#6974=EDGE_CURVE('',#5548,#5553,#3190,.T.);
#6975=EDGE_CURVE('',#5553,#5552,#3191,.T.);
#6976=EDGE_CURVE('',#5553,#5554,#3192,.T.);
#6977=EDGE_CURVE('',#5554,#5551,#3193,.T.);
#6978=EDGE_CURVE('',#5554,#5547,#3194,.T.);
#6979=EDGE_CURVE('',#5555,#5556,#3195,.T.);
#6980=EDGE_CURVE('',#5555,#5557,#3196,.T.);
#6981=EDGE_CURVE('',#5557,#5558,#3197,.T.);
#6982=EDGE_CURVE('',#5558,#5556,#3198,.T.);
#6983=EDGE_CURVE('',#5557,#5559,#3199,.T.);
#6984=EDGE_CURVE('',#5559,#5560,#3200,.T.);
#6985=EDGE_CURVE('',#5558,#5560,#3201,.T.);
#6986=EDGE_CURVE('',#5561,#5555,#3202,.T.);
#6987=EDGE_CURVE('',#5561,#5559,#3203,.T.);
#6988=EDGE_CURVE('',#5556,#5562,#3204,.T.);
#6989=EDGE_CURVE('',#5560,#5562,#3205,.T.);
#6990=EDGE_CURVE('',#5562,#5561,#3206,.T.);
#6991=EDGE_CURVE('',#5563,#5564,#3207,.T.);
#6992=EDGE_CURVE('',#5565,#5563,#3208,.T.);
#6993=EDGE_CURVE('',#5565,#5566,#3209,.T.);
#6994=EDGE_CURVE('',#5566,#5564,#3210,.T.);
#6995=EDGE_CURVE('',#5564,#5567,#3211,.T.);
#6996=EDGE_CURVE('',#5568,#5566,#3212,.T.);
#6997=EDGE_CURVE('',#5567,#5568,#3213,.T.);
#6998=EDGE_CURVE('',#5569,#5565,#3214,.T.);
#6999=EDGE_CURVE('',#5569,#5568,#3215,.T.);
#7000=EDGE_CURVE('',#5567,#5570,#3216,.T.);
#7001=EDGE_CURVE('',#5570,#5569,#3217,.T.);
#7002=EDGE_CURVE('',#5570,#5563,#3218,.T.);
#7003=EDGE_CURVE('',#5571,#5572,#3219,.T.);
#7004=EDGE_CURVE('',#5571,#5573,#3220,.T.);
#7005=EDGE_CURVE('',#5573,#5574,#3221,.T.);
#7006=EDGE_CURVE('',#5574,#5572,#3222,.T.);
#7007=EDGE_CURVE('',#5572,#5575,#3223,.T.);
#7008=EDGE_CURVE('',#5574,#5576,#3224,.T.);
#7009=EDGE_CURVE('',#5576,#5575,#3225,.T.);
#7010=EDGE_CURVE('',#5577,#5576,#3226,.T.);
#7011=EDGE_CURVE('',#5573,#5577,#3227,.T.);
#7012=EDGE_CURVE('',#5575,#5578,#3228,.T.);
#7013=EDGE_CURVE('',#5578,#5577,#3229,.T.);
#7014=EDGE_CURVE('',#5578,#5571,#3230,.T.);
#7015=EDGE_CURVE('',#5579,#5580,#3231,.T.);
#7016=EDGE_CURVE('',#5579,#5581,#3232,.T.);
#7017=EDGE_CURVE('',#5581,#5582,#3233,.T.);
#7018=EDGE_CURVE('',#5582,#5580,#3234,.T.);
#7019=EDGE_CURVE('',#5583,#5584,#3235,.T.);
#7020=EDGE_CURVE('',#5582,#5584,#3236,.T.);
#7021=EDGE_CURVE('',#5581,#5583,#3237,.T.);
#7022=EDGE_CURVE('',#5580,#5585,#3238,.T.);
#7023=EDGE_CURVE('',#5584,#5585,#3239,.T.);
#7024=EDGE_CURVE('',#5585,#5586,#3240,.T.);
#7025=EDGE_CURVE('',#5586,#5583,#3241,.T.);
#7026=EDGE_CURVE('',#5586,#5579,#3242,.T.);
#7027=EDGE_CURVE('',#5587,#5588,#3243,.T.);
#7028=EDGE_CURVE('',#5587,#5589,#3244,.T.);
#7029=EDGE_CURVE('',#5589,#5590,#3245,.T.);
#7030=EDGE_CURVE('',#5590,#5588,#3246,.T.);
#7031=EDGE_CURVE('',#5588,#5591,#3247,.T.);
#7032=EDGE_CURVE('',#5590,#5592,#3248,.T.);
#7033=EDGE_CURVE('',#5592,#5591,#3249,.T.);
#7034=EDGE_CURVE('',#5593,#5592,#3250,.T.);
#7035=EDGE_CURVE('',#5589,#5593,#3251,.T.);
#7036=EDGE_CURVE('',#5591,#5594,#3252,.T.);
#7037=EDGE_CURVE('',#5594,#5593,#3253,.T.);
#7038=EDGE_CURVE('',#5594,#5587,#3254,.T.);
#7039=EDGE_CURVE('',#5595,#5596,#3255,.T.);
#7040=EDGE_CURVE('',#5597,#5596,#3256,.T.);
#7041=EDGE_CURVE('',#5598,#5597,#3257,.T.);
#7042=EDGE_CURVE('',#5598,#5595,#3258,.T.);
#7043=EDGE_CURVE('',#5599,#5600,#3259,.T.);
#7044=EDGE_CURVE('',#5599,#5598,#3260,.T.);
#7045=EDGE_CURVE('',#5600,#5597,#3261,.T.);
#7046=EDGE_CURVE('',#5600,#5601,#3262,.T.);
#7047=EDGE_CURVE('',#5596,#5601,#3263,.T.);
#7048=EDGE_CURVE('',#5601,#5602,#3264,.T.);
#7049=EDGE_CURVE('',#5602,#5595,#3265,.T.);
#7050=EDGE_CURVE('',#5602,#5599,#3266,.T.);
#7051=EDGE_CURVE('',#5603,#5604,#3267,.T.);
#7052=EDGE_CURVE('',#5603,#5605,#3268,.T.);
#7053=EDGE_CURVE('',#5605,#5606,#3269,.T.);
#7054=EDGE_CURVE('',#5606,#5604,#3270,.T.);
#7055=EDGE_CURVE('',#5605,#5607,#3271,.T.);
#7056=EDGE_CURVE('',#5607,#5608,#3272,.T.);
#7057=EDGE_CURVE('',#5606,#5608,#3273,.T.);
#7058=EDGE_CURVE('',#5609,#5603,#3274,.T.);
#7059=EDGE_CURVE('',#5609,#5607,#3275,.T.);
#7060=EDGE_CURVE('',#5604,#5610,#3276,.T.);
#7061=EDGE_CURVE('',#5608,#5610,#3277,.T.);
#7062=EDGE_CURVE('',#5610,#5609,#3278,.T.);
#7063=EDGE_CURVE('',#5611,#5612,#3279,.T.);
#7064=EDGE_CURVE('',#5611,#5613,#3280,.T.);
#7065=EDGE_CURVE('',#5613,#5614,#3281,.T.);
#7066=EDGE_CURVE('',#5614,#5612,#3282,.T.);
#7067=EDGE_CURVE('',#5615,#5611,#3283,.T.);
#7068=EDGE_CURVE('',#5615,#5616,#3284,.T.);
#7069=EDGE_CURVE('',#5613,#5616,#3285,.T.);
#7070=EDGE_CURVE('',#5616,#5617,#3286,.T.);
#7071=EDGE_CURVE('',#5614,#5617,#3287,.T.);
#7072=EDGE_CURVE('',#5612,#5618,#3288,.T.);
#7073=EDGE_CURVE('',#5617,#5618,#3289,.T.);
#7074=EDGE_CURVE('',#5618,#5615,#3290,.T.);
#7075=EDGE_CURVE('',#5619,#5620,#3291,.T.);
#7076=EDGE_CURVE('',#5621,#5619,#3292,.T.);
#7077=EDGE_CURVE('',#5621,#5622,#3293,.T.);
#7078=EDGE_CURVE('',#5622,#5620,#3294,.T.);
#7079=EDGE_CURVE('',#5623,#5621,#3295,.T.);
#7080=EDGE_CURVE('',#5623,#5624,#3296,.T.);
#7081=EDGE_CURVE('',#5624,#5622,#3297,.T.);
#7082=EDGE_CURVE('',#5620,#5625,#3298,.T.);
#7083=EDGE_CURVE('',#5625,#5624,#3299,.T.);
#7084=EDGE_CURVE('',#5625,#5626,#3300,.T.);
#7085=EDGE_CURVE('',#5626,#5623,#3301,.T.);
#7086=EDGE_CURVE('',#5626,#5619,#3302,.T.);
#7087=EDGE_CURVE('',#5627,#5628,#3303,.T.);
#7088=EDGE_CURVE('',#5627,#5629,#3304,.T.);
#7089=EDGE_CURVE('',#5629,#5630,#3305,.T.);
#7090=EDGE_CURVE('',#5630,#5628,#3306,.T.);
#7091=EDGE_CURVE('',#5631,#5632,#3307,.T.);
#7092=EDGE_CURVE('',#5630,#5632,#3308,.T.);
#7093=EDGE_CURVE('',#5629,#5631,#3309,.T.);
#7094=EDGE_CURVE('',#5628,#5633,#3310,.T.);
#7095=EDGE_CURVE('',#5632,#5633,#3311,.T.);
#7096=EDGE_CURVE('',#5633,#5634,#3312,.T.);
#7097=EDGE_CURVE('',#5634,#5631,#3313,.T.);
#7098=EDGE_CURVE('',#5634,#5627,#3314,.T.);
#7099=EDGE_CURVE('',#5635,#5636,#3315,.T.);
#7100=EDGE_CURVE('',#5635,#5637,#3316,.T.);
#7101=EDGE_CURVE('',#5637,#5638,#3317,.T.);
#7102=EDGE_CURVE('',#5638,#5636,#3318,.T.);
#7103=EDGE_CURVE('',#5636,#5639,#3319,.T.);
#7104=EDGE_CURVE('',#5638,#5640,#3320,.T.);
#7105=EDGE_CURVE('',#5640,#5639,#3321,.T.);
#7106=EDGE_CURVE('',#5641,#5640,#3322,.T.);
#7107=EDGE_CURVE('',#5637,#5641,#3323,.T.);
#7108=EDGE_CURVE('',#5639,#5642,#3324,.T.);
#7109=EDGE_CURVE('',#5642,#5641,#3325,.T.);
#7110=EDGE_CURVE('',#5642,#5635,#3326,.T.);
#7111=EDGE_CURVE('',#5643,#5644,#3327,.T.);
#7112=EDGE_CURVE('',#5643,#5645,#3328,.T.);
#7113=EDGE_CURVE('',#5645,#5646,#3329,.T.);
#7114=EDGE_CURVE('',#5646,#5644,#3330,.T.);
#7115=EDGE_CURVE('',#5644,#5647,#3331,.T.);
#7116=EDGE_CURVE('',#5646,#5648,#3332,.T.);
#7117=EDGE_CURVE('',#5648,#5647,#3333,.T.);
#7118=EDGE_CURVE('',#5649,#5648,#3334,.T.);
#7119=EDGE_CURVE('',#5645,#5649,#3335,.T.);
#7120=EDGE_CURVE('',#5647,#5650,#3336,.T.);
#7121=EDGE_CURVE('',#5650,#5649,#3337,.T.);
#7122=EDGE_CURVE('',#5650,#5643,#3338,.T.);
#7123=EDGE_CURVE('',#5651,#5652,#3339,.T.);
#7124=EDGE_CURVE('',#5651,#5653,#3340,.T.);
#7125=EDGE_CURVE('',#5653,#5654,#3341,.T.);
#7126=EDGE_CURVE('',#5652,#5654,#3342,.T.);
#7127=EDGE_CURVE('',#5655,#5656,#3343,.T.);
#7128=EDGE_CURVE('',#5654,#5656,#3344,.T.);
#7129=EDGE_CURVE('',#5653,#5655,#3345,.T.);
#7130=EDGE_CURVE('',#5652,#5657,#3346,.T.);
#7131=EDGE_CURVE('',#5656,#5657,#3347,.T.);
#7132=EDGE_CURVE('',#5657,#5658,#3348,.T.);
#7133=EDGE_CURVE('',#5658,#5655,#3349,.T.);
#7134=EDGE_CURVE('',#5658,#5651,#3350,.T.);
#7135=EDGE_CURVE('',#5659,#5660,#3351,.T.);
#7136=EDGE_CURVE('',#5659,#5661,#3352,.T.);
#7137=EDGE_CURVE('',#5661,#5662,#3353,.T.);
#7138=EDGE_CURVE('',#5662,#5660,#3354,.T.);
#7139=EDGE_CURVE('',#5661,#5663,#3355,.T.);
#7140=EDGE_CURVE('',#5663,#5664,#3356,.T.);
#7141=EDGE_CURVE('',#5662,#5664,#3357,.T.);
#7142=EDGE_CURVE('',#5665,#5659,#3358,.T.);
#7143=EDGE_CURVE('',#5665,#5663,#3359,.T.);
#7144=EDGE_CURVE('',#5660,#5666,#3360,.T.);
#7145=EDGE_CURVE('',#5664,#5666,#3361,.T.);
#7146=EDGE_CURVE('',#5666,#5665,#3362,.T.);
#7147=EDGE_CURVE('',#5667,#5668,#3363,.T.);
#7148=EDGE_CURVE('',#5667,#5669,#3364,.T.);
#7149=EDGE_CURVE('',#5669,#5670,#3365,.T.);
#7150=EDGE_CURVE('',#5670,#5668,#3366,.T.);
#7151=EDGE_CURVE('',#5671,#5667,#3367,.T.);
#7152=EDGE_CURVE('',#5671,#5672,#3368,.T.);
#7153=EDGE_CURVE('',#5669,#5672,#3369,.T.);
#7154=EDGE_CURVE('',#5672,#5673,#3370,.T.);
#7155=EDGE_CURVE('',#5670,#5673,#3371,.T.);
#7156=EDGE_CURVE('',#5668,#5674,#3372,.T.);
#7157=EDGE_CURVE('',#5673,#5674,#3373,.T.);
#7158=EDGE_CURVE('',#5674,#5671,#3374,.T.);
#7159=EDGE_CURVE('',#5675,#5676,#3375,.T.);
#7160=EDGE_CURVE('',#5677,#5675,#3376,.T.);
#7161=EDGE_CURVE('',#5677,#5678,#3377,.T.);
#7162=EDGE_CURVE('',#5678,#5676,#3378,.T.);
#7163=EDGE_CURVE('',#5679,#5677,#3379,.T.);
#7164=EDGE_CURVE('',#5679,#5680,#3380,.T.);
#7165=EDGE_CURVE('',#5680,#5678,#3381,.T.);
#7166=EDGE_CURVE('',#5676,#5681,#3382,.T.);
#7167=EDGE_CURVE('',#5681,#5680,#3383,.T.);
#7168=EDGE_CURVE('',#5681,#5682,#3384,.T.);
#7169=EDGE_CURVE('',#5682,#5679,#3385,.T.);
#7170=EDGE_CURVE('',#5682,#5675,#3386,.T.);
#7171=EDGE_CURVE('',#5683,#5684,#3387,.T.);
#7172=EDGE_CURVE('',#5683,#5685,#3388,.T.);
#7173=EDGE_CURVE('',#5685,#5686,#3389,.T.);
#7174=EDGE_CURVE('',#5686,#5684,#3390,.T.);
#7175=EDGE_CURVE('',#5687,#5688,#3391,.T.);
#7176=EDGE_CURVE('',#5686,#5688,#3392,.T.);
#7177=EDGE_CURVE('',#5685,#5687,#3393,.T.);
#7178=EDGE_CURVE('',#5684,#5689,#3394,.T.);
#7179=EDGE_CURVE('',#5688,#5689,#3395,.T.);
#7180=EDGE_CURVE('',#5689,#5690,#3396,.T.);
#7181=EDGE_CURVE('',#5690,#5687,#3397,.T.);
#7182=EDGE_CURVE('',#5690,#5683,#3398,.T.);
#7183=EDGE_CURVE('',#5691,#5692,#3399,.T.);
#7184=EDGE_CURVE('',#5691,#5693,#3400,.T.);
#7185=EDGE_CURVE('',#5693,#5694,#3401,.T.);
#7186=EDGE_CURVE('',#5694,#5692,#3402,.T.);
#7187=EDGE_CURVE('',#5692,#5695,#3403,.T.);
#7188=EDGE_CURVE('',#5694,#5696,#3404,.T.);
#7189=EDGE_CURVE('',#5696,#5695,#3405,.T.);
#7190=EDGE_CURVE('',#5697,#5696,#3406,.T.);
#7191=EDGE_CURVE('',#5693,#5697,#3407,.T.);
#7192=EDGE_CURVE('',#5695,#5698,#3408,.T.);
#7193=EDGE_CURVE('',#5698,#5697,#3409,.T.);
#7194=EDGE_CURVE('',#5698,#5691,#3410,.T.);
#7195=EDGE_CURVE('',#5699,#5700,#3411,.T.);
#7196=EDGE_CURVE('',#5699,#5701,#3412,.T.);
#7197=EDGE_CURVE('',#5701,#5702,#3413,.T.);
#7198=EDGE_CURVE('',#5702,#5700,#3414,.T.);
#7199=EDGE_CURVE('',#5700,#5703,#3415,.T.);
#7200=EDGE_CURVE('',#5702,#5704,#3416,.T.);
#7201=EDGE_CURVE('',#5704,#5703,#3417,.T.);
#7202=EDGE_CURVE('',#5705,#5704,#3418,.T.);
#7203=EDGE_CURVE('',#5701,#5705,#3419,.T.);
#7204=EDGE_CURVE('',#5703,#5706,#3420,.T.);
#7205=EDGE_CURVE('',#5706,#5705,#3421,.T.);
#7206=EDGE_CURVE('',#5706,#5699,#3422,.T.);
#7207=EDGE_CURVE('',#5707,#5708,#3423,.T.);
#7208=EDGE_CURVE('',#5708,#5709,#2171,.T.);
#7209=EDGE_CURVE('',#5709,#5710,#3424,.T.);
#7210=EDGE_CURVE('',#5710,#5711,#2172,.T.);
#7211=EDGE_CURVE('',#5711,#5712,#3425,.T.);
#7212=EDGE_CURVE('',#5712,#5713,#2173,.T.);
#7213=EDGE_CURVE('',#5713,#5714,#3426,.T.);
#7214=EDGE_CURVE('',#5714,#5707,#2174,.T.);
#7215=EDGE_CURVE('',#5715,#5716,#3427,.T.);
#7216=EDGE_CURVE('',#5717,#5715,#3428,.T.);
#7217=EDGE_CURVE('',#5718,#5717,#3429,.T.);
#7218=EDGE_CURVE('',#5716,#5718,#3430,.T.);
#7219=EDGE_CURVE('',#5719,#5720,#2175,.T.);
#7220=EDGE_CURVE('',#5720,#5721,#3431,.T.);
#7221=EDGE_CURVE('',#5721,#5722,#2176,.T.);
#7222=EDGE_CURVE('',#5722,#5723,#3432,.T.);
#7223=EDGE_CURVE('',#5723,#5724,#2177,.T.);
#7224=EDGE_CURVE('',#5724,#5725,#3433,.T.);
#7225=EDGE_CURVE('',#5725,#5726,#2178,.T.);
#7226=EDGE_CURVE('',#5726,#5719,#3434,.T.);
#7227=EDGE_CURVE('',#5727,#5728,#3435,.T.);
#7228=EDGE_CURVE('',#5728,#5729,#3436,.T.);
#7229=EDGE_CURVE('',#5729,#5730,#3437,.T.);
#7230=EDGE_CURVE('',#5730,#5727,#3438,.T.);
#7231=EDGE_CURVE('',#5714,#5720,#3439,.T.);
#7232=EDGE_CURVE('',#5707,#5719,#3440,.T.);
#7233=EDGE_CURVE('',#5713,#5721,#3441,.T.);
#7234=EDGE_CURVE('',#5712,#5722,#3442,.T.);
#7235=EDGE_CURVE('',#5711,#5723,#3443,.T.);
#7236=EDGE_CURVE('',#5715,#5727,#3444,.T.);
#7237=EDGE_CURVE('',#5730,#5717,#3445,.T.);
#7238=EDGE_CURVE('',#5728,#5716,#3446,.T.);
#7239=EDGE_CURVE('',#5729,#5718,#3447,.T.);
#7240=EDGE_CURVE('',#5708,#5726,#3448,.T.);
#7241=EDGE_CURVE('',#5709,#5725,#3449,.T.);
#7242=EDGE_CURVE('',#5710,#5724,#3450,.T.);
#7243=ORIENTED_EDGE('',*,*,#5731,.F.);
#7244=ORIENTED_EDGE('',*,*,#5732,.F.);
#7245=ORIENTED_EDGE('',*,*,#5733,.F.);
#7246=ORIENTED_EDGE('',*,*,#5734,.F.);
#7247=ORIENTED_EDGE('',*,*,#5735,.F.);
#7248=ORIENTED_EDGE('',*,*,#5736,.F.);
#7249=ORIENTED_EDGE('',*,*,#5737,.F.);
#7250=ORIENTED_EDGE('',*,*,#5738,.F.);
#7251=ORIENTED_EDGE('',*,*,#5739,.F.);
#7252=ORIENTED_EDGE('',*,*,#5740,.F.);
#7253=ORIENTED_EDGE('',*,*,#5741,.F.);
#7254=ORIENTED_EDGE('',*,*,#5742,.F.);
#7255=ORIENTED_EDGE('',*,*,#5743,.F.);
#7256=ORIENTED_EDGE('',*,*,#5744,.F.);
#7257=ORIENTED_EDGE('',*,*,#5745,.F.);
#7258=ORIENTED_EDGE('',*,*,#5746,.F.);
#7259=ORIENTED_EDGE('',*,*,#5735,.T.);
#7260=ORIENTED_EDGE('',*,*,#5747,.F.);
#7261=ORIENTED_EDGE('',*,*,#5748,.T.);
#7262=ORIENTED_EDGE('',*,*,#5749,.T.);
#7263=ORIENTED_EDGE('',*,*,#5734,.T.);
#7264=ORIENTED_EDGE('',*,*,#5750,.F.);
#7265=ORIENTED_EDGE('',*,*,#5751,.T.);
#7266=ORIENTED_EDGE('',*,*,#5747,.T.);
#7267=ORIENTED_EDGE('',*,*,#5733,.T.);
#7268=ORIENTED_EDGE('',*,*,#5752,.F.);
#7269=ORIENTED_EDGE('',*,*,#5753,.T.);
#7270=ORIENTED_EDGE('',*,*,#5750,.T.);
#7271=ORIENTED_EDGE('',*,*,#5732,.T.);
#7272=ORIENTED_EDGE('',*,*,#5754,.F.);
#7273=ORIENTED_EDGE('',*,*,#5755,.T.);
#7274=ORIENTED_EDGE('',*,*,#5752,.T.);
#7275=ORIENTED_EDGE('',*,*,#5731,.T.);
#7276=ORIENTED_EDGE('',*,*,#5756,.F.);
#7277=ORIENTED_EDGE('',*,*,#5757,.T.);
#7278=ORIENTED_EDGE('',*,*,#5754,.T.);
#7279=ORIENTED_EDGE('',*,*,#5738,.T.);
#7280=ORIENTED_EDGE('',*,*,#5758,.F.);
#7281=ORIENTED_EDGE('',*,*,#5759,.T.);
#7282=ORIENTED_EDGE('',*,*,#5756,.T.);
#7283=ORIENTED_EDGE('',*,*,#5737,.T.);
#7284=ORIENTED_EDGE('',*,*,#5760,.F.);
#7285=ORIENTED_EDGE('',*,*,#5761,.T.);
#7286=ORIENTED_EDGE('',*,*,#5758,.T.);
#7287=ORIENTED_EDGE('',*,*,#5736,.T.);
#7288=ORIENTED_EDGE('',*,*,#5749,.F.);
#7289=ORIENTED_EDGE('',*,*,#5762,.T.);
#7290=ORIENTED_EDGE('',*,*,#5760,.T.);
#7291=ORIENTED_EDGE('',*,*,#5755,.F.);
#7292=ORIENTED_EDGE('',*,*,#5757,.F.);
#7293=ORIENTED_EDGE('',*,*,#5759,.F.);
#7294=ORIENTED_EDGE('',*,*,#5761,.F.);
#7295=ORIENTED_EDGE('',*,*,#5762,.F.);
#7296=ORIENTED_EDGE('',*,*,#5748,.F.);
#7297=ORIENTED_EDGE('',*,*,#5751,.F.);
#7298=ORIENTED_EDGE('',*,*,#5753,.F.);
#7299=ORIENTED_EDGE('',*,*,#5763,.T.);
#7300=ORIENTED_EDGE('',*,*,#5764,.T.);
#7301=ORIENTED_EDGE('',*,*,#5765,.T.);
#7302=ORIENTED_EDGE('',*,*,#5766,.T.);
#7303=ORIENTED_EDGE('',*,*,#5767,.T.);
#7304=ORIENTED_EDGE('',*,*,#5768,.T.);
#7305=ORIENTED_EDGE('',*,*,#5769,.T.);
#7306=ORIENTED_EDGE('',*,*,#5770,.T.);
#7307=ORIENTED_EDGE('',*,*,#5763,.F.);
#7308=ORIENTED_EDGE('',*,*,#5771,.T.);
#7309=ORIENTED_EDGE('',*,*,#5739,.T.);
#7310=ORIENTED_EDGE('',*,*,#5772,.F.);
#7311=ORIENTED_EDGE('',*,*,#5764,.F.);
#7312=ORIENTED_EDGE('',*,*,#5772,.T.);
#7313=ORIENTED_EDGE('',*,*,#5746,.T.);
#7314=ORIENTED_EDGE('',*,*,#5773,.F.);
#7315=ORIENTED_EDGE('',*,*,#5765,.F.);
#7316=ORIENTED_EDGE('',*,*,#5773,.T.);
#7317=ORIENTED_EDGE('',*,*,#5745,.T.);
#7318=ORIENTED_EDGE('',*,*,#5774,.F.);
#7319=ORIENTED_EDGE('',*,*,#5766,.F.);
#7320=ORIENTED_EDGE('',*,*,#5774,.T.);
#7321=ORIENTED_EDGE('',*,*,#5744,.T.);
#7322=ORIENTED_EDGE('',*,*,#5775,.F.);
#7323=ORIENTED_EDGE('',*,*,#5767,.F.);
#7324=ORIENTED_EDGE('',*,*,#5775,.T.);
#7325=ORIENTED_EDGE('',*,*,#5743,.T.);
#7326=ORIENTED_EDGE('',*,*,#5776,.F.);
#7327=ORIENTED_EDGE('',*,*,#5768,.F.);
#7328=ORIENTED_EDGE('',*,*,#5776,.T.);
#7329=ORIENTED_EDGE('',*,*,#5742,.T.);
#7330=ORIENTED_EDGE('',*,*,#5777,.F.);
#7331=ORIENTED_EDGE('',*,*,#5769,.F.);
#7332=ORIENTED_EDGE('',*,*,#5777,.T.);
#7333=ORIENTED_EDGE('',*,*,#5741,.T.);
#7334=ORIENTED_EDGE('',*,*,#5778,.F.);
#7335=ORIENTED_EDGE('',*,*,#5770,.F.);
#7336=ORIENTED_EDGE('',*,*,#5778,.T.);
#7337=ORIENTED_EDGE('',*,*,#5740,.T.);
#7338=ORIENTED_EDGE('',*,*,#5771,.F.);
#7339=ORIENTED_EDGE('',*,*,#5779,.F.);
#7340=ORIENTED_EDGE('',*,*,#5780,.T.);
#7341=ORIENTED_EDGE('',*,*,#5781,.F.);
#7342=ORIENTED_EDGE('',*,*,#5782,.F.);
#7343=ORIENTED_EDGE('',*,*,#5783,.F.);
#7344=ORIENTED_EDGE('',*,*,#5782,.T.);
#7345=ORIENTED_EDGE('',*,*,#5784,.F.);
#7346=ORIENTED_EDGE('',*,*,#5785,.F.);
#7347=ORIENTED_EDGE('',*,*,#5786,.F.);
#7348=ORIENTED_EDGE('',*,*,#5785,.T.);
#7349=ORIENTED_EDGE('',*,*,#5787,.F.);
#7350=ORIENTED_EDGE('',*,*,#5788,.F.);
#7351=ORIENTED_EDGE('',*,*,#5789,.F.);
#7352=ORIENTED_EDGE('',*,*,#5788,.T.);
#7353=ORIENTED_EDGE('',*,*,#5790,.F.);
#7354=ORIENTED_EDGE('',*,*,#5780,.F.);
#7355=ORIENTED_EDGE('',*,*,#5790,.T.);
#7356=ORIENTED_EDGE('',*,*,#5787,.T.);
#7357=ORIENTED_EDGE('',*,*,#5784,.T.);
#7358=ORIENTED_EDGE('',*,*,#5781,.T.);
#7359=ORIENTED_EDGE('',*,*,#5789,.T.);
#7360=ORIENTED_EDGE('',*,*,#5779,.T.);
#7361=ORIENTED_EDGE('',*,*,#5783,.T.);
#7362=ORIENTED_EDGE('',*,*,#5786,.T.);
#7363=ORIENTED_EDGE('',*,*,#5791,.F.);
#7364=ORIENTED_EDGE('',*,*,#5792,.T.);
#7365=ORIENTED_EDGE('',*,*,#5793,.F.);
#7366=ORIENTED_EDGE('',*,*,#5794,.F.);
#7367=ORIENTED_EDGE('',*,*,#5795,.F.);
#7368=ORIENTED_EDGE('',*,*,#5794,.T.);
#7369=ORIENTED_EDGE('',*,*,#5796,.F.);
#7370=ORIENTED_EDGE('',*,*,#5797,.F.);
#7371=ORIENTED_EDGE('',*,*,#5798,.F.);
#7372=ORIENTED_EDGE('',*,*,#5797,.T.);
#7373=ORIENTED_EDGE('',*,*,#5799,.F.);
#7374=ORIENTED_EDGE('',*,*,#5800,.F.);
#7375=ORIENTED_EDGE('',*,*,#5801,.F.);
#7376=ORIENTED_EDGE('',*,*,#5800,.T.);
#7377=ORIENTED_EDGE('',*,*,#5802,.F.);
#7378=ORIENTED_EDGE('',*,*,#5792,.F.);
#7379=ORIENTED_EDGE('',*,*,#5802,.T.);
#7380=ORIENTED_EDGE('',*,*,#5799,.T.);
#7381=ORIENTED_EDGE('',*,*,#5796,.T.);
#7382=ORIENTED_EDGE('',*,*,#5793,.T.);
#7383=ORIENTED_EDGE('',*,*,#5801,.T.);
#7384=ORIENTED_EDGE('',*,*,#5791,.T.);
#7385=ORIENTED_EDGE('',*,*,#5795,.T.);
#7386=ORIENTED_EDGE('',*,*,#5798,.T.);
#7387=ORIENTED_EDGE('',*,*,#5803,.F.);
#7388=ORIENTED_EDGE('',*,*,#5804,.T.);
#7389=ORIENTED_EDGE('',*,*,#5805,.T.);
#7390=ORIENTED_EDGE('',*,*,#5806,.F.);
#7391=ORIENTED_EDGE('',*,*,#5807,.F.);
#7392=ORIENTED_EDGE('',*,*,#5808,.T.);
#7393=ORIENTED_EDGE('',*,*,#5809,.T.);
#7394=ORIENTED_EDGE('',*,*,#5808,.F.);
#7395=ORIENTED_EDGE('',*,*,#5810,.F.);
#7396=ORIENTED_EDGE('',*,*,#5811,.T.);
#7397=ORIENTED_EDGE('',*,*,#5812,.T.);
#7398=ORIENTED_EDGE('',*,*,#5811,.F.);
#7399=ORIENTED_EDGE('',*,*,#5813,.F.);
#7400=ORIENTED_EDGE('',*,*,#5814,.T.);
#7401=ORIENTED_EDGE('',*,*,#5815,.T.);
#7402=ORIENTED_EDGE('',*,*,#5814,.F.);
#7403=ORIENTED_EDGE('',*,*,#5816,.F.);
#7404=ORIENTED_EDGE('',*,*,#5817,.T.);
#7405=ORIENTED_EDGE('',*,*,#5818,.T.);
#7406=ORIENTED_EDGE('',*,*,#5817,.F.);
#7407=ORIENTED_EDGE('',*,*,#5819,.T.);
#7408=ORIENTED_EDGE('',*,*,#5820,.T.);
#7409=ORIENTED_EDGE('',*,*,#5821,.T.);
#7410=ORIENTED_EDGE('',*,*,#5822,.F.);
#7411=ORIENTED_EDGE('',*,*,#5823,.F.);
#7412=ORIENTED_EDGE('',*,*,#5824,.T.);
#7413=ORIENTED_EDGE('',*,*,#5825,.T.);
#7414=ORIENTED_EDGE('',*,*,#5824,.F.);
#7415=ORIENTED_EDGE('',*,*,#5826,.F.);
#7416=ORIENTED_EDGE('',*,*,#5827,.T.);
#7417=ORIENTED_EDGE('',*,*,#5828,.T.);
#7418=ORIENTED_EDGE('',*,*,#5827,.F.);
#7419=ORIENTED_EDGE('',*,*,#5829,.F.);
#7420=ORIENTED_EDGE('',*,*,#5830,.T.);
#7421=ORIENTED_EDGE('',*,*,#5831,.T.);
#7422=ORIENTED_EDGE('',*,*,#5830,.F.);
#7423=ORIENTED_EDGE('',*,*,#5832,.F.);
#7424=ORIENTED_EDGE('',*,*,#5833,.T.);
#7425=ORIENTED_EDGE('',*,*,#5834,.T.);
#7426=ORIENTED_EDGE('',*,*,#5833,.F.);
#7427=ORIENTED_EDGE('',*,*,#5835,.F.);
#7428=ORIENTED_EDGE('',*,*,#5836,.T.);
#7429=ORIENTED_EDGE('',*,*,#5837,.T.);
#7430=ORIENTED_EDGE('',*,*,#5836,.F.);
#7431=ORIENTED_EDGE('',*,*,#5838,.F.);
#7432=ORIENTED_EDGE('',*,*,#5839,.T.);
#7433=ORIENTED_EDGE('',*,*,#5840,.T.);
#7434=ORIENTED_EDGE('',*,*,#5839,.F.);
#7435=ORIENTED_EDGE('',*,*,#5841,.F.);
#7436=ORIENTED_EDGE('',*,*,#5842,.T.);
#7437=ORIENTED_EDGE('',*,*,#5843,.T.);
#7438=ORIENTED_EDGE('',*,*,#5842,.F.);
#7439=ORIENTED_EDGE('',*,*,#5844,.F.);
#7440=ORIENTED_EDGE('',*,*,#5845,.T.);
#7441=ORIENTED_EDGE('',*,*,#5846,.T.);
#7442=ORIENTED_EDGE('',*,*,#5845,.F.);
#7443=ORIENTED_EDGE('',*,*,#5847,.F.);
#7444=ORIENTED_EDGE('',*,*,#5848,.T.);
#7445=ORIENTED_EDGE('',*,*,#5849,.T.);
#7446=ORIENTED_EDGE('',*,*,#5848,.F.);
#7447=ORIENTED_EDGE('',*,*,#5850,.F.);
#7448=ORIENTED_EDGE('',*,*,#5851,.T.);
#7449=ORIENTED_EDGE('',*,*,#5852,.T.);
#7450=ORIENTED_EDGE('',*,*,#5851,.F.);
#7451=ORIENTED_EDGE('',*,*,#5853,.F.);
#7452=ORIENTED_EDGE('',*,*,#5854,.T.);
#7453=ORIENTED_EDGE('',*,*,#5855,.T.);
#7454=ORIENTED_EDGE('',*,*,#5854,.F.);
#7455=ORIENTED_EDGE('',*,*,#5856,.F.);
#7456=ORIENTED_EDGE('',*,*,#5857,.T.);
#7457=ORIENTED_EDGE('',*,*,#5858,.T.);
#7458=ORIENTED_EDGE('',*,*,#5857,.F.);
#7459=ORIENTED_EDGE('',*,*,#5859,.F.);
#7460=ORIENTED_EDGE('',*,*,#5860,.T.);
#7461=ORIENTED_EDGE('',*,*,#5861,.T.);
#7462=ORIENTED_EDGE('',*,*,#5860,.F.);
#7463=ORIENTED_EDGE('',*,*,#5862,.F.);
#7464=ORIENTED_EDGE('',*,*,#5863,.T.);
#7465=ORIENTED_EDGE('',*,*,#5864,.T.);
#7466=ORIENTED_EDGE('',*,*,#5863,.F.);
#7467=ORIENTED_EDGE('',*,*,#5865,.F.);
#7468=ORIENTED_EDGE('',*,*,#5866,.T.);
#7469=ORIENTED_EDGE('',*,*,#5867,.T.);
#7470=ORIENTED_EDGE('',*,*,#5866,.F.);
#7471=ORIENTED_EDGE('',*,*,#5868,.F.);
#7472=ORIENTED_EDGE('',*,*,#5869,.T.);
#7473=ORIENTED_EDGE('',*,*,#5870,.T.);
#7474=ORIENTED_EDGE('',*,*,#5869,.F.);
#7475=ORIENTED_EDGE('',*,*,#5871,.F.);
#7476=ORIENTED_EDGE('',*,*,#5872,.T.);
#7477=ORIENTED_EDGE('',*,*,#5873,.T.);
#7478=ORIENTED_EDGE('',*,*,#5872,.F.);
#7479=ORIENTED_EDGE('',*,*,#5874,.F.);
#7480=ORIENTED_EDGE('',*,*,#5875,.T.);
#7481=ORIENTED_EDGE('',*,*,#5876,.T.);
#7482=ORIENTED_EDGE('',*,*,#5875,.F.);
#7483=ORIENTED_EDGE('',*,*,#5877,.F.);
#7484=ORIENTED_EDGE('',*,*,#5878,.T.);
#7485=ORIENTED_EDGE('',*,*,#5879,.T.);
#7486=ORIENTED_EDGE('',*,*,#5878,.F.);
#7487=ORIENTED_EDGE('',*,*,#5880,.F.);
#7488=ORIENTED_EDGE('',*,*,#5881,.T.);
#7489=ORIENTED_EDGE('',*,*,#5882,.T.);
#7490=ORIENTED_EDGE('',*,*,#5881,.F.);
#7491=ORIENTED_EDGE('',*,*,#5883,.F.);
#7492=ORIENTED_EDGE('',*,*,#5884,.T.);
#7493=ORIENTED_EDGE('',*,*,#5885,.T.);
#7494=ORIENTED_EDGE('',*,*,#5884,.F.);
#7495=ORIENTED_EDGE('',*,*,#5886,.F.);
#7496=ORIENTED_EDGE('',*,*,#5887,.T.);
#7497=ORIENTED_EDGE('',*,*,#5888,.T.);
#7498=ORIENTED_EDGE('',*,*,#5887,.F.);
#7499=ORIENTED_EDGE('',*,*,#5889,.F.);
#7500=ORIENTED_EDGE('',*,*,#5890,.T.);
#7501=ORIENTED_EDGE('',*,*,#5891,.T.);
#7502=ORIENTED_EDGE('',*,*,#5890,.F.);
#7503=ORIENTED_EDGE('',*,*,#5892,.F.);
#7504=ORIENTED_EDGE('',*,*,#5893,.T.);
#7505=ORIENTED_EDGE('',*,*,#5894,.T.);
#7506=ORIENTED_EDGE('',*,*,#5893,.F.);
#7507=ORIENTED_EDGE('',*,*,#5895,.F.);
#7508=ORIENTED_EDGE('',*,*,#5896,.T.);
#7509=ORIENTED_EDGE('',*,*,#5897,.T.);
#7510=ORIENTED_EDGE('',*,*,#5896,.F.);
#7511=ORIENTED_EDGE('',*,*,#5898,.F.);
#7512=ORIENTED_EDGE('',*,*,#5899,.T.);
#7513=ORIENTED_EDGE('',*,*,#5900,.T.);
#7514=ORIENTED_EDGE('',*,*,#5899,.F.);
#7515=ORIENTED_EDGE('',*,*,#5901,.F.);
#7516=ORIENTED_EDGE('',*,*,#5902,.T.);
#7517=ORIENTED_EDGE('',*,*,#5903,.T.);
#7518=ORIENTED_EDGE('',*,*,#5902,.F.);
#7519=ORIENTED_EDGE('',*,*,#5904,.F.);
#7520=ORIENTED_EDGE('',*,*,#5905,.T.);
#7521=ORIENTED_EDGE('',*,*,#5906,.T.);
#7522=ORIENTED_EDGE('',*,*,#5905,.F.);
#7523=ORIENTED_EDGE('',*,*,#5907,.F.);
#7524=ORIENTED_EDGE('',*,*,#5908,.T.);
#7525=ORIENTED_EDGE('',*,*,#5909,.T.);
#7526=ORIENTED_EDGE('',*,*,#5908,.F.);
#7527=ORIENTED_EDGE('',*,*,#5910,.F.);
#7528=ORIENTED_EDGE('',*,*,#5911,.T.);
#7529=ORIENTED_EDGE('',*,*,#5912,.T.);
#7530=ORIENTED_EDGE('',*,*,#5911,.F.);
#7531=ORIENTED_EDGE('',*,*,#5913,.F.);
#7532=ORIENTED_EDGE('',*,*,#5914,.T.);
#7533=ORIENTED_EDGE('',*,*,#5915,.T.);
#7534=ORIENTED_EDGE('',*,*,#5914,.F.);
#7535=ORIENTED_EDGE('',*,*,#5916,.F.);
#7536=ORIENTED_EDGE('',*,*,#5917,.T.);
#7537=ORIENTED_EDGE('',*,*,#5918,.T.);
#7538=ORIENTED_EDGE('',*,*,#5917,.F.);
#7539=ORIENTED_EDGE('',*,*,#5919,.F.);
#7540=ORIENTED_EDGE('',*,*,#5920,.T.);
#7541=ORIENTED_EDGE('',*,*,#5921,.T.);
#7542=ORIENTED_EDGE('',*,*,#5920,.F.);
#7543=ORIENTED_EDGE('',*,*,#5922,.F.);
#7544=ORIENTED_EDGE('',*,*,#5923,.T.);
#7545=ORIENTED_EDGE('',*,*,#5924,.T.);
#7546=ORIENTED_EDGE('',*,*,#5923,.F.);
#7547=ORIENTED_EDGE('',*,*,#5925,.F.);
#7548=ORIENTED_EDGE('',*,*,#5926,.T.);
#7549=ORIENTED_EDGE('',*,*,#5927,.T.);
#7550=ORIENTED_EDGE('',*,*,#5926,.F.);
#7551=ORIENTED_EDGE('',*,*,#5928,.F.);
#7552=ORIENTED_EDGE('',*,*,#5929,.T.);
#7553=ORIENTED_EDGE('',*,*,#5930,.T.);
#7554=ORIENTED_EDGE('',*,*,#5929,.F.);
#7555=ORIENTED_EDGE('',*,*,#5931,.F.);
#7556=ORIENTED_EDGE('',*,*,#5932,.T.);
#7557=ORIENTED_EDGE('',*,*,#5933,.T.);
#7558=ORIENTED_EDGE('',*,*,#5932,.F.);
#7559=ORIENTED_EDGE('',*,*,#5934,.F.);
#7560=ORIENTED_EDGE('',*,*,#5935,.T.);
#7561=ORIENTED_EDGE('',*,*,#5936,.T.);
#7562=ORIENTED_EDGE('',*,*,#5935,.F.);
#7563=ORIENTED_EDGE('',*,*,#5937,.F.);
#7564=ORIENTED_EDGE('',*,*,#5938,.T.);
#7565=ORIENTED_EDGE('',*,*,#5939,.T.);
#7566=ORIENTED_EDGE('',*,*,#5938,.F.);
#7567=ORIENTED_EDGE('',*,*,#5940,.F.);
#7568=ORIENTED_EDGE('',*,*,#5941,.T.);
#7569=ORIENTED_EDGE('',*,*,#5942,.T.);
#7570=ORIENTED_EDGE('',*,*,#5941,.F.);
#7571=ORIENTED_EDGE('',*,*,#5943,.F.);
#7572=ORIENTED_EDGE('',*,*,#5944,.T.);
#7573=ORIENTED_EDGE('',*,*,#5945,.T.);
#7574=ORIENTED_EDGE('',*,*,#5944,.F.);
#7575=ORIENTED_EDGE('',*,*,#5946,.F.);
#7576=ORIENTED_EDGE('',*,*,#5947,.T.);
#7577=ORIENTED_EDGE('',*,*,#5948,.T.);
#7578=ORIENTED_EDGE('',*,*,#5947,.F.);
#7579=ORIENTED_EDGE('',*,*,#5949,.F.);
#7580=ORIENTED_EDGE('',*,*,#5950,.T.);
#7581=ORIENTED_EDGE('',*,*,#5951,.T.);
#7582=ORIENTED_EDGE('',*,*,#5950,.F.);
#7583=ORIENTED_EDGE('',*,*,#5952,.F.);
#7584=ORIENTED_EDGE('',*,*,#5953,.T.);
#7585=ORIENTED_EDGE('',*,*,#5954,.T.);
#7586=ORIENTED_EDGE('',*,*,#5953,.F.);
#7587=ORIENTED_EDGE('',*,*,#5955,.F.);
#7588=ORIENTED_EDGE('',*,*,#5956,.T.);
#7589=ORIENTED_EDGE('',*,*,#5957,.T.);
#7590=ORIENTED_EDGE('',*,*,#5956,.F.);
#7591=ORIENTED_EDGE('',*,*,#5958,.F.);
#7592=ORIENTED_EDGE('',*,*,#5959,.T.);
#7593=ORIENTED_EDGE('',*,*,#5960,.T.);
#7594=ORIENTED_EDGE('',*,*,#5959,.F.);
#7595=ORIENTED_EDGE('',*,*,#5961,.F.);
#7596=ORIENTED_EDGE('',*,*,#5962,.T.);
#7597=ORIENTED_EDGE('',*,*,#5963,.T.);
#7598=ORIENTED_EDGE('',*,*,#5962,.F.);
#7599=ORIENTED_EDGE('',*,*,#5964,.F.);
#7600=ORIENTED_EDGE('',*,*,#5965,.T.);
#7601=ORIENTED_EDGE('',*,*,#5966,.T.);
#7602=ORIENTED_EDGE('',*,*,#5965,.F.);
#7603=ORIENTED_EDGE('',*,*,#5967,.F.);
#7604=ORIENTED_EDGE('',*,*,#5968,.T.);
#7605=ORIENTED_EDGE('',*,*,#5969,.T.);
#7606=ORIENTED_EDGE('',*,*,#5968,.F.);
#7607=ORIENTED_EDGE('',*,*,#5970,.F.);
#7608=ORIENTED_EDGE('',*,*,#5971,.T.);
#7609=ORIENTED_EDGE('',*,*,#5972,.T.);
#7610=ORIENTED_EDGE('',*,*,#5971,.F.);
#7611=ORIENTED_EDGE('',*,*,#5973,.F.);
#7612=ORIENTED_EDGE('',*,*,#5974,.T.);
#7613=ORIENTED_EDGE('',*,*,#5975,.T.);
#7614=ORIENTED_EDGE('',*,*,#5974,.F.);
#7615=ORIENTED_EDGE('',*,*,#5976,.F.);
#7616=ORIENTED_EDGE('',*,*,#5977,.T.);
#7617=ORIENTED_EDGE('',*,*,#5978,.T.);
#7618=ORIENTED_EDGE('',*,*,#5977,.F.);
#7619=ORIENTED_EDGE('',*,*,#5979,.F.);
#7620=ORIENTED_EDGE('',*,*,#5980,.T.);
#7621=ORIENTED_EDGE('',*,*,#5981,.T.);
#7622=ORIENTED_EDGE('',*,*,#5980,.F.);
#7623=ORIENTED_EDGE('',*,*,#5982,.F.);
#7624=ORIENTED_EDGE('',*,*,#5983,.T.);
#7625=ORIENTED_EDGE('',*,*,#5984,.T.);
#7626=ORIENTED_EDGE('',*,*,#5983,.F.);
#7627=ORIENTED_EDGE('',*,*,#5985,.F.);
#7628=ORIENTED_EDGE('',*,*,#5986,.T.);
#7629=ORIENTED_EDGE('',*,*,#5987,.T.);
#7630=ORIENTED_EDGE('',*,*,#5986,.F.);
#7631=ORIENTED_EDGE('',*,*,#5988,.F.);
#7632=ORIENTED_EDGE('',*,*,#5989,.T.);
#7633=ORIENTED_EDGE('',*,*,#5990,.T.);
#7634=ORIENTED_EDGE('',*,*,#5989,.F.);
#7635=ORIENTED_EDGE('',*,*,#5991,.F.);
#7636=ORIENTED_EDGE('',*,*,#5992,.T.);
#7637=ORIENTED_EDGE('',*,*,#5993,.T.);
#7638=ORIENTED_EDGE('',*,*,#5992,.F.);
#7639=ORIENTED_EDGE('',*,*,#5994,.F.);
#7640=ORIENTED_EDGE('',*,*,#5995,.T.);
#7641=ORIENTED_EDGE('',*,*,#5996,.T.);
#7642=ORIENTED_EDGE('',*,*,#5995,.F.);
#7643=ORIENTED_EDGE('',*,*,#5997,.F.);
#7644=ORIENTED_EDGE('',*,*,#5998,.T.);
#7645=ORIENTED_EDGE('',*,*,#5999,.T.);
#7646=ORIENTED_EDGE('',*,*,#5998,.F.);
#7647=ORIENTED_EDGE('',*,*,#6000,.F.);
#7648=ORIENTED_EDGE('',*,*,#6001,.T.);
#7649=ORIENTED_EDGE('',*,*,#6002,.T.);
#7650=ORIENTED_EDGE('',*,*,#6001,.F.);
#7651=ORIENTED_EDGE('',*,*,#6003,.F.);
#7652=ORIENTED_EDGE('',*,*,#6004,.T.);
#7653=ORIENTED_EDGE('',*,*,#6005,.T.);
#7654=ORIENTED_EDGE('',*,*,#6004,.F.);
#7655=ORIENTED_EDGE('',*,*,#6006,.F.);
#7656=ORIENTED_EDGE('',*,*,#6007,.T.);
#7657=ORIENTED_EDGE('',*,*,#6008,.T.);
#7658=ORIENTED_EDGE('',*,*,#6007,.F.);
#7659=ORIENTED_EDGE('',*,*,#6009,.F.);
#7660=ORIENTED_EDGE('',*,*,#6010,.T.);
#7661=ORIENTED_EDGE('',*,*,#6011,.F.);
#7662=ORIENTED_EDGE('',*,*,#6012,.F.);
#7663=ORIENTED_EDGE('',*,*,#5828,.F.);
#7664=ORIENTED_EDGE('',*,*,#5834,.F.);
#7665=ORIENTED_EDGE('',*,*,#5840,.F.);
#7666=ORIENTED_EDGE('',*,*,#5846,.F.);
#7667=ORIENTED_EDGE('',*,*,#5852,.F.);
#7668=ORIENTED_EDGE('',*,*,#5858,.F.);
#7669=ORIENTED_EDGE('',*,*,#5864,.F.);
#7670=ORIENTED_EDGE('',*,*,#5870,.F.);
#7671=ORIENTED_EDGE('',*,*,#5876,.F.);
#7672=ORIENTED_EDGE('',*,*,#5882,.F.);
#7673=ORIENTED_EDGE('',*,*,#5888,.F.);
#7674=ORIENTED_EDGE('',*,*,#5894,.F.);
#7675=ORIENTED_EDGE('',*,*,#5900,.F.);
#7676=ORIENTED_EDGE('',*,*,#5906,.F.);
#7677=ORIENTED_EDGE('',*,*,#5912,.F.);
#7678=ORIENTED_EDGE('',*,*,#5918,.F.);
#7679=ORIENTED_EDGE('',*,*,#5924,.F.);
#7680=ORIENTED_EDGE('',*,*,#5930,.F.);
#7681=ORIENTED_EDGE('',*,*,#5936,.F.);
#7682=ORIENTED_EDGE('',*,*,#5942,.F.);
#7683=ORIENTED_EDGE('',*,*,#5948,.F.);
#7684=ORIENTED_EDGE('',*,*,#5954,.F.);
#7685=ORIENTED_EDGE('',*,*,#5960,.F.);
#7686=ORIENTED_EDGE('',*,*,#5966,.F.);
#7687=ORIENTED_EDGE('',*,*,#5972,.F.);
#7688=ORIENTED_EDGE('',*,*,#5978,.F.);
#7689=ORIENTED_EDGE('',*,*,#5984,.F.);
#7690=ORIENTED_EDGE('',*,*,#5990,.F.);
#7691=ORIENTED_EDGE('',*,*,#5996,.F.);
#7692=ORIENTED_EDGE('',*,*,#6002,.F.);
#7693=ORIENTED_EDGE('',*,*,#6008,.F.);
#7694=ORIENTED_EDGE('',*,*,#6013,.T.);
#7695=ORIENTED_EDGE('',*,*,#6014,.T.);
#7696=ORIENTED_EDGE('',*,*,#6015,.T.);
#7697=ORIENTED_EDGE('',*,*,#6016,.T.);
#7698=ORIENTED_EDGE('',*,*,#6017,.T.);
#7699=ORIENTED_EDGE('',*,*,#6018,.F.);
#7700=ORIENTED_EDGE('',*,*,#6019,.T.);
#7701=ORIENTED_EDGE('',*,*,#6020,.T.);
#7702=ORIENTED_EDGE('',*,*,#6021,.F.);
#7703=ORIENTED_EDGE('',*,*,#6022,.T.);
#7704=ORIENTED_EDGE('',*,*,#6023,.T.);
#7705=ORIENTED_EDGE('',*,*,#6024,.T.);
#7706=ORIENTED_EDGE('',*,*,#6025,.T.);
#7707=ORIENTED_EDGE('',*,*,#6026,.T.);
#7708=ORIENTED_EDGE('',*,*,#6027,.F.);
#7709=ORIENTED_EDGE('',*,*,#6028,.T.);
#7710=ORIENTED_EDGE('',*,*,#6029,.T.);
#7711=ORIENTED_EDGE('',*,*,#6030,.T.);
#7712=ORIENTED_EDGE('',*,*,#6031,.T.);
#7713=ORIENTED_EDGE('',*,*,#6032,.T.);
#7714=ORIENTED_EDGE('',*,*,#6033,.T.);
#7715=ORIENTED_EDGE('',*,*,#6034,.T.);
#7716=ORIENTED_EDGE('',*,*,#6035,.F.);
#7717=ORIENTED_EDGE('',*,*,#6036,.T.);
#7718=ORIENTED_EDGE('',*,*,#6037,.F.);
#7719=ORIENTED_EDGE('',*,*,#6038,.F.);
#7720=ORIENTED_EDGE('',*,*,#6039,.T.);
#7721=ORIENTED_EDGE('',*,*,#6040,.T.);
#7722=ORIENTED_EDGE('',*,*,#6041,.T.);
#7723=ORIENTED_EDGE('',*,*,#6042,.T.);
#7724=ORIENTED_EDGE('',*,*,#6043,.T.);
#7725=ORIENTED_EDGE('',*,*,#6044,.T.);
#7726=ORIENTED_EDGE('',*,*,#6045,.T.);
#7727=ORIENTED_EDGE('',*,*,#6046,.T.);
#7728=ORIENTED_EDGE('',*,*,#6047,.T.);
#7729=ORIENTED_EDGE('',*,*,#6048,.T.);
#7730=ORIENTED_EDGE('',*,*,#6049,.F.);
#7731=ORIENTED_EDGE('',*,*,#6050,.T.);
#7732=ORIENTED_EDGE('',*,*,#6051,.T.);
#7733=ORIENTED_EDGE('',*,*,#6052,.T.);
#7734=ORIENTED_EDGE('',*,*,#6053,.T.);
#7735=ORIENTED_EDGE('',*,*,#6054,.T.);
#7736=ORIENTED_EDGE('',*,*,#6055,.T.);
#7737=ORIENTED_EDGE('',*,*,#6056,.T.);
#7738=ORIENTED_EDGE('',*,*,#6057,.T.);
#7739=ORIENTED_EDGE('',*,*,#6058,.T.);
#7740=ORIENTED_EDGE('',*,*,#6059,.T.);
#7741=ORIENTED_EDGE('',*,*,#6060,.T.);
#7742=ORIENTED_EDGE('',*,*,#6061,.T.);
#7743=ORIENTED_EDGE('',*,*,#6062,.T.);
#7744=ORIENTED_EDGE('',*,*,#6063,.T.);
#7745=ORIENTED_EDGE('',*,*,#6064,.T.);
#7746=ORIENTED_EDGE('',*,*,#6065,.T.);
#7747=ORIENTED_EDGE('',*,*,#6066,.T.);
#7748=ORIENTED_EDGE('',*,*,#6067,.T.);
#7749=ORIENTED_EDGE('',*,*,#6068,.F.);
#7750=ORIENTED_EDGE('',*,*,#6069,.T.);
#7751=ORIENTED_EDGE('',*,*,#6070,.F.);
#7752=ORIENTED_EDGE('',*,*,#6071,.T.);
#7753=ORIENTED_EDGE('',*,*,#6072,.T.);
#7754=ORIENTED_EDGE('',*,*,#6073,.T.);
#7755=ORIENTED_EDGE('',*,*,#6074,.T.);
#7756=ORIENTED_EDGE('',*,*,#6075,.F.);
#7757=ORIENTED_EDGE('',*,*,#6076,.T.);
#7758=ORIENTED_EDGE('',*,*,#6077,.T.);
#7759=ORIENTED_EDGE('',*,*,#6078,.T.);
#7760=ORIENTED_EDGE('',*,*,#6079,.T.);
#7761=ORIENTED_EDGE('',*,*,#6080,.T.);
#7762=ORIENTED_EDGE('',*,*,#6081,.T.);
#7763=ORIENTED_EDGE('',*,*,#6082,.T.);
#7764=ORIENTED_EDGE('',*,*,#6083,.T.);
#7765=ORIENTED_EDGE('',*,*,#6084,.T.);
#7766=ORIENTED_EDGE('',*,*,#6085,.T.);
#7767=ORIENTED_EDGE('',*,*,#6086,.T.);
#7768=ORIENTED_EDGE('',*,*,#6087,.T.);
#7769=ORIENTED_EDGE('',*,*,#6088,.T.);
#7770=ORIENTED_EDGE('',*,*,#6089,.T.);
#7771=ORIENTED_EDGE('',*,*,#6090,.T.);
#7772=ORIENTED_EDGE('',*,*,#6091,.T.);
#7773=ORIENTED_EDGE('',*,*,#6092,.T.);
#7774=ORIENTED_EDGE('',*,*,#6093,.T.);
#7775=ORIENTED_EDGE('',*,*,#6094,.T.);
#7776=ORIENTED_EDGE('',*,*,#6095,.T.);
#7777=ORIENTED_EDGE('',*,*,#6096,.T.);
#7778=ORIENTED_EDGE('',*,*,#6097,.T.);
#7779=ORIENTED_EDGE('',*,*,#6098,.T.);
#7780=ORIENTED_EDGE('',*,*,#6099,.T.);
#7781=ORIENTED_EDGE('',*,*,#6100,.T.);
#7782=ORIENTED_EDGE('',*,*,#6101,.T.);
#7783=ORIENTED_EDGE('',*,*,#6102,.T.);
#7784=ORIENTED_EDGE('',*,*,#6103,.T.);
#7785=ORIENTED_EDGE('',*,*,#6104,.T.);
#7786=ORIENTED_EDGE('',*,*,#6105,.T.);
#7787=ORIENTED_EDGE('',*,*,#6106,.T.);
#7788=ORIENTED_EDGE('',*,*,#6107,.T.);
#7789=ORIENTED_EDGE('',*,*,#6108,.T.);
#7790=ORIENTED_EDGE('',*,*,#6109,.T.);
#7791=ORIENTED_EDGE('',*,*,#6110,.T.);
#7792=ORIENTED_EDGE('',*,*,#6111,.T.);
#7793=ORIENTED_EDGE('',*,*,#6112,.T.);
#7794=ORIENTED_EDGE('',*,*,#6113,.T.);
#7795=ORIENTED_EDGE('',*,*,#6114,.T.);
#7796=ORIENTED_EDGE('',*,*,#6115,.T.);
#7797=ORIENTED_EDGE('',*,*,#6116,.F.);
#7798=ORIENTED_EDGE('',*,*,#5805,.F.);
#7799=ORIENTED_EDGE('',*,*,#5809,.F.);
#7800=ORIENTED_EDGE('',*,*,#5815,.F.);
#7801=ORIENTED_EDGE('',*,*,#6006,.T.);
#7802=ORIENTED_EDGE('',*,*,#6005,.F.);
#7803=ORIENTED_EDGE('',*,*,#6000,.T.);
#7804=ORIENTED_EDGE('',*,*,#5999,.F.);
#7805=ORIENTED_EDGE('',*,*,#5994,.T.);
#7806=ORIENTED_EDGE('',*,*,#5993,.F.);
#7807=ORIENTED_EDGE('',*,*,#5988,.T.);
#7808=ORIENTED_EDGE('',*,*,#5987,.F.);
#7809=ORIENTED_EDGE('',*,*,#5982,.T.);
#7810=ORIENTED_EDGE('',*,*,#5981,.F.);
#7811=ORIENTED_EDGE('',*,*,#5976,.T.);
#7812=ORIENTED_EDGE('',*,*,#5975,.F.);
#7813=ORIENTED_EDGE('',*,*,#5970,.T.);
#7814=ORIENTED_EDGE('',*,*,#5969,.F.);
#7815=ORIENTED_EDGE('',*,*,#5964,.T.);
#7816=ORIENTED_EDGE('',*,*,#5963,.F.);
#7817=ORIENTED_EDGE('',*,*,#5958,.T.);
#7818=ORIENTED_EDGE('',*,*,#5957,.F.);
#7819=ORIENTED_EDGE('',*,*,#5952,.T.);
#7820=ORIENTED_EDGE('',*,*,#5951,.F.);
#7821=ORIENTED_EDGE('',*,*,#5946,.T.);
#7822=ORIENTED_EDGE('',*,*,#5945,.F.);
#7823=ORIENTED_EDGE('',*,*,#5940,.T.);
#7824=ORIENTED_EDGE('',*,*,#5939,.F.);
#7825=ORIENTED_EDGE('',*,*,#5934,.T.);
#7826=ORIENTED_EDGE('',*,*,#5933,.F.);
#7827=ORIENTED_EDGE('',*,*,#5928,.T.);
#7828=ORIENTED_EDGE('',*,*,#5927,.F.);
#7829=ORIENTED_EDGE('',*,*,#5922,.T.);
#7830=ORIENTED_EDGE('',*,*,#5921,.F.);
#7831=ORIENTED_EDGE('',*,*,#5916,.T.);
#7832=ORIENTED_EDGE('',*,*,#5915,.F.);
#7833=ORIENTED_EDGE('',*,*,#5910,.T.);
#7834=ORIENTED_EDGE('',*,*,#5909,.F.);
#7835=ORIENTED_EDGE('',*,*,#5904,.T.);
#7836=ORIENTED_EDGE('',*,*,#5903,.F.);
#7837=ORIENTED_EDGE('',*,*,#5898,.T.);
#7838=ORIENTED_EDGE('',*,*,#5897,.F.);
#7839=ORIENTED_EDGE('',*,*,#5892,.T.);
#7840=ORIENTED_EDGE('',*,*,#5891,.F.);
#7841=ORIENTED_EDGE('',*,*,#5886,.T.);
#7842=ORIENTED_EDGE('',*,*,#5885,.F.);
#7843=ORIENTED_EDGE('',*,*,#5880,.T.);
#7844=ORIENTED_EDGE('',*,*,#5879,.F.);
#7845=ORIENTED_EDGE('',*,*,#5874,.T.);
#7846=ORIENTED_EDGE('',*,*,#5873,.F.);
#7847=ORIENTED_EDGE('',*,*,#5868,.T.);
#7848=ORIENTED_EDGE('',*,*,#5867,.F.);
#7849=ORIENTED_EDGE('',*,*,#5862,.T.);
#7850=ORIENTED_EDGE('',*,*,#5861,.F.);
#7851=ORIENTED_EDGE('',*,*,#5856,.T.);
#7852=ORIENTED_EDGE('',*,*,#5855,.F.);
#7853=ORIENTED_EDGE('',*,*,#5850,.T.);
#7854=ORIENTED_EDGE('',*,*,#5849,.F.);
#7855=ORIENTED_EDGE('',*,*,#5844,.T.);
#7856=ORIENTED_EDGE('',*,*,#5843,.F.);
#7857=ORIENTED_EDGE('',*,*,#5838,.T.);
#7858=ORIENTED_EDGE('',*,*,#5837,.F.);
#7859=ORIENTED_EDGE('',*,*,#5832,.T.);
#7860=ORIENTED_EDGE('',*,*,#5831,.F.);
#7861=ORIENTED_EDGE('',*,*,#5826,.T.);
#7862=ORIENTED_EDGE('',*,*,#5825,.F.);
#7863=ORIENTED_EDGE('',*,*,#6117,.F.);
#7864=ORIENTED_EDGE('',*,*,#6118,.T.);
#7865=ORIENTED_EDGE('',*,*,#6119,.T.);
#7866=ORIENTED_EDGE('',*,*,#6120,.T.);
#7867=ORIENTED_EDGE('',*,*,#6121,.F.);
#7868=ORIENTED_EDGE('',*,*,#6117,.T.);
#7869=ORIENTED_EDGE('',*,*,#6122,.F.);
#7870=ORIENTED_EDGE('',*,*,#6123,.F.);
#7871=ORIENTED_EDGE('',*,*,#6124,.F.);
#7872=ORIENTED_EDGE('',*,*,#6123,.T.);
#7873=ORIENTED_EDGE('',*,*,#6125,.F.);
#7874=ORIENTED_EDGE('',*,*,#5820,.F.);
#7875=ORIENTED_EDGE('',*,*,#6126,.F.);
#7876=ORIENTED_EDGE('',*,*,#5822,.T.);
#7877=ORIENTED_EDGE('',*,*,#6127,.F.);
#7878=ORIENTED_EDGE('',*,*,#6128,.F.);
#7879=ORIENTED_EDGE('',*,*,#6129,.F.);
#7880=ORIENTED_EDGE('',*,*,#6128,.T.);
#7881=ORIENTED_EDGE('',*,*,#6130,.F.);
#7882=ORIENTED_EDGE('',*,*,#6131,.F.);
#7883=ORIENTED_EDGE('',*,*,#6132,.F.);
#7884=ORIENTED_EDGE('',*,*,#6133,.T.);
#7885=ORIENTED_EDGE('',*,*,#6131,.T.);
#7886=ORIENTED_EDGE('',*,*,#6134,.T.);
#7887=ORIENTED_EDGE('',*,*,#6135,.F.);
#7888=ORIENTED_EDGE('',*,*,#6132,.T.);
#7889=ORIENTED_EDGE('',*,*,#6136,.F.);
#7890=ORIENTED_EDGE('',*,*,#6137,.F.);
#7891=ORIENTED_EDGE('',*,*,#6138,.F.);
#7892=ORIENTED_EDGE('',*,*,#6137,.T.);
#7893=ORIENTED_EDGE('',*,*,#6139,.F.);
#7894=ORIENTED_EDGE('',*,*,#6140,.F.);
#7895=ORIENTED_EDGE('',*,*,#6141,.F.);
#7896=ORIENTED_EDGE('',*,*,#6140,.T.);
#7897=ORIENTED_EDGE('',*,*,#6142,.F.);
#7898=ORIENTED_EDGE('',*,*,#6010,.F.);
#7899=ORIENTED_EDGE('',*,*,#6143,.F.);
#7900=ORIENTED_EDGE('',*,*,#6012,.T.);
#7901=ORIENTED_EDGE('',*,*,#6144,.F.);
#7902=ORIENTED_EDGE('',*,*,#6145,.F.);
#7903=ORIENTED_EDGE('',*,*,#6146,.F.);
#7904=ORIENTED_EDGE('',*,*,#6145,.T.);
#7905=ORIENTED_EDGE('',*,*,#6147,.F.);
#7906=ORIENTED_EDGE('',*,*,#6148,.F.);
#7907=ORIENTED_EDGE('',*,*,#6149,.F.);
#7908=ORIENTED_EDGE('',*,*,#6148,.T.);
#7909=ORIENTED_EDGE('',*,*,#6150,.F.);
#7910=ORIENTED_EDGE('',*,*,#6151,.F.);
#7911=ORIENTED_EDGE('',*,*,#6152,.F.);
#7912=ORIENTED_EDGE('',*,*,#6153,.T.);
#7913=ORIENTED_EDGE('',*,*,#6151,.T.);
#7914=ORIENTED_EDGE('',*,*,#6154,.T.);
#7915=ORIENTED_EDGE('',*,*,#6155,.F.);
#7916=ORIENTED_EDGE('',*,*,#6152,.T.);
#7917=ORIENTED_EDGE('',*,*,#6156,.F.);
#7918=ORIENTED_EDGE('',*,*,#6157,.F.);
#7919=ORIENTED_EDGE('',*,*,#6158,.F.);
#7920=ORIENTED_EDGE('',*,*,#6157,.T.);
#7921=ORIENTED_EDGE('',*,*,#6159,.F.);
#7922=ORIENTED_EDGE('',*,*,#6160,.F.);
#7923=ORIENTED_EDGE('',*,*,#6161,.F.);
#7924=ORIENTED_EDGE('',*,*,#6162,.T.);
#7925=ORIENTED_EDGE('',*,*,#6160,.T.);
#7926=ORIENTED_EDGE('',*,*,#6163,.T.);
#7927=ORIENTED_EDGE('',*,*,#6164,.F.);
#7928=ORIENTED_EDGE('',*,*,#6161,.T.);
#7929=ORIENTED_EDGE('',*,*,#6165,.F.);
#7930=ORIENTED_EDGE('',*,*,#6166,.F.);
#7931=ORIENTED_EDGE('',*,*,#6167,.F.);
#7932=ORIENTED_EDGE('',*,*,#6166,.T.);
#7933=ORIENTED_EDGE('',*,*,#6168,.F.);
#7934=ORIENTED_EDGE('',*,*,#6169,.F.);
#7935=ORIENTED_EDGE('',*,*,#6170,.F.);
#7936=ORIENTED_EDGE('',*,*,#6171,.T.);
#7937=ORIENTED_EDGE('',*,*,#6169,.T.);
#7938=ORIENTED_EDGE('',*,*,#6172,.T.);
#7939=ORIENTED_EDGE('',*,*,#6173,.F.);
#7940=ORIENTED_EDGE('',*,*,#6170,.T.);
#7941=ORIENTED_EDGE('',*,*,#6174,.F.);
#7942=ORIENTED_EDGE('',*,*,#6175,.F.);
#7943=ORIENTED_EDGE('',*,*,#6176,.F.);
#7944=ORIENTED_EDGE('',*,*,#6175,.T.);
#7945=ORIENTED_EDGE('',*,*,#6177,.F.);
#7946=ORIENTED_EDGE('',*,*,#6178,.F.);
#7947=ORIENTED_EDGE('',*,*,#6179,.F.);
#7948=ORIENTED_EDGE('',*,*,#6178,.T.);
#7949=ORIENTED_EDGE('',*,*,#6180,.F.);
#7950=ORIENTED_EDGE('',*,*,#6181,.F.);
#7951=ORIENTED_EDGE('',*,*,#6182,.F.);
#7952=ORIENTED_EDGE('',*,*,#6181,.T.);
#7953=ORIENTED_EDGE('',*,*,#6183,.F.);
#7954=ORIENTED_EDGE('',*,*,#6184,.F.);
#7955=ORIENTED_EDGE('',*,*,#5823,.T.);
#7956=ORIENTED_EDGE('',*,*,#5829,.T.);
#7957=ORIENTED_EDGE('',*,*,#5835,.T.);
#7958=ORIENTED_EDGE('',*,*,#5841,.T.);
#7959=ORIENTED_EDGE('',*,*,#5847,.T.);
#7960=ORIENTED_EDGE('',*,*,#5853,.T.);
#7961=ORIENTED_EDGE('',*,*,#5859,.T.);
#7962=ORIENTED_EDGE('',*,*,#5865,.T.);
#7963=ORIENTED_EDGE('',*,*,#5871,.T.);
#7964=ORIENTED_EDGE('',*,*,#5877,.T.);
#7965=ORIENTED_EDGE('',*,*,#5883,.T.);
#7966=ORIENTED_EDGE('',*,*,#5889,.T.);
#7967=ORIENTED_EDGE('',*,*,#5895,.T.);
#7968=ORIENTED_EDGE('',*,*,#5901,.T.);
#7969=ORIENTED_EDGE('',*,*,#5907,.T.);
#7970=ORIENTED_EDGE('',*,*,#5913,.T.);
#7971=ORIENTED_EDGE('',*,*,#5919,.T.);
#7972=ORIENTED_EDGE('',*,*,#5925,.T.);
#7973=ORIENTED_EDGE('',*,*,#5931,.T.);
#7974=ORIENTED_EDGE('',*,*,#5937,.T.);
#7975=ORIENTED_EDGE('',*,*,#5943,.T.);
#7976=ORIENTED_EDGE('',*,*,#5949,.T.);
#7977=ORIENTED_EDGE('',*,*,#5955,.T.);
#7978=ORIENTED_EDGE('',*,*,#5961,.T.);
#7979=ORIENTED_EDGE('',*,*,#5967,.T.);
#7980=ORIENTED_EDGE('',*,*,#5973,.T.);
#7981=ORIENTED_EDGE('',*,*,#5979,.T.);
#7982=ORIENTED_EDGE('',*,*,#5985,.T.);
#7983=ORIENTED_EDGE('',*,*,#5991,.T.);
#7984=ORIENTED_EDGE('',*,*,#5997,.T.);
#7985=ORIENTED_EDGE('',*,*,#6003,.T.);
#7986=ORIENTED_EDGE('',*,*,#5810,.T.);
#7987=ORIENTED_EDGE('',*,*,#5816,.T.);
#7988=ORIENTED_EDGE('',*,*,#6185,.F.);
#7989=ORIENTED_EDGE('',*,*,#6184,.T.);
#7990=ORIENTED_EDGE('',*,*,#6186,.F.);
#7991=ORIENTED_EDGE('',*,*,#6187,.F.);
#7992=ORIENTED_EDGE('',*,*,#6188,.F.);
#7993=ORIENTED_EDGE('',*,*,#6187,.T.);
#7994=ORIENTED_EDGE('',*,*,#6189,.F.);
#7995=ORIENTED_EDGE('',*,*,#6190,.F.);
#7996=ORIENTED_EDGE('',*,*,#6191,.F.);
#7997=ORIENTED_EDGE('',*,*,#6190,.T.);
#7998=ORIENTED_EDGE('',*,*,#6192,.F.);
#7999=ORIENTED_EDGE('',*,*,#6119,.F.);
#8000=ORIENTED_EDGE('',*,*,#6120,.F.);
#8001=ORIENTED_EDGE('',*,*,#6192,.T.);
#8002=ORIENTED_EDGE('',*,*,#6189,.T.);
#8003=ORIENTED_EDGE('',*,*,#6186,.T.);
#8004=ORIENTED_EDGE('',*,*,#6183,.T.);
#8005=ORIENTED_EDGE('',*,*,#6180,.T.);
#8006=ORIENTED_EDGE('',*,*,#6177,.T.);
#8007=ORIENTED_EDGE('',*,*,#6174,.T.);
#8008=ORIENTED_EDGE('',*,*,#6172,.F.);
#8009=ORIENTED_EDGE('',*,*,#6168,.T.);
#8010=ORIENTED_EDGE('',*,*,#6165,.T.);
#8011=ORIENTED_EDGE('',*,*,#6163,.F.);
#8012=ORIENTED_EDGE('',*,*,#6159,.T.);
#8013=ORIENTED_EDGE('',*,*,#6156,.T.);
#8014=ORIENTED_EDGE('',*,*,#6154,.F.);
#8015=ORIENTED_EDGE('',*,*,#6150,.T.);
#8016=ORIENTED_EDGE('',*,*,#6147,.T.);
#8017=ORIENTED_EDGE('',*,*,#6144,.T.);
#8018=ORIENTED_EDGE('',*,*,#6011,.T.);
#8019=ORIENTED_EDGE('',*,*,#6142,.T.);
#8020=ORIENTED_EDGE('',*,*,#6139,.T.);
#8021=ORIENTED_EDGE('',*,*,#6136,.T.);
#8022=ORIENTED_EDGE('',*,*,#6134,.F.);
#8023=ORIENTED_EDGE('',*,*,#6130,.T.);
#8024=ORIENTED_EDGE('',*,*,#6127,.T.);
#8025=ORIENTED_EDGE('',*,*,#5821,.F.);
#8026=ORIENTED_EDGE('',*,*,#6125,.T.);
#8027=ORIENTED_EDGE('',*,*,#6122,.T.);
#8028=ORIENTED_EDGE('',*,*,#6121,.T.);
#8029=ORIENTED_EDGE('',*,*,#6124,.T.);
#8030=ORIENTED_EDGE('',*,*,#5819,.F.);
#8031=ORIENTED_EDGE('',*,*,#6126,.T.);
#8032=ORIENTED_EDGE('',*,*,#6129,.T.);
#8033=ORIENTED_EDGE('',*,*,#6133,.F.);
#8034=ORIENTED_EDGE('',*,*,#6135,.T.);
#8035=ORIENTED_EDGE('',*,*,#6138,.T.);
#8036=ORIENTED_EDGE('',*,*,#6141,.T.);
#8037=ORIENTED_EDGE('',*,*,#6009,.T.);
#8038=ORIENTED_EDGE('',*,*,#6143,.T.);
#8039=ORIENTED_EDGE('',*,*,#6146,.T.);
#8040=ORIENTED_EDGE('',*,*,#6149,.T.);
#8041=ORIENTED_EDGE('',*,*,#6153,.F.);
#8042=ORIENTED_EDGE('',*,*,#6155,.T.);
#8043=ORIENTED_EDGE('',*,*,#6158,.T.);
#8044=ORIENTED_EDGE('',*,*,#6162,.F.);
#8045=ORIENTED_EDGE('',*,*,#6164,.T.);
#8046=ORIENTED_EDGE('',*,*,#6167,.T.);
#8047=ORIENTED_EDGE('',*,*,#6171,.F.);
#8048=ORIENTED_EDGE('',*,*,#6173,.T.);
#8049=ORIENTED_EDGE('',*,*,#6176,.T.);
#8050=ORIENTED_EDGE('',*,*,#6179,.T.);
#8051=ORIENTED_EDGE('',*,*,#6182,.T.);
#8052=ORIENTED_EDGE('',*,*,#6185,.T.);
#8053=ORIENTED_EDGE('',*,*,#6188,.T.);
#8054=ORIENTED_EDGE('',*,*,#6191,.T.);
#8055=ORIENTED_EDGE('',*,*,#6118,.F.);
#8056=ORIENTED_EDGE('',*,*,#5813,.T.);
#8057=ORIENTED_EDGE('',*,*,#5818,.F.);
#8058=ORIENTED_EDGE('',*,*,#5807,.T.);
#8059=ORIENTED_EDGE('',*,*,#5812,.F.);
#8060=ORIENTED_EDGE('',*,*,#6014,.F.);
#8061=ORIENTED_EDGE('',*,*,#6193,.F.);
#8062=ORIENTED_EDGE('',*,*,#6194,.T.);
#8063=ORIENTED_EDGE('',*,*,#6195,.T.);
#8064=ORIENTED_EDGE('',*,*,#6015,.F.);
#8065=ORIENTED_EDGE('',*,*,#6195,.F.);
#8066=ORIENTED_EDGE('',*,*,#6196,.T.);
#8067=ORIENTED_EDGE('',*,*,#6197,.T.);
#8068=ORIENTED_EDGE('',*,*,#6016,.F.);
#8069=ORIENTED_EDGE('',*,*,#6197,.F.);
#8070=ORIENTED_EDGE('',*,*,#6198,.T.);
#8071=ORIENTED_EDGE('',*,*,#6199,.T.);
#8072=ORIENTED_EDGE('',*,*,#6017,.F.);
#8073=ORIENTED_EDGE('',*,*,#6199,.F.);
#8074=ORIENTED_EDGE('',*,*,#6200,.T.);
#8075=ORIENTED_EDGE('',*,*,#6201,.T.);
#8076=ORIENTED_EDGE('',*,*,#6018,.T.);
#8077=ORIENTED_EDGE('',*,*,#6201,.F.);
#8078=ORIENTED_EDGE('',*,*,#6202,.F.);
#8079=ORIENTED_EDGE('',*,*,#6203,.T.);
#8080=ORIENTED_EDGE('',*,*,#6019,.F.);
#8081=ORIENTED_EDGE('',*,*,#6203,.F.);
#8082=ORIENTED_EDGE('',*,*,#6204,.T.);
#8083=ORIENTED_EDGE('',*,*,#6205,.T.);
#8084=ORIENTED_EDGE('',*,*,#6020,.F.);
#8085=ORIENTED_EDGE('',*,*,#6205,.F.);
#8086=ORIENTED_EDGE('',*,*,#6206,.T.);
#8087=ORIENTED_EDGE('',*,*,#6207,.T.);
#8088=ORIENTED_EDGE('',*,*,#6021,.T.);
#8089=ORIENTED_EDGE('',*,*,#6207,.F.);
#8090=ORIENTED_EDGE('',*,*,#6208,.F.);
#8091=ORIENTED_EDGE('',*,*,#6209,.T.);
#8092=ORIENTED_EDGE('',*,*,#6022,.F.);
#8093=ORIENTED_EDGE('',*,*,#6209,.F.);
#8094=ORIENTED_EDGE('',*,*,#6210,.T.);
#8095=ORIENTED_EDGE('',*,*,#6211,.T.);
#8096=ORIENTED_EDGE('',*,*,#6023,.F.);
#8097=ORIENTED_EDGE('',*,*,#6211,.F.);
#8098=ORIENTED_EDGE('',*,*,#6212,.T.);
#8099=ORIENTED_EDGE('',*,*,#6213,.T.);
#8100=ORIENTED_EDGE('',*,*,#6013,.F.);
#8101=ORIENTED_EDGE('',*,*,#6213,.F.);
#8102=ORIENTED_EDGE('',*,*,#6214,.T.);
#8103=ORIENTED_EDGE('',*,*,#6193,.T.);
#8104=ORIENTED_EDGE('',*,*,#6194,.F.);
#8105=ORIENTED_EDGE('',*,*,#6214,.F.);
#8106=ORIENTED_EDGE('',*,*,#6212,.F.);
#8107=ORIENTED_EDGE('',*,*,#6210,.F.);
#8108=ORIENTED_EDGE('',*,*,#6208,.T.);
#8109=ORIENTED_EDGE('',*,*,#6206,.F.);
#8110=ORIENTED_EDGE('',*,*,#6204,.F.);
#8111=ORIENTED_EDGE('',*,*,#6202,.T.);
#8112=ORIENTED_EDGE('',*,*,#6200,.F.);
#8113=ORIENTED_EDGE('',*,*,#6198,.F.);
#8114=ORIENTED_EDGE('',*,*,#6196,.F.);
#8115=ORIENTED_EDGE('',*,*,#6025,.F.);
#8116=ORIENTED_EDGE('',*,*,#6215,.F.);
#8117=ORIENTED_EDGE('',*,*,#6216,.T.);
#8118=ORIENTED_EDGE('',*,*,#6217,.T.);
#8119=ORIENTED_EDGE('',*,*,#6026,.F.);
#8120=ORIENTED_EDGE('',*,*,#6217,.F.);
#8121=ORIENTED_EDGE('',*,*,#6218,.T.);
#8122=ORIENTED_EDGE('',*,*,#6219,.T.);
#8123=ORIENTED_EDGE('',*,*,#6027,.T.);
#8124=ORIENTED_EDGE('',*,*,#6219,.F.);
#8125=ORIENTED_EDGE('',*,*,#6220,.F.);
#8126=ORIENTED_EDGE('',*,*,#6221,.T.);
#8127=ORIENTED_EDGE('',*,*,#6028,.F.);
#8128=ORIENTED_EDGE('',*,*,#6221,.F.);
#8129=ORIENTED_EDGE('',*,*,#6222,.T.);
#8130=ORIENTED_EDGE('',*,*,#6223,.T.);
#8131=ORIENTED_EDGE('',*,*,#6029,.F.);
#8132=ORIENTED_EDGE('',*,*,#6223,.F.);
#8133=ORIENTED_EDGE('',*,*,#6224,.T.);
#8134=ORIENTED_EDGE('',*,*,#6225,.T.);
#8135=ORIENTED_EDGE('',*,*,#6030,.F.);
#8136=ORIENTED_EDGE('',*,*,#6225,.F.);
#8137=ORIENTED_EDGE('',*,*,#6226,.T.);
#8138=ORIENTED_EDGE('',*,*,#6227,.T.);
#8139=ORIENTED_EDGE('',*,*,#6031,.F.);
#8140=ORIENTED_EDGE('',*,*,#6227,.F.);
#8141=ORIENTED_EDGE('',*,*,#6228,.T.);
#8142=ORIENTED_EDGE('',*,*,#6229,.T.);
#8143=ORIENTED_EDGE('',*,*,#6032,.F.);
#8144=ORIENTED_EDGE('',*,*,#6229,.F.);
#8145=ORIENTED_EDGE('',*,*,#6230,.T.);
#8146=ORIENTED_EDGE('',*,*,#6231,.T.);
#8147=ORIENTED_EDGE('',*,*,#6033,.F.);
#8148=ORIENTED_EDGE('',*,*,#6231,.F.);
#8149=ORIENTED_EDGE('',*,*,#6232,.T.);
#8150=ORIENTED_EDGE('',*,*,#6233,.T.);
#8151=ORIENTED_EDGE('',*,*,#6034,.F.);
#8152=ORIENTED_EDGE('',*,*,#6233,.F.);
#8153=ORIENTED_EDGE('',*,*,#6234,.T.);
#8154=ORIENTED_EDGE('',*,*,#6235,.T.);
#8155=ORIENTED_EDGE('',*,*,#6035,.T.);
#8156=ORIENTED_EDGE('',*,*,#6235,.F.);
#8157=ORIENTED_EDGE('',*,*,#6236,.F.);
#8158=ORIENTED_EDGE('',*,*,#6237,.T.);
#8159=ORIENTED_EDGE('',*,*,#6036,.F.);
#8160=ORIENTED_EDGE('',*,*,#6237,.F.);
#8161=ORIENTED_EDGE('',*,*,#6238,.T.);
#8162=ORIENTED_EDGE('',*,*,#6239,.T.);
#8163=ORIENTED_EDGE('',*,*,#6037,.T.);
#8164=ORIENTED_EDGE('',*,*,#6239,.F.);
#8165=ORIENTED_EDGE('',*,*,#6240,.F.);
#8166=ORIENTED_EDGE('',*,*,#6241,.T.);
#8167=ORIENTED_EDGE('',*,*,#6038,.T.);
#8168=ORIENTED_EDGE('',*,*,#6241,.F.);
#8169=ORIENTED_EDGE('',*,*,#6242,.F.);
#8170=ORIENTED_EDGE('',*,*,#6243,.T.);
#8171=ORIENTED_EDGE('',*,*,#6039,.F.);
#8172=ORIENTED_EDGE('',*,*,#6243,.F.);
#8173=ORIENTED_EDGE('',*,*,#6244,.T.);
#8174=ORIENTED_EDGE('',*,*,#6245,.T.);
#8175=ORIENTED_EDGE('',*,*,#6040,.F.);
#8176=ORIENTED_EDGE('',*,*,#6245,.F.);
#8177=ORIENTED_EDGE('',*,*,#6246,.T.);
#8178=ORIENTED_EDGE('',*,*,#6247,.T.);
#8179=ORIENTED_EDGE('',*,*,#6041,.F.);
#8180=ORIENTED_EDGE('',*,*,#6247,.F.);
#8181=ORIENTED_EDGE('',*,*,#6248,.T.);
#8182=ORIENTED_EDGE('',*,*,#6249,.T.);
#8183=ORIENTED_EDGE('',*,*,#6042,.F.);
#8184=ORIENTED_EDGE('',*,*,#6249,.F.);
#8185=ORIENTED_EDGE('',*,*,#6250,.T.);
#8186=ORIENTED_EDGE('',*,*,#6251,.T.);
#8187=ORIENTED_EDGE('',*,*,#6043,.F.);
#8188=ORIENTED_EDGE('',*,*,#6251,.F.);
#8189=ORIENTED_EDGE('',*,*,#6252,.T.);
#8190=ORIENTED_EDGE('',*,*,#6253,.T.);
#8191=ORIENTED_EDGE('',*,*,#6044,.F.);
#8192=ORIENTED_EDGE('',*,*,#6253,.F.);
#8193=ORIENTED_EDGE('',*,*,#6254,.T.);
#8194=ORIENTED_EDGE('',*,*,#6255,.T.);
#8195=ORIENTED_EDGE('',*,*,#6045,.F.);
#8196=ORIENTED_EDGE('',*,*,#6255,.F.);
#8197=ORIENTED_EDGE('',*,*,#6256,.T.);
#8198=ORIENTED_EDGE('',*,*,#6257,.T.);
#8199=ORIENTED_EDGE('',*,*,#6046,.F.);
#8200=ORIENTED_EDGE('',*,*,#6257,.F.);
#8201=ORIENTED_EDGE('',*,*,#6258,.T.);
#8202=ORIENTED_EDGE('',*,*,#6259,.T.);
#8203=ORIENTED_EDGE('',*,*,#6047,.F.);
#8204=ORIENTED_EDGE('',*,*,#6259,.F.);
#8205=ORIENTED_EDGE('',*,*,#6260,.T.);
#8206=ORIENTED_EDGE('',*,*,#6261,.T.);
#8207=ORIENTED_EDGE('',*,*,#6048,.F.);
#8208=ORIENTED_EDGE('',*,*,#6261,.F.);
#8209=ORIENTED_EDGE('',*,*,#6262,.T.);
#8210=ORIENTED_EDGE('',*,*,#6263,.T.);
#8211=ORIENTED_EDGE('',*,*,#6049,.T.);
#8212=ORIENTED_EDGE('',*,*,#6263,.F.);
#8213=ORIENTED_EDGE('',*,*,#6264,.F.);
#8214=ORIENTED_EDGE('',*,*,#6265,.T.);
#8215=ORIENTED_EDGE('',*,*,#6050,.F.);
#8216=ORIENTED_EDGE('',*,*,#6265,.F.);
#8217=ORIENTED_EDGE('',*,*,#6266,.T.);
#8218=ORIENTED_EDGE('',*,*,#6267,.T.);
#8219=ORIENTED_EDGE('',*,*,#6051,.F.);
#8220=ORIENTED_EDGE('',*,*,#6267,.F.);
#8221=ORIENTED_EDGE('',*,*,#6268,.T.);
#8222=ORIENTED_EDGE('',*,*,#6269,.T.);
#8223=ORIENTED_EDGE('',*,*,#6052,.F.);
#8224=ORIENTED_EDGE('',*,*,#6269,.F.);
#8225=ORIENTED_EDGE('',*,*,#6270,.T.);
#8226=ORIENTED_EDGE('',*,*,#6271,.T.);
#8227=ORIENTED_EDGE('',*,*,#6053,.F.);
#8228=ORIENTED_EDGE('',*,*,#6271,.F.);
#8229=ORIENTED_EDGE('',*,*,#6272,.T.);
#8230=ORIENTED_EDGE('',*,*,#6273,.T.);
#8231=ORIENTED_EDGE('',*,*,#6024,.F.);
#8232=ORIENTED_EDGE('',*,*,#6273,.F.);
#8233=ORIENTED_EDGE('',*,*,#6274,.T.);
#8234=ORIENTED_EDGE('',*,*,#6215,.T.);
#8235=ORIENTED_EDGE('',*,*,#6216,.F.);
#8236=ORIENTED_EDGE('',*,*,#6274,.F.);
#8237=ORIENTED_EDGE('',*,*,#6272,.F.);
#8238=ORIENTED_EDGE('',*,*,#6270,.F.);
#8239=ORIENTED_EDGE('',*,*,#6268,.F.);
#8240=ORIENTED_EDGE('',*,*,#6266,.F.);
#8241=ORIENTED_EDGE('',*,*,#6264,.T.);
#8242=ORIENTED_EDGE('',*,*,#6262,.F.);
#8243=ORIENTED_EDGE('',*,*,#6260,.F.);
#8244=ORIENTED_EDGE('',*,*,#6258,.F.);
#8245=ORIENTED_EDGE('',*,*,#6256,.F.);
#8246=ORIENTED_EDGE('',*,*,#6254,.F.);
#8247=ORIENTED_EDGE('',*,*,#6252,.F.);
#8248=ORIENTED_EDGE('',*,*,#6250,.F.);
#8249=ORIENTED_EDGE('',*,*,#6248,.F.);
#8250=ORIENTED_EDGE('',*,*,#6246,.F.);
#8251=ORIENTED_EDGE('',*,*,#6244,.F.);
#8252=ORIENTED_EDGE('',*,*,#6242,.T.);
#8253=ORIENTED_EDGE('',*,*,#6240,.T.);
#8254=ORIENTED_EDGE('',*,*,#6238,.F.);
#8255=ORIENTED_EDGE('',*,*,#6236,.T.);
#8256=ORIENTED_EDGE('',*,*,#6234,.F.);
#8257=ORIENTED_EDGE('',*,*,#6232,.F.);
#8258=ORIENTED_EDGE('',*,*,#6230,.F.);
#8259=ORIENTED_EDGE('',*,*,#6228,.F.);
#8260=ORIENTED_EDGE('',*,*,#6226,.F.);
#8261=ORIENTED_EDGE('',*,*,#6224,.F.);
#8262=ORIENTED_EDGE('',*,*,#6222,.F.);
#8263=ORIENTED_EDGE('',*,*,#6220,.T.);
#8264=ORIENTED_EDGE('',*,*,#6218,.F.);
#8265=ORIENTED_EDGE('',*,*,#6055,.F.);
#8266=ORIENTED_EDGE('',*,*,#6275,.F.);
#8267=ORIENTED_EDGE('',*,*,#6276,.T.);
#8268=ORIENTED_EDGE('',*,*,#6277,.T.);
#8269=ORIENTED_EDGE('',*,*,#6056,.F.);
#8270=ORIENTED_EDGE('',*,*,#6277,.F.);
#8271=ORIENTED_EDGE('',*,*,#6278,.T.);
#8272=ORIENTED_EDGE('',*,*,#6279,.T.);
#8273=ORIENTED_EDGE('',*,*,#6057,.F.);
#8274=ORIENTED_EDGE('',*,*,#6279,.F.);
#8275=ORIENTED_EDGE('',*,*,#6280,.T.);
#8276=ORIENTED_EDGE('',*,*,#6281,.T.);
#8277=ORIENTED_EDGE('',*,*,#6058,.F.);
#8278=ORIENTED_EDGE('',*,*,#6281,.F.);
#8279=ORIENTED_EDGE('',*,*,#6282,.T.);
#8280=ORIENTED_EDGE('',*,*,#6283,.T.);
#8281=ORIENTED_EDGE('',*,*,#6059,.F.);
#8282=ORIENTED_EDGE('',*,*,#6283,.F.);
#8283=ORIENTED_EDGE('',*,*,#6284,.T.);
#8284=ORIENTED_EDGE('',*,*,#6285,.T.);
#8285=ORIENTED_EDGE('',*,*,#6060,.F.);
#8286=ORIENTED_EDGE('',*,*,#6285,.F.);
#8287=ORIENTED_EDGE('',*,*,#6286,.T.);
#8288=ORIENTED_EDGE('',*,*,#6287,.T.);
#8289=ORIENTED_EDGE('',*,*,#6061,.F.);
#8290=ORIENTED_EDGE('',*,*,#6287,.F.);
#8291=ORIENTED_EDGE('',*,*,#6288,.T.);
#8292=ORIENTED_EDGE('',*,*,#6289,.T.);
#8293=ORIENTED_EDGE('',*,*,#6054,.F.);
#8294=ORIENTED_EDGE('',*,*,#6289,.F.);
#8295=ORIENTED_EDGE('',*,*,#6290,.T.);
#8296=ORIENTED_EDGE('',*,*,#6275,.T.);
#8297=ORIENTED_EDGE('',*,*,#6276,.F.);
#8298=ORIENTED_EDGE('',*,*,#6290,.F.);
#8299=ORIENTED_EDGE('',*,*,#6288,.F.);
#8300=ORIENTED_EDGE('',*,*,#6286,.F.);
#8301=ORIENTED_EDGE('',*,*,#6284,.F.);
#8302=ORIENTED_EDGE('',*,*,#6282,.F.);
#8303=ORIENTED_EDGE('',*,*,#6280,.F.);
#8304=ORIENTED_EDGE('',*,*,#6278,.F.);
#8305=ORIENTED_EDGE('',*,*,#6063,.F.);
#8306=ORIENTED_EDGE('',*,*,#6291,.F.);
#8307=ORIENTED_EDGE('',*,*,#6292,.T.);
#8308=ORIENTED_EDGE('',*,*,#6293,.T.);
#8309=ORIENTED_EDGE('',*,*,#6064,.F.);
#8310=ORIENTED_EDGE('',*,*,#6293,.F.);
#8311=ORIENTED_EDGE('',*,*,#6294,.T.);
#8312=ORIENTED_EDGE('',*,*,#6295,.T.);
#8313=ORIENTED_EDGE('',*,*,#6065,.F.);
#8314=ORIENTED_EDGE('',*,*,#6295,.F.);
#8315=ORIENTED_EDGE('',*,*,#6296,.T.);
#8316=ORIENTED_EDGE('',*,*,#6297,.T.);
#8317=ORIENTED_EDGE('',*,*,#6066,.F.);
#8318=ORIENTED_EDGE('',*,*,#6297,.F.);
#8319=ORIENTED_EDGE('',*,*,#6298,.T.);
#8320=ORIENTED_EDGE('',*,*,#6299,.T.);
#8321=ORIENTED_EDGE('',*,*,#6067,.F.);
#8322=ORIENTED_EDGE('',*,*,#6299,.F.);
#8323=ORIENTED_EDGE('',*,*,#6300,.T.);
#8324=ORIENTED_EDGE('',*,*,#6301,.T.);
#8325=ORIENTED_EDGE('',*,*,#6068,.T.);
#8326=ORIENTED_EDGE('',*,*,#6301,.F.);
#8327=ORIENTED_EDGE('',*,*,#6302,.F.);
#8328=ORIENTED_EDGE('',*,*,#6303,.T.);
#8329=ORIENTED_EDGE('',*,*,#6069,.F.);
#8330=ORIENTED_EDGE('',*,*,#6303,.F.);
#8331=ORIENTED_EDGE('',*,*,#6304,.T.);
#8332=ORIENTED_EDGE('',*,*,#6305,.T.);
#8333=ORIENTED_EDGE('',*,*,#6070,.T.);
#8334=ORIENTED_EDGE('',*,*,#6305,.F.);
#8335=ORIENTED_EDGE('',*,*,#6306,.F.);
#8336=ORIENTED_EDGE('',*,*,#6307,.T.);
#8337=ORIENTED_EDGE('',*,*,#6071,.F.);
#8338=ORIENTED_EDGE('',*,*,#6307,.F.);
#8339=ORIENTED_EDGE('',*,*,#6308,.T.);
#8340=ORIENTED_EDGE('',*,*,#6309,.T.);
#8341=ORIENTED_EDGE('',*,*,#6072,.F.);
#8342=ORIENTED_EDGE('',*,*,#6309,.F.);
#8343=ORIENTED_EDGE('',*,*,#6310,.T.);
#8344=ORIENTED_EDGE('',*,*,#6311,.T.);
#8345=ORIENTED_EDGE('',*,*,#6073,.F.);
#8346=ORIENTED_EDGE('',*,*,#6311,.F.);
#8347=ORIENTED_EDGE('',*,*,#6312,.T.);
#8348=ORIENTED_EDGE('',*,*,#6313,.T.);
#8349=ORIENTED_EDGE('',*,*,#6074,.F.);
#8350=ORIENTED_EDGE('',*,*,#6313,.F.);
#8351=ORIENTED_EDGE('',*,*,#6314,.T.);
#8352=ORIENTED_EDGE('',*,*,#6315,.T.);
#8353=ORIENTED_EDGE('',*,*,#6075,.T.);
#8354=ORIENTED_EDGE('',*,*,#6315,.F.);
#8355=ORIENTED_EDGE('',*,*,#6316,.F.);
#8356=ORIENTED_EDGE('',*,*,#6317,.T.);
#8357=ORIENTED_EDGE('',*,*,#6076,.F.);
#8358=ORIENTED_EDGE('',*,*,#6317,.F.);
#8359=ORIENTED_EDGE('',*,*,#6318,.T.);
#8360=ORIENTED_EDGE('',*,*,#6319,.T.);
#8361=ORIENTED_EDGE('',*,*,#6077,.F.);
#8362=ORIENTED_EDGE('',*,*,#6319,.F.);
#8363=ORIENTED_EDGE('',*,*,#6320,.T.);
#8364=ORIENTED_EDGE('',*,*,#6321,.T.);
#8365=ORIENTED_EDGE('',*,*,#6078,.F.);
#8366=ORIENTED_EDGE('',*,*,#6321,.F.);
#8367=ORIENTED_EDGE('',*,*,#6322,.T.);
#8368=ORIENTED_EDGE('',*,*,#6323,.T.);
#8369=ORIENTED_EDGE('',*,*,#6079,.F.);
#8370=ORIENTED_EDGE('',*,*,#6323,.F.);
#8371=ORIENTED_EDGE('',*,*,#6324,.T.);
#8372=ORIENTED_EDGE('',*,*,#6325,.T.);
#8373=ORIENTED_EDGE('',*,*,#6080,.F.);
#8374=ORIENTED_EDGE('',*,*,#6325,.F.);
#8375=ORIENTED_EDGE('',*,*,#6326,.T.);
#8376=ORIENTED_EDGE('',*,*,#6327,.T.);
#8377=ORIENTED_EDGE('',*,*,#6081,.F.);
#8378=ORIENTED_EDGE('',*,*,#6327,.F.);
#8379=ORIENTED_EDGE('',*,*,#6328,.T.);
#8380=ORIENTED_EDGE('',*,*,#6329,.T.);
#8381=ORIENTED_EDGE('',*,*,#6082,.F.);
#8382=ORIENTED_EDGE('',*,*,#6329,.F.);
#8383=ORIENTED_EDGE('',*,*,#6330,.T.);
#8384=ORIENTED_EDGE('',*,*,#6331,.T.);
#8385=ORIENTED_EDGE('',*,*,#6083,.F.);
#8386=ORIENTED_EDGE('',*,*,#6331,.F.);
#8387=ORIENTED_EDGE('',*,*,#6332,.T.);
#8388=ORIENTED_EDGE('',*,*,#6333,.T.);
#8389=ORIENTED_EDGE('',*,*,#6084,.F.);
#8390=ORIENTED_EDGE('',*,*,#6333,.F.);
#8391=ORIENTED_EDGE('',*,*,#6334,.T.);
#8392=ORIENTED_EDGE('',*,*,#6335,.T.);
#8393=ORIENTED_EDGE('',*,*,#6085,.F.);
#8394=ORIENTED_EDGE('',*,*,#6335,.F.);
#8395=ORIENTED_EDGE('',*,*,#6336,.T.);
#8396=ORIENTED_EDGE('',*,*,#6337,.T.);
#8397=ORIENTED_EDGE('',*,*,#6062,.F.);
#8398=ORIENTED_EDGE('',*,*,#6337,.F.);
#8399=ORIENTED_EDGE('',*,*,#6338,.T.);
#8400=ORIENTED_EDGE('',*,*,#6291,.T.);
#8401=ORIENTED_EDGE('',*,*,#6292,.F.);
#8402=ORIENTED_EDGE('',*,*,#6338,.F.);
#8403=ORIENTED_EDGE('',*,*,#6336,.F.);
#8404=ORIENTED_EDGE('',*,*,#6334,.F.);
#8405=ORIENTED_EDGE('',*,*,#6332,.F.);
#8406=ORIENTED_EDGE('',*,*,#6330,.F.);
#8407=ORIENTED_EDGE('',*,*,#6328,.F.);
#8408=ORIENTED_EDGE('',*,*,#6326,.F.);
#8409=ORIENTED_EDGE('',*,*,#6324,.F.);
#8410=ORIENTED_EDGE('',*,*,#6322,.F.);
#8411=ORIENTED_EDGE('',*,*,#6320,.F.);
#8412=ORIENTED_EDGE('',*,*,#6318,.F.);
#8413=ORIENTED_EDGE('',*,*,#6316,.T.);
#8414=ORIENTED_EDGE('',*,*,#6314,.F.);
#8415=ORIENTED_EDGE('',*,*,#6312,.F.);
#8416=ORIENTED_EDGE('',*,*,#6310,.F.);
#8417=ORIENTED_EDGE('',*,*,#6308,.F.);
#8418=ORIENTED_EDGE('',*,*,#6306,.T.);
#8419=ORIENTED_EDGE('',*,*,#6304,.F.);
#8420=ORIENTED_EDGE('',*,*,#6302,.T.);
#8421=ORIENTED_EDGE('',*,*,#6300,.F.);
#8422=ORIENTED_EDGE('',*,*,#6298,.F.);
#8423=ORIENTED_EDGE('',*,*,#6296,.F.);
#8424=ORIENTED_EDGE('',*,*,#6294,.F.);
#8425=ORIENTED_EDGE('',*,*,#6087,.F.);
#8426=ORIENTED_EDGE('',*,*,#6339,.F.);
#8427=ORIENTED_EDGE('',*,*,#6340,.T.);
#8428=ORIENTED_EDGE('',*,*,#6341,.T.);
#8429=ORIENTED_EDGE('',*,*,#6088,.F.);
#8430=ORIENTED_EDGE('',*,*,#6341,.F.);
#8431=ORIENTED_EDGE('',*,*,#6342,.T.);
#8432=ORIENTED_EDGE('',*,*,#6343,.T.);
#8433=ORIENTED_EDGE('',*,*,#6089,.F.);
#8434=ORIENTED_EDGE('',*,*,#6343,.F.);
#8435=ORIENTED_EDGE('',*,*,#6344,.T.);
#8436=ORIENTED_EDGE('',*,*,#6345,.T.);
#8437=ORIENTED_EDGE('',*,*,#6090,.F.);
#8438=ORIENTED_EDGE('',*,*,#6345,.F.);
#8439=ORIENTED_EDGE('',*,*,#6346,.T.);
#8440=ORIENTED_EDGE('',*,*,#6347,.T.);
#8441=ORIENTED_EDGE('',*,*,#6091,.F.);
#8442=ORIENTED_EDGE('',*,*,#6347,.F.);
#8443=ORIENTED_EDGE('',*,*,#6348,.T.);
#8444=ORIENTED_EDGE('',*,*,#6349,.T.);
#8445=ORIENTED_EDGE('',*,*,#6092,.F.);
#8446=ORIENTED_EDGE('',*,*,#6349,.F.);
#8447=ORIENTED_EDGE('',*,*,#6350,.T.);
#8448=ORIENTED_EDGE('',*,*,#6351,.T.);
#8449=ORIENTED_EDGE('',*,*,#6086,.F.);
#8450=ORIENTED_EDGE('',*,*,#6351,.F.);
#8451=ORIENTED_EDGE('',*,*,#6352,.T.);
#8452=ORIENTED_EDGE('',*,*,#6339,.T.);
#8453=ORIENTED_EDGE('',*,*,#6340,.F.);
#8454=ORIENTED_EDGE('',*,*,#6352,.F.);
#8455=ORIENTED_EDGE('',*,*,#6350,.F.);
#8456=ORIENTED_EDGE('',*,*,#6348,.F.);
#8457=ORIENTED_EDGE('',*,*,#6346,.F.);
#8458=ORIENTED_EDGE('',*,*,#6344,.F.);
#8459=ORIENTED_EDGE('',*,*,#6342,.F.);
#8460=ORIENTED_EDGE('',*,*,#6094,.F.);
#8461=ORIENTED_EDGE('',*,*,#6353,.F.);
#8462=ORIENTED_EDGE('',*,*,#6354,.T.);
#8463=ORIENTED_EDGE('',*,*,#6355,.T.);
#8464=ORIENTED_EDGE('',*,*,#6095,.F.);
#8465=ORIENTED_EDGE('',*,*,#6355,.F.);
#8466=ORIENTED_EDGE('',*,*,#6356,.T.);
#8467=ORIENTED_EDGE('',*,*,#6357,.T.);
#8468=ORIENTED_EDGE('',*,*,#6096,.F.);
#8469=ORIENTED_EDGE('',*,*,#6357,.F.);
#8470=ORIENTED_EDGE('',*,*,#6358,.T.);
#8471=ORIENTED_EDGE('',*,*,#6359,.T.);
#8472=ORIENTED_EDGE('',*,*,#6097,.F.);
#8473=ORIENTED_EDGE('',*,*,#6359,.F.);
#8474=ORIENTED_EDGE('',*,*,#6360,.T.);
#8475=ORIENTED_EDGE('',*,*,#6361,.T.);
#8476=ORIENTED_EDGE('',*,*,#6098,.F.);
#8477=ORIENTED_EDGE('',*,*,#6361,.F.);
#8478=ORIENTED_EDGE('',*,*,#6362,.T.);
#8479=ORIENTED_EDGE('',*,*,#6363,.T.);
#8480=ORIENTED_EDGE('',*,*,#6099,.F.);
#8481=ORIENTED_EDGE('',*,*,#6363,.F.);
#8482=ORIENTED_EDGE('',*,*,#6364,.T.);
#8483=ORIENTED_EDGE('',*,*,#6365,.T.);
#8484=ORIENTED_EDGE('',*,*,#6100,.F.);
#8485=ORIENTED_EDGE('',*,*,#6365,.F.);
#8486=ORIENTED_EDGE('',*,*,#6366,.T.);
#8487=ORIENTED_EDGE('',*,*,#6367,.T.);
#8488=ORIENTED_EDGE('',*,*,#6101,.F.);
#8489=ORIENTED_EDGE('',*,*,#6367,.F.);
#8490=ORIENTED_EDGE('',*,*,#6368,.T.);
#8491=ORIENTED_EDGE('',*,*,#6369,.T.);
#8492=ORIENTED_EDGE('',*,*,#6102,.F.);
#8493=ORIENTED_EDGE('',*,*,#6369,.F.);
#8494=ORIENTED_EDGE('',*,*,#6370,.T.);
#8495=ORIENTED_EDGE('',*,*,#6371,.T.);
#8496=ORIENTED_EDGE('',*,*,#6103,.F.);
#8497=ORIENTED_EDGE('',*,*,#6371,.F.);
#8498=ORIENTED_EDGE('',*,*,#6372,.T.);
#8499=ORIENTED_EDGE('',*,*,#6373,.T.);
#8500=ORIENTED_EDGE('',*,*,#6104,.F.);
#8501=ORIENTED_EDGE('',*,*,#6373,.F.);
#8502=ORIENTED_EDGE('',*,*,#6374,.T.);
#8503=ORIENTED_EDGE('',*,*,#6375,.T.);
#8504=ORIENTED_EDGE('',*,*,#6105,.F.);
#8505=ORIENTED_EDGE('',*,*,#6375,.F.);
#8506=ORIENTED_EDGE('',*,*,#6376,.T.);
#8507=ORIENTED_EDGE('',*,*,#6377,.T.);
#8508=ORIENTED_EDGE('',*,*,#6106,.F.);
#8509=ORIENTED_EDGE('',*,*,#6377,.F.);
#8510=ORIENTED_EDGE('',*,*,#6378,.T.);
#8511=ORIENTED_EDGE('',*,*,#6379,.T.);
#8512=ORIENTED_EDGE('',*,*,#6107,.F.);
#8513=ORIENTED_EDGE('',*,*,#6379,.F.);
#8514=ORIENTED_EDGE('',*,*,#6380,.T.);
#8515=ORIENTED_EDGE('',*,*,#6381,.T.);
#8516=ORIENTED_EDGE('',*,*,#6108,.F.);
#8517=ORIENTED_EDGE('',*,*,#6381,.F.);
#8518=ORIENTED_EDGE('',*,*,#6382,.T.);
#8519=ORIENTED_EDGE('',*,*,#6383,.T.);
#8520=ORIENTED_EDGE('',*,*,#6093,.F.);
#8521=ORIENTED_EDGE('',*,*,#6383,.F.);
#8522=ORIENTED_EDGE('',*,*,#6384,.T.);
#8523=ORIENTED_EDGE('',*,*,#6353,.T.);
#8524=ORIENTED_EDGE('',*,*,#6354,.F.);
#8525=ORIENTED_EDGE('',*,*,#6384,.F.);
#8526=ORIENTED_EDGE('',*,*,#6382,.F.);
#8527=ORIENTED_EDGE('',*,*,#6380,.F.);
#8528=ORIENTED_EDGE('',*,*,#6378,.F.);
#8529=ORIENTED_EDGE('',*,*,#6376,.F.);
#8530=ORIENTED_EDGE('',*,*,#6374,.F.);
#8531=ORIENTED_EDGE('',*,*,#6372,.F.);
#8532=ORIENTED_EDGE('',*,*,#6370,.F.);
#8533=ORIENTED_EDGE('',*,*,#6368,.F.);
#8534=ORIENTED_EDGE('',*,*,#6366,.F.);
#8535=ORIENTED_EDGE('',*,*,#6364,.F.);
#8536=ORIENTED_EDGE('',*,*,#6362,.F.);
#8537=ORIENTED_EDGE('',*,*,#6360,.F.);
#8538=ORIENTED_EDGE('',*,*,#6358,.F.);
#8539=ORIENTED_EDGE('',*,*,#6356,.F.);
#8540=ORIENTED_EDGE('',*,*,#6385,.T.);
#8541=ORIENTED_EDGE('',*,*,#6386,.F.);
#8542=ORIENTED_EDGE('',*,*,#6387,.F.);
#8543=ORIENTED_EDGE('',*,*,#6388,.T.);
#8544=ORIENTED_EDGE('',*,*,#6389,.T.);
#8545=ORIENTED_EDGE('',*,*,#6388,.F.);
#8546=ORIENTED_EDGE('',*,*,#6390,.F.);
#8547=ORIENTED_EDGE('',*,*,#6391,.T.);
#8548=ORIENTED_EDGE('',*,*,#6392,.T.);
#8549=ORIENTED_EDGE('',*,*,#6391,.F.);
#8550=ORIENTED_EDGE('',*,*,#6393,.F.);
#8551=ORIENTED_EDGE('',*,*,#6394,.T.);
#8552=ORIENTED_EDGE('',*,*,#6395,.T.);
#8553=ORIENTED_EDGE('',*,*,#6394,.F.);
#8554=ORIENTED_EDGE('',*,*,#6396,.F.);
#8555=ORIENTED_EDGE('',*,*,#6397,.T.);
#8556=ORIENTED_EDGE('',*,*,#6398,.F.);
#8557=ORIENTED_EDGE('',*,*,#6397,.F.);
#8558=ORIENTED_EDGE('',*,*,#6399,.T.);
#8559=ORIENTED_EDGE('',*,*,#6400,.T.);
#8560=ORIENTED_EDGE('',*,*,#6401,.T.);
#8561=ORIENTED_EDGE('',*,*,#6400,.F.);
#8562=ORIENTED_EDGE('',*,*,#6402,.F.);
#8563=ORIENTED_EDGE('',*,*,#6403,.T.);
#8564=ORIENTED_EDGE('',*,*,#6404,.T.);
#8565=ORIENTED_EDGE('',*,*,#6403,.F.);
#8566=ORIENTED_EDGE('',*,*,#6405,.F.);
#8567=ORIENTED_EDGE('',*,*,#6406,.T.);
#8568=ORIENTED_EDGE('',*,*,#6407,.T.);
#8569=ORIENTED_EDGE('',*,*,#6406,.F.);
#8570=ORIENTED_EDGE('',*,*,#6408,.F.);
#8571=ORIENTED_EDGE('',*,*,#6409,.T.);
#8572=ORIENTED_EDGE('',*,*,#6410,.T.);
#8573=ORIENTED_EDGE('',*,*,#6409,.F.);
#8574=ORIENTED_EDGE('',*,*,#6411,.F.);
#8575=ORIENTED_EDGE('',*,*,#6386,.T.);
#8576=ORIENTED_EDGE('',*,*,#5804,.F.);
#8577=ORIENTED_EDGE('',*,*,#6412,.F.);
#8578=ORIENTED_EDGE('',*,*,#5806,.T.);
#8579=ORIENTED_EDGE('',*,*,#6116,.T.);
#8580=ORIENTED_EDGE('',*,*,#6412,.T.);
#8581=ORIENTED_EDGE('',*,*,#5803,.T.);
#8582=ORIENTED_EDGE('',*,*,#6387,.T.);
#8583=ORIENTED_EDGE('',*,*,#6411,.T.);
#8584=ORIENTED_EDGE('',*,*,#6408,.T.);
#8585=ORIENTED_EDGE('',*,*,#6405,.T.);
#8586=ORIENTED_EDGE('',*,*,#6402,.T.);
#8587=ORIENTED_EDGE('',*,*,#6399,.F.);
#8588=ORIENTED_EDGE('',*,*,#6396,.T.);
#8589=ORIENTED_EDGE('',*,*,#6393,.T.);
#8590=ORIENTED_EDGE('',*,*,#6390,.T.);
#8591=ORIENTED_EDGE('',*,*,#6110,.F.);
#8592=ORIENTED_EDGE('',*,*,#6413,.F.);
#8593=ORIENTED_EDGE('',*,*,#6414,.T.);
#8594=ORIENTED_EDGE('',*,*,#6415,.T.);
#8595=ORIENTED_EDGE('',*,*,#6111,.F.);
#8596=ORIENTED_EDGE('',*,*,#6415,.F.);
#8597=ORIENTED_EDGE('',*,*,#6416,.T.);
#8598=ORIENTED_EDGE('',*,*,#6417,.T.);
#8599=ORIENTED_EDGE('',*,*,#6112,.F.);
#8600=ORIENTED_EDGE('',*,*,#6417,.F.);
#8601=ORIENTED_EDGE('',*,*,#6418,.T.);
#8602=ORIENTED_EDGE('',*,*,#6419,.T.);
#8603=ORIENTED_EDGE('',*,*,#6113,.F.);
#8604=ORIENTED_EDGE('',*,*,#6419,.F.);
#8605=ORIENTED_EDGE('',*,*,#6420,.T.);
#8606=ORIENTED_EDGE('',*,*,#6421,.T.);
#8607=ORIENTED_EDGE('',*,*,#6114,.F.);
#8608=ORIENTED_EDGE('',*,*,#6421,.F.);
#8609=ORIENTED_EDGE('',*,*,#6422,.T.);
#8610=ORIENTED_EDGE('',*,*,#6423,.T.);
#8611=ORIENTED_EDGE('',*,*,#6115,.F.);
#8612=ORIENTED_EDGE('',*,*,#6423,.F.);
#8613=ORIENTED_EDGE('',*,*,#6424,.T.);
#8614=ORIENTED_EDGE('',*,*,#6425,.T.);
#8615=ORIENTED_EDGE('',*,*,#6109,.F.);
#8616=ORIENTED_EDGE('',*,*,#6425,.F.);
#8617=ORIENTED_EDGE('',*,*,#6426,.T.);
#8618=ORIENTED_EDGE('',*,*,#6413,.T.);
#8619=ORIENTED_EDGE('',*,*,#6414,.F.);
#8620=ORIENTED_EDGE('',*,*,#6426,.F.);
#8621=ORIENTED_EDGE('',*,*,#6424,.F.);
#8622=ORIENTED_EDGE('',*,*,#6422,.F.);
#8623=ORIENTED_EDGE('',*,*,#6420,.F.);
#8624=ORIENTED_EDGE('',*,*,#6418,.F.);
#8625=ORIENTED_EDGE('',*,*,#6416,.F.);
#8626=ORIENTED_EDGE('',*,*,#6385,.F.);
#8627=ORIENTED_EDGE('',*,*,#6389,.F.);
#8628=ORIENTED_EDGE('',*,*,#6392,.F.);
#8629=ORIENTED_EDGE('',*,*,#6395,.F.);
#8630=ORIENTED_EDGE('',*,*,#6398,.T.);
#8631=ORIENTED_EDGE('',*,*,#6401,.F.);
#8632=ORIENTED_EDGE('',*,*,#6404,.F.);
#8633=ORIENTED_EDGE('',*,*,#6407,.F.);
#8634=ORIENTED_EDGE('',*,*,#6410,.F.);
#8635=ORIENTED_EDGE('',*,*,#6427,.F.);
#8636=ORIENTED_EDGE('',*,*,#6428,.F.);
#8637=ORIENTED_EDGE('',*,*,#6429,.F.);
#8638=ORIENTED_EDGE('',*,*,#6430,.F.);
#8639=ORIENTED_EDGE('',*,*,#6427,.T.);
#8640=ORIENTED_EDGE('',*,*,#6431,.F.);
#8641=ORIENTED_EDGE('',*,*,#6432,.F.);
#8642=ORIENTED_EDGE('',*,*,#6433,.T.);
#8643=ORIENTED_EDGE('',*,*,#6428,.T.);
#8644=ORIENTED_EDGE('',*,*,#6433,.F.);
#8645=ORIENTED_EDGE('',*,*,#6434,.F.);
#8646=ORIENTED_EDGE('',*,*,#6435,.T.);
#8647=ORIENTED_EDGE('',*,*,#6429,.T.);
#8648=ORIENTED_EDGE('',*,*,#6435,.F.);
#8649=ORIENTED_EDGE('',*,*,#6436,.F.);
#8650=ORIENTED_EDGE('',*,*,#6437,.T.);
#8651=ORIENTED_EDGE('',*,*,#6430,.T.);
#8652=ORIENTED_EDGE('',*,*,#6437,.F.);
#8653=ORIENTED_EDGE('',*,*,#6438,.F.);
#8654=ORIENTED_EDGE('',*,*,#6431,.T.);
#8655=ORIENTED_EDGE('',*,*,#6432,.T.);
#8656=ORIENTED_EDGE('',*,*,#6438,.T.);
#8657=ORIENTED_EDGE('',*,*,#6436,.T.);
#8658=ORIENTED_EDGE('',*,*,#6434,.T.);
#8659=ORIENTED_EDGE('',*,*,#6439,.F.);
#8660=ORIENTED_EDGE('',*,*,#6440,.T.);
#8661=ORIENTED_EDGE('',*,*,#6441,.T.);
#8662=ORIENTED_EDGE('',*,*,#6442,.T.);
#8663=ORIENTED_EDGE('',*,*,#6443,.F.);
#8664=ORIENTED_EDGE('',*,*,#6442,.F.);
#8665=ORIENTED_EDGE('',*,*,#6444,.T.);
#8666=ORIENTED_EDGE('',*,*,#6445,.T.);
#8667=ORIENTED_EDGE('',*,*,#6441,.F.);
#8668=ORIENTED_EDGE('',*,*,#6446,.F.);
#8669=ORIENTED_EDGE('',*,*,#6447,.F.);
#8670=ORIENTED_EDGE('',*,*,#6444,.F.);
#8671=ORIENTED_EDGE('',*,*,#6448,.F.);
#8672=ORIENTED_EDGE('',*,*,#6445,.F.);
#8673=ORIENTED_EDGE('',*,*,#6447,.T.);
#8674=ORIENTED_EDGE('',*,*,#6449,.T.);
#8675=ORIENTED_EDGE('',*,*,#6450,.F.);
#8676=ORIENTED_EDGE('',*,*,#6449,.F.);
#8677=ORIENTED_EDGE('',*,*,#6446,.T.);
#8678=ORIENTED_EDGE('',*,*,#6440,.F.);
#8679=ORIENTED_EDGE('',*,*,#6448,.T.);
#8680=ORIENTED_EDGE('',*,*,#6450,.T.);
#8681=ORIENTED_EDGE('',*,*,#6439,.T.);
#8682=ORIENTED_EDGE('',*,*,#6443,.T.);
#8683=ORIENTED_EDGE('',*,*,#6451,.F.);
#8684=ORIENTED_EDGE('',*,*,#6452,.T.);
#8685=ORIENTED_EDGE('',*,*,#6453,.T.);
#8686=ORIENTED_EDGE('',*,*,#6454,.T.);
#8687=ORIENTED_EDGE('',*,*,#6455,.F.);
#8688=ORIENTED_EDGE('',*,*,#6454,.F.);
#8689=ORIENTED_EDGE('',*,*,#6456,.T.);
#8690=ORIENTED_EDGE('',*,*,#6457,.T.);
#8691=ORIENTED_EDGE('',*,*,#6453,.F.);
#8692=ORIENTED_EDGE('',*,*,#6458,.T.);
#8693=ORIENTED_EDGE('',*,*,#6459,.F.);
#8694=ORIENTED_EDGE('',*,*,#6456,.F.);
#8695=ORIENTED_EDGE('',*,*,#6460,.F.);
#8696=ORIENTED_EDGE('',*,*,#6457,.F.);
#8697=ORIENTED_EDGE('',*,*,#6459,.T.);
#8698=ORIENTED_EDGE('',*,*,#6461,.T.);
#8699=ORIENTED_EDGE('',*,*,#6462,.F.);
#8700=ORIENTED_EDGE('',*,*,#6461,.F.);
#8701=ORIENTED_EDGE('',*,*,#6458,.F.);
#8702=ORIENTED_EDGE('',*,*,#6452,.F.);
#8703=ORIENTED_EDGE('',*,*,#6460,.T.);
#8704=ORIENTED_EDGE('',*,*,#6462,.T.);
#8705=ORIENTED_EDGE('',*,*,#6451,.T.);
#8706=ORIENTED_EDGE('',*,*,#6455,.T.);
#8707=ORIENTED_EDGE('',*,*,#6463,.F.);
#8708=ORIENTED_EDGE('',*,*,#6464,.T.);
#8709=ORIENTED_EDGE('',*,*,#6465,.T.);
#8710=ORIENTED_EDGE('',*,*,#6466,.T.);
#8711=ORIENTED_EDGE('',*,*,#6465,.F.);
#8712=ORIENTED_EDGE('',*,*,#6467,.T.);
#8713=ORIENTED_EDGE('',*,*,#6468,.F.);
#8714=ORIENTED_EDGE('',*,*,#6469,.F.);
#8715=ORIENTED_EDGE('',*,*,#6470,.F.);
#8716=ORIENTED_EDGE('',*,*,#6471,.F.);
#8717=ORIENTED_EDGE('',*,*,#6467,.F.);
#8718=ORIENTED_EDGE('',*,*,#6464,.F.);
#8719=ORIENTED_EDGE('',*,*,#6472,.F.);
#8720=ORIENTED_EDGE('',*,*,#6466,.F.);
#8721=ORIENTED_EDGE('',*,*,#6469,.T.);
#8722=ORIENTED_EDGE('',*,*,#6473,.T.);
#8723=ORIENTED_EDGE('',*,*,#6474,.F.);
#8724=ORIENTED_EDGE('',*,*,#6473,.F.);
#8725=ORIENTED_EDGE('',*,*,#6468,.T.);
#8726=ORIENTED_EDGE('',*,*,#6471,.T.);
#8727=ORIENTED_EDGE('',*,*,#6472,.T.);
#8728=ORIENTED_EDGE('',*,*,#6474,.T.);
#8729=ORIENTED_EDGE('',*,*,#6470,.T.);
#8730=ORIENTED_EDGE('',*,*,#6463,.T.);
#8731=ORIENTED_EDGE('',*,*,#6475,.F.);
#8732=ORIENTED_EDGE('',*,*,#6476,.T.);
#8733=ORIENTED_EDGE('',*,*,#6477,.T.);
#8734=ORIENTED_EDGE('',*,*,#6478,.T.);
#8735=ORIENTED_EDGE('',*,*,#6479,.F.);
#8736=ORIENTED_EDGE('',*,*,#6480,.F.);
#8737=ORIENTED_EDGE('',*,*,#6481,.F.);
#8738=ORIENTED_EDGE('',*,*,#6476,.F.);
#8739=ORIENTED_EDGE('',*,*,#6477,.F.);
#8740=ORIENTED_EDGE('',*,*,#6481,.T.);
#8741=ORIENTED_EDGE('',*,*,#6482,.F.);
#8742=ORIENTED_EDGE('',*,*,#6483,.F.);
#8743=ORIENTED_EDGE('',*,*,#6484,.F.);
#8744=ORIENTED_EDGE('',*,*,#6478,.F.);
#8745=ORIENTED_EDGE('',*,*,#6483,.T.);
#8746=ORIENTED_EDGE('',*,*,#6485,.T.);
#8747=ORIENTED_EDGE('',*,*,#6486,.F.);
#8748=ORIENTED_EDGE('',*,*,#6485,.F.);
#8749=ORIENTED_EDGE('',*,*,#6482,.T.);
#8750=ORIENTED_EDGE('',*,*,#6480,.T.);
#8751=ORIENTED_EDGE('',*,*,#6484,.T.);
#8752=ORIENTED_EDGE('',*,*,#6486,.T.);
#8753=ORIENTED_EDGE('',*,*,#6479,.T.);
#8754=ORIENTED_EDGE('',*,*,#6475,.T.);
#8755=ORIENTED_EDGE('',*,*,#6487,.F.);
#8756=ORIENTED_EDGE('',*,*,#6488,.T.);
#8757=ORIENTED_EDGE('',*,*,#6489,.T.);
#8758=ORIENTED_EDGE('',*,*,#6490,.T.);
#8759=ORIENTED_EDGE('',*,*,#6491,.F.);
#8760=ORIENTED_EDGE('',*,*,#6490,.F.);
#8761=ORIENTED_EDGE('',*,*,#6492,.T.);
#8762=ORIENTED_EDGE('',*,*,#6493,.T.);
#8763=ORIENTED_EDGE('',*,*,#6489,.F.);
#8764=ORIENTED_EDGE('',*,*,#6494,.T.);
#8765=ORIENTED_EDGE('',*,*,#6495,.F.);
#8766=ORIENTED_EDGE('',*,*,#6492,.F.);
#8767=ORIENTED_EDGE('',*,*,#6496,.F.);
#8768=ORIENTED_EDGE('',*,*,#6493,.F.);
#8769=ORIENTED_EDGE('',*,*,#6495,.T.);
#8770=ORIENTED_EDGE('',*,*,#6497,.T.);
#8771=ORIENTED_EDGE('',*,*,#6498,.F.);
#8772=ORIENTED_EDGE('',*,*,#6497,.F.);
#8773=ORIENTED_EDGE('',*,*,#6494,.F.);
#8774=ORIENTED_EDGE('',*,*,#6488,.F.);
#8775=ORIENTED_EDGE('',*,*,#6496,.T.);
#8776=ORIENTED_EDGE('',*,*,#6498,.T.);
#8777=ORIENTED_EDGE('',*,*,#6487,.T.);
#8778=ORIENTED_EDGE('',*,*,#6491,.T.);
#8779=ORIENTED_EDGE('',*,*,#6499,.F.);
#8780=ORIENTED_EDGE('',*,*,#6500,.T.);
#8781=ORIENTED_EDGE('',*,*,#6501,.T.);
#8782=ORIENTED_EDGE('',*,*,#6502,.T.);
#8783=ORIENTED_EDGE('',*,*,#6503,.F.);
#8784=ORIENTED_EDGE('',*,*,#6504,.F.);
#8785=ORIENTED_EDGE('',*,*,#6505,.F.);
#8786=ORIENTED_EDGE('',*,*,#6500,.F.);
#8787=ORIENTED_EDGE('',*,*,#6501,.F.);
#8788=ORIENTED_EDGE('',*,*,#6505,.T.);
#8789=ORIENTED_EDGE('',*,*,#6506,.F.);
#8790=ORIENTED_EDGE('',*,*,#6507,.F.);
#8791=ORIENTED_EDGE('',*,*,#6508,.F.);
#8792=ORIENTED_EDGE('',*,*,#6502,.F.);
#8793=ORIENTED_EDGE('',*,*,#6507,.T.);
#8794=ORIENTED_EDGE('',*,*,#6509,.T.);
#8795=ORIENTED_EDGE('',*,*,#6510,.F.);
#8796=ORIENTED_EDGE('',*,*,#6509,.F.);
#8797=ORIENTED_EDGE('',*,*,#6506,.T.);
#8798=ORIENTED_EDGE('',*,*,#6504,.T.);
#8799=ORIENTED_EDGE('',*,*,#6508,.T.);
#8800=ORIENTED_EDGE('',*,*,#6510,.T.);
#8801=ORIENTED_EDGE('',*,*,#6503,.T.);
#8802=ORIENTED_EDGE('',*,*,#6499,.T.);
#8803=ORIENTED_EDGE('',*,*,#6511,.F.);
#8804=ORIENTED_EDGE('',*,*,#6512,.T.);
#8805=ORIENTED_EDGE('',*,*,#6513,.T.);
#8806=ORIENTED_EDGE('',*,*,#6514,.T.);
#8807=ORIENTED_EDGE('',*,*,#6515,.F.);
#8808=ORIENTED_EDGE('',*,*,#6516,.F.);
#8809=ORIENTED_EDGE('',*,*,#6517,.F.);
#8810=ORIENTED_EDGE('',*,*,#6512,.F.);
#8811=ORIENTED_EDGE('',*,*,#6513,.F.);
#8812=ORIENTED_EDGE('',*,*,#6517,.T.);
#8813=ORIENTED_EDGE('',*,*,#6518,.F.);
#8814=ORIENTED_EDGE('',*,*,#6519,.F.);
#8815=ORIENTED_EDGE('',*,*,#6520,.F.);
#8816=ORIENTED_EDGE('',*,*,#6514,.F.);
#8817=ORIENTED_EDGE('',*,*,#6519,.T.);
#8818=ORIENTED_EDGE('',*,*,#6521,.T.);
#8819=ORIENTED_EDGE('',*,*,#6522,.F.);
#8820=ORIENTED_EDGE('',*,*,#6521,.F.);
#8821=ORIENTED_EDGE('',*,*,#6518,.T.);
#8822=ORIENTED_EDGE('',*,*,#6516,.T.);
#8823=ORIENTED_EDGE('',*,*,#6520,.T.);
#8824=ORIENTED_EDGE('',*,*,#6522,.T.);
#8825=ORIENTED_EDGE('',*,*,#6515,.T.);
#8826=ORIENTED_EDGE('',*,*,#6511,.T.);
#8827=ORIENTED_EDGE('',*,*,#6523,.F.);
#8828=ORIENTED_EDGE('',*,*,#6524,.T.);
#8829=ORIENTED_EDGE('',*,*,#6525,.T.);
#8830=ORIENTED_EDGE('',*,*,#6526,.T.);
#8831=ORIENTED_EDGE('',*,*,#6527,.F.);
#8832=ORIENTED_EDGE('',*,*,#6528,.F.);
#8833=ORIENTED_EDGE('',*,*,#6529,.F.);
#8834=ORIENTED_EDGE('',*,*,#6524,.F.);
#8835=ORIENTED_EDGE('',*,*,#6525,.F.);
#8836=ORIENTED_EDGE('',*,*,#6529,.T.);
#8837=ORIENTED_EDGE('',*,*,#6530,.F.);
#8838=ORIENTED_EDGE('',*,*,#6531,.F.);
#8839=ORIENTED_EDGE('',*,*,#6532,.F.);
#8840=ORIENTED_EDGE('',*,*,#6526,.F.);
#8841=ORIENTED_EDGE('',*,*,#6531,.T.);
#8842=ORIENTED_EDGE('',*,*,#6533,.T.);
#8843=ORIENTED_EDGE('',*,*,#6534,.F.);
#8844=ORIENTED_EDGE('',*,*,#6533,.F.);
#8845=ORIENTED_EDGE('',*,*,#6530,.T.);
#8846=ORIENTED_EDGE('',*,*,#6528,.T.);
#8847=ORIENTED_EDGE('',*,*,#6532,.T.);
#8848=ORIENTED_EDGE('',*,*,#6534,.T.);
#8849=ORIENTED_EDGE('',*,*,#6527,.T.);
#8850=ORIENTED_EDGE('',*,*,#6523,.T.);
#8851=ORIENTED_EDGE('',*,*,#6535,.T.);
#8852=ORIENTED_EDGE('',*,*,#6536,.F.);
#8853=ORIENTED_EDGE('',*,*,#6537,.F.);
#8854=ORIENTED_EDGE('',*,*,#6538,.T.);
#8855=ORIENTED_EDGE('',*,*,#6539,.F.);
#8856=ORIENTED_EDGE('',*,*,#6540,.T.);
#8857=ORIENTED_EDGE('',*,*,#6537,.T.);
#8858=ORIENTED_EDGE('',*,*,#6541,.T.);
#8859=ORIENTED_EDGE('',*,*,#6542,.F.);
#8860=ORIENTED_EDGE('',*,*,#6541,.F.);
#8861=ORIENTED_EDGE('',*,*,#6536,.T.);
#8862=ORIENTED_EDGE('',*,*,#6543,.T.);
#8863=ORIENTED_EDGE('',*,*,#6544,.F.);
#8864=ORIENTED_EDGE('',*,*,#6543,.F.);
#8865=ORIENTED_EDGE('',*,*,#6535,.F.);
#8866=ORIENTED_EDGE('',*,*,#6545,.F.);
#8867=ORIENTED_EDGE('',*,*,#6546,.F.);
#8868=ORIENTED_EDGE('',*,*,#6545,.T.);
#8869=ORIENTED_EDGE('',*,*,#6538,.F.);
#8870=ORIENTED_EDGE('',*,*,#6540,.F.);
#8871=ORIENTED_EDGE('',*,*,#6544,.T.);
#8872=ORIENTED_EDGE('',*,*,#6546,.T.);
#8873=ORIENTED_EDGE('',*,*,#6539,.T.);
#8874=ORIENTED_EDGE('',*,*,#6542,.T.);
#8875=ORIENTED_EDGE('',*,*,#6547,.F.);
#8876=ORIENTED_EDGE('',*,*,#6548,.T.);
#8877=ORIENTED_EDGE('',*,*,#6549,.T.);
#8878=ORIENTED_EDGE('',*,*,#6550,.T.);
#8879=ORIENTED_EDGE('',*,*,#6549,.F.);
#8880=ORIENTED_EDGE('',*,*,#6551,.T.);
#8881=ORIENTED_EDGE('',*,*,#6552,.T.);
#8882=ORIENTED_EDGE('',*,*,#6553,.F.);
#8883=ORIENTED_EDGE('',*,*,#6554,.F.);
#8884=ORIENTED_EDGE('',*,*,#6555,.T.);
#8885=ORIENTED_EDGE('',*,*,#6551,.F.);
#8886=ORIENTED_EDGE('',*,*,#6548,.F.);
#8887=ORIENTED_EDGE('',*,*,#6556,.F.);
#8888=ORIENTED_EDGE('',*,*,#6550,.F.);
#8889=ORIENTED_EDGE('',*,*,#6553,.T.);
#8890=ORIENTED_EDGE('',*,*,#6557,.T.);
#8891=ORIENTED_EDGE('',*,*,#6558,.F.);
#8892=ORIENTED_EDGE('',*,*,#6557,.F.);
#8893=ORIENTED_EDGE('',*,*,#6552,.F.);
#8894=ORIENTED_EDGE('',*,*,#6555,.F.);
#8895=ORIENTED_EDGE('',*,*,#6556,.T.);
#8896=ORIENTED_EDGE('',*,*,#6558,.T.);
#8897=ORIENTED_EDGE('',*,*,#6554,.T.);
#8898=ORIENTED_EDGE('',*,*,#6547,.T.);
#8899=ORIENTED_EDGE('',*,*,#6559,.F.);
#8900=ORIENTED_EDGE('',*,*,#6560,.T.);
#8901=ORIENTED_EDGE('',*,*,#6561,.T.);
#8902=ORIENTED_EDGE('',*,*,#6562,.T.);
#8903=ORIENTED_EDGE('',*,*,#6563,.F.);
#8904=ORIENTED_EDGE('',*,*,#6564,.T.);
#8905=ORIENTED_EDGE('',*,*,#6565,.F.);
#8906=ORIENTED_EDGE('',*,*,#6560,.F.);
#8907=ORIENTED_EDGE('',*,*,#6561,.F.);
#8908=ORIENTED_EDGE('',*,*,#6565,.T.);
#8909=ORIENTED_EDGE('',*,*,#6566,.T.);
#8910=ORIENTED_EDGE('',*,*,#6567,.F.);
#8911=ORIENTED_EDGE('',*,*,#6568,.F.);
#8912=ORIENTED_EDGE('',*,*,#6562,.F.);
#8913=ORIENTED_EDGE('',*,*,#6567,.T.);
#8914=ORIENTED_EDGE('',*,*,#6569,.T.);
#8915=ORIENTED_EDGE('',*,*,#6570,.F.);
#8916=ORIENTED_EDGE('',*,*,#6569,.F.);
#8917=ORIENTED_EDGE('',*,*,#6566,.F.);
#8918=ORIENTED_EDGE('',*,*,#6564,.F.);
#8919=ORIENTED_EDGE('',*,*,#6568,.T.);
#8920=ORIENTED_EDGE('',*,*,#6570,.T.);
#8921=ORIENTED_EDGE('',*,*,#6563,.T.);
#8922=ORIENTED_EDGE('',*,*,#6559,.T.);
#8923=ORIENTED_EDGE('',*,*,#6571,.F.);
#8924=ORIENTED_EDGE('',*,*,#6572,.F.);
#8925=ORIENTED_EDGE('',*,*,#6573,.T.);
#8926=ORIENTED_EDGE('',*,*,#6574,.T.);
#8927=ORIENTED_EDGE('',*,*,#6575,.F.);
#8928=ORIENTED_EDGE('',*,*,#6576,.T.);
#8929=ORIENTED_EDGE('',*,*,#6577,.T.);
#8930=ORIENTED_EDGE('',*,*,#6573,.F.);
#8931=ORIENTED_EDGE('',*,*,#6578,.F.);
#8932=ORIENTED_EDGE('',*,*,#6574,.F.);
#8933=ORIENTED_EDGE('',*,*,#6577,.F.);
#8934=ORIENTED_EDGE('',*,*,#6579,.F.);
#8935=ORIENTED_EDGE('',*,*,#6580,.F.);
#8936=ORIENTED_EDGE('',*,*,#6579,.T.);
#8937=ORIENTED_EDGE('',*,*,#6576,.F.);
#8938=ORIENTED_EDGE('',*,*,#6581,.F.);
#8939=ORIENTED_EDGE('',*,*,#6582,.F.);
#8940=ORIENTED_EDGE('',*,*,#6581,.T.);
#8941=ORIENTED_EDGE('',*,*,#6575,.T.);
#8942=ORIENTED_EDGE('',*,*,#6572,.T.);
#8943=ORIENTED_EDGE('',*,*,#6580,.T.);
#8944=ORIENTED_EDGE('',*,*,#6582,.T.);
#8945=ORIENTED_EDGE('',*,*,#6571,.T.);
#8946=ORIENTED_EDGE('',*,*,#6578,.T.);
#8947=ORIENTED_EDGE('',*,*,#6583,.F.);
#8948=ORIENTED_EDGE('',*,*,#6584,.T.);
#8949=ORIENTED_EDGE('',*,*,#6585,.T.);
#8950=ORIENTED_EDGE('',*,*,#6586,.T.);
#8951=ORIENTED_EDGE('',*,*,#6587,.T.);
#8952=ORIENTED_EDGE('',*,*,#6588,.F.);
#8953=ORIENTED_EDGE('',*,*,#6585,.F.);
#8954=ORIENTED_EDGE('',*,*,#6589,.T.);
#8955=ORIENTED_EDGE('',*,*,#6590,.F.);
#8956=ORIENTED_EDGE('',*,*,#6586,.F.);
#8957=ORIENTED_EDGE('',*,*,#6588,.T.);
#8958=ORIENTED_EDGE('',*,*,#6591,.T.);
#8959=ORIENTED_EDGE('',*,*,#6592,.F.);
#8960=ORIENTED_EDGE('',*,*,#6591,.F.);
#8961=ORIENTED_EDGE('',*,*,#6587,.F.);
#8962=ORIENTED_EDGE('',*,*,#6593,.F.);
#8963=ORIENTED_EDGE('',*,*,#6594,.F.);
#8964=ORIENTED_EDGE('',*,*,#6593,.T.);
#8965=ORIENTED_EDGE('',*,*,#6589,.F.);
#8966=ORIENTED_EDGE('',*,*,#6584,.F.);
#8967=ORIENTED_EDGE('',*,*,#6592,.T.);
#8968=ORIENTED_EDGE('',*,*,#6594,.T.);
#8969=ORIENTED_EDGE('',*,*,#6583,.T.);
#8970=ORIENTED_EDGE('',*,*,#6590,.T.);
#8971=ORIENTED_EDGE('',*,*,#6595,.F.);
#8972=ORIENTED_EDGE('',*,*,#6596,.T.);
#8973=ORIENTED_EDGE('',*,*,#6597,.T.);
#8974=ORIENTED_EDGE('',*,*,#6598,.T.);
#8975=ORIENTED_EDGE('',*,*,#6599,.F.);
#8976=ORIENTED_EDGE('',*,*,#6598,.F.);
#8977=ORIENTED_EDGE('',*,*,#6600,.T.);
#8978=ORIENTED_EDGE('',*,*,#6601,.T.);
#8979=ORIENTED_EDGE('',*,*,#6602,.T.);
#8980=ORIENTED_EDGE('',*,*,#6600,.F.);
#8981=ORIENTED_EDGE('',*,*,#6597,.F.);
#8982=ORIENTED_EDGE('',*,*,#6603,.T.);
#8983=ORIENTED_EDGE('',*,*,#6604,.F.);
#8984=ORIENTED_EDGE('',*,*,#6601,.F.);
#8985=ORIENTED_EDGE('',*,*,#6602,.F.);
#8986=ORIENTED_EDGE('',*,*,#6605,.F.);
#8987=ORIENTED_EDGE('',*,*,#6606,.F.);
#8988=ORIENTED_EDGE('',*,*,#6605,.T.);
#8989=ORIENTED_EDGE('',*,*,#6603,.F.);
#8990=ORIENTED_EDGE('',*,*,#6596,.F.);
#8991=ORIENTED_EDGE('',*,*,#6604,.T.);
#8992=ORIENTED_EDGE('',*,*,#6606,.T.);
#8993=ORIENTED_EDGE('',*,*,#6595,.T.);
#8994=ORIENTED_EDGE('',*,*,#6599,.T.);
#8995=ORIENTED_EDGE('',*,*,#6607,.F.);
#8996=ORIENTED_EDGE('',*,*,#6608,.T.);
#8997=ORIENTED_EDGE('',*,*,#6609,.T.);
#8998=ORIENTED_EDGE('',*,*,#6610,.T.);
#8999=ORIENTED_EDGE('',*,*,#6611,.F.);
#9000=ORIENTED_EDGE('',*,*,#6610,.F.);
#9001=ORIENTED_EDGE('',*,*,#6612,.T.);
#9002=ORIENTED_EDGE('',*,*,#6613,.T.);
#9003=ORIENTED_EDGE('',*,*,#6614,.T.);
#9004=ORIENTED_EDGE('',*,*,#6612,.F.);
#9005=ORIENTED_EDGE('',*,*,#6609,.F.);
#9006=ORIENTED_EDGE('',*,*,#6615,.T.);
#9007=ORIENTED_EDGE('',*,*,#6616,.F.);
#9008=ORIENTED_EDGE('',*,*,#6613,.F.);
#9009=ORIENTED_EDGE('',*,*,#6614,.F.);
#9010=ORIENTED_EDGE('',*,*,#6617,.F.);
#9011=ORIENTED_EDGE('',*,*,#6618,.F.);
#9012=ORIENTED_EDGE('',*,*,#6617,.T.);
#9013=ORIENTED_EDGE('',*,*,#6615,.F.);
#9014=ORIENTED_EDGE('',*,*,#6608,.F.);
#9015=ORIENTED_EDGE('',*,*,#6616,.T.);
#9016=ORIENTED_EDGE('',*,*,#6618,.T.);
#9017=ORIENTED_EDGE('',*,*,#6607,.T.);
#9018=ORIENTED_EDGE('',*,*,#6611,.T.);
#9019=ORIENTED_EDGE('',*,*,#6619,.T.);
#9020=ORIENTED_EDGE('',*,*,#6620,.F.);
#9021=ORIENTED_EDGE('',*,*,#6621,.F.);
#9022=ORIENTED_EDGE('',*,*,#6622,.T.);
#9023=ORIENTED_EDGE('',*,*,#6623,.F.);
#9024=ORIENTED_EDGE('',*,*,#6624,.T.);
#9025=ORIENTED_EDGE('',*,*,#6621,.T.);
#9026=ORIENTED_EDGE('',*,*,#6625,.F.);
#9027=ORIENTED_EDGE('',*,*,#6626,.F.);
#9028=ORIENTED_EDGE('',*,*,#6625,.T.);
#9029=ORIENTED_EDGE('',*,*,#6620,.T.);
#9030=ORIENTED_EDGE('',*,*,#6627,.T.);
#9031=ORIENTED_EDGE('',*,*,#6628,.F.);
#9032=ORIENTED_EDGE('',*,*,#6627,.F.);
#9033=ORIENTED_EDGE('',*,*,#6619,.F.);
#9034=ORIENTED_EDGE('',*,*,#6629,.F.);
#9035=ORIENTED_EDGE('',*,*,#6630,.F.);
#9036=ORIENTED_EDGE('',*,*,#6629,.T.);
#9037=ORIENTED_EDGE('',*,*,#6622,.F.);
#9038=ORIENTED_EDGE('',*,*,#6624,.F.);
#9039=ORIENTED_EDGE('',*,*,#6628,.T.);
#9040=ORIENTED_EDGE('',*,*,#6630,.T.);
#9041=ORIENTED_EDGE('',*,*,#6623,.T.);
#9042=ORIENTED_EDGE('',*,*,#6626,.T.);
#9043=ORIENTED_EDGE('',*,*,#6631,.F.);
#9044=ORIENTED_EDGE('',*,*,#6632,.T.);
#9045=ORIENTED_EDGE('',*,*,#6633,.T.);
#9046=ORIENTED_EDGE('',*,*,#6634,.T.);
#9047=ORIENTED_EDGE('',*,*,#6633,.F.);
#9048=ORIENTED_EDGE('',*,*,#6635,.T.);
#9049=ORIENTED_EDGE('',*,*,#6636,.T.);
#9050=ORIENTED_EDGE('',*,*,#6637,.F.);
#9051=ORIENTED_EDGE('',*,*,#6638,.F.);
#9052=ORIENTED_EDGE('',*,*,#6639,.T.);
#9053=ORIENTED_EDGE('',*,*,#6635,.F.);
#9054=ORIENTED_EDGE('',*,*,#6632,.F.);
#9055=ORIENTED_EDGE('',*,*,#6640,.F.);
#9056=ORIENTED_EDGE('',*,*,#6634,.F.);
#9057=ORIENTED_EDGE('',*,*,#6637,.T.);
#9058=ORIENTED_EDGE('',*,*,#6641,.T.);
#9059=ORIENTED_EDGE('',*,*,#6642,.F.);
#9060=ORIENTED_EDGE('',*,*,#6641,.F.);
#9061=ORIENTED_EDGE('',*,*,#6636,.F.);
#9062=ORIENTED_EDGE('',*,*,#6639,.F.);
#9063=ORIENTED_EDGE('',*,*,#6640,.T.);
#9064=ORIENTED_EDGE('',*,*,#6642,.T.);
#9065=ORIENTED_EDGE('',*,*,#6638,.T.);
#9066=ORIENTED_EDGE('',*,*,#6631,.T.);
#9067=ORIENTED_EDGE('',*,*,#6643,.F.);
#9068=ORIENTED_EDGE('',*,*,#6644,.T.);
#9069=ORIENTED_EDGE('',*,*,#6645,.T.);
#9070=ORIENTED_EDGE('',*,*,#6646,.T.);
#9071=ORIENTED_EDGE('',*,*,#6647,.F.);
#9072=ORIENTED_EDGE('',*,*,#6648,.T.);
#9073=ORIENTED_EDGE('',*,*,#6649,.F.);
#9074=ORIENTED_EDGE('',*,*,#6644,.F.);
#9075=ORIENTED_EDGE('',*,*,#6645,.F.);
#9076=ORIENTED_EDGE('',*,*,#6649,.T.);
#9077=ORIENTED_EDGE('',*,*,#6650,.T.);
#9078=ORIENTED_EDGE('',*,*,#6651,.F.);
#9079=ORIENTED_EDGE('',*,*,#6652,.F.);
#9080=ORIENTED_EDGE('',*,*,#6646,.F.);
#9081=ORIENTED_EDGE('',*,*,#6651,.T.);
#9082=ORIENTED_EDGE('',*,*,#6653,.T.);
#9083=ORIENTED_EDGE('',*,*,#6654,.F.);
#9084=ORIENTED_EDGE('',*,*,#6653,.F.);
#9085=ORIENTED_EDGE('',*,*,#6650,.F.);
#9086=ORIENTED_EDGE('',*,*,#6648,.F.);
#9087=ORIENTED_EDGE('',*,*,#6652,.T.);
#9088=ORIENTED_EDGE('',*,*,#6654,.T.);
#9089=ORIENTED_EDGE('',*,*,#6647,.T.);
#9090=ORIENTED_EDGE('',*,*,#6643,.T.);
#9091=ORIENTED_EDGE('',*,*,#6655,.F.);
#9092=ORIENTED_EDGE('',*,*,#6656,.F.);
#9093=ORIENTED_EDGE('',*,*,#6657,.T.);
#9094=ORIENTED_EDGE('',*,*,#6658,.T.);
#9095=ORIENTED_EDGE('',*,*,#6659,.F.);
#9096=ORIENTED_EDGE('',*,*,#6660,.T.);
#9097=ORIENTED_EDGE('',*,*,#6661,.T.);
#9098=ORIENTED_EDGE('',*,*,#6657,.F.);
#9099=ORIENTED_EDGE('',*,*,#6662,.F.);
#9100=ORIENTED_EDGE('',*,*,#6658,.F.);
#9101=ORIENTED_EDGE('',*,*,#6661,.F.);
#9102=ORIENTED_EDGE('',*,*,#6663,.F.);
#9103=ORIENTED_EDGE('',*,*,#6664,.F.);
#9104=ORIENTED_EDGE('',*,*,#6663,.T.);
#9105=ORIENTED_EDGE('',*,*,#6660,.F.);
#9106=ORIENTED_EDGE('',*,*,#6665,.F.);
#9107=ORIENTED_EDGE('',*,*,#6666,.F.);
#9108=ORIENTED_EDGE('',*,*,#6665,.T.);
#9109=ORIENTED_EDGE('',*,*,#6659,.T.);
#9110=ORIENTED_EDGE('',*,*,#6656,.T.);
#9111=ORIENTED_EDGE('',*,*,#6664,.T.);
#9112=ORIENTED_EDGE('',*,*,#6666,.T.);
#9113=ORIENTED_EDGE('',*,*,#6655,.T.);
#9114=ORIENTED_EDGE('',*,*,#6662,.T.);
#9115=ORIENTED_EDGE('',*,*,#6667,.F.);
#9116=ORIENTED_EDGE('',*,*,#6668,.T.);
#9117=ORIENTED_EDGE('',*,*,#6669,.T.);
#9118=ORIENTED_EDGE('',*,*,#6670,.T.);
#9119=ORIENTED_EDGE('',*,*,#6671,.T.);
#9120=ORIENTED_EDGE('',*,*,#6672,.F.);
#9121=ORIENTED_EDGE('',*,*,#6669,.F.);
#9122=ORIENTED_EDGE('',*,*,#6673,.T.);
#9123=ORIENTED_EDGE('',*,*,#6674,.F.);
#9124=ORIENTED_EDGE('',*,*,#6670,.F.);
#9125=ORIENTED_EDGE('',*,*,#6672,.T.);
#9126=ORIENTED_EDGE('',*,*,#6675,.T.);
#9127=ORIENTED_EDGE('',*,*,#6676,.F.);
#9128=ORIENTED_EDGE('',*,*,#6675,.F.);
#9129=ORIENTED_EDGE('',*,*,#6671,.F.);
#9130=ORIENTED_EDGE('',*,*,#6677,.F.);
#9131=ORIENTED_EDGE('',*,*,#6678,.F.);
#9132=ORIENTED_EDGE('',*,*,#6677,.T.);
#9133=ORIENTED_EDGE('',*,*,#6673,.F.);
#9134=ORIENTED_EDGE('',*,*,#6668,.F.);
#9135=ORIENTED_EDGE('',*,*,#6676,.T.);
#9136=ORIENTED_EDGE('',*,*,#6678,.T.);
#9137=ORIENTED_EDGE('',*,*,#6667,.T.);
#9138=ORIENTED_EDGE('',*,*,#6674,.T.);
#9139=ORIENTED_EDGE('',*,*,#6679,.F.);
#9140=ORIENTED_EDGE('',*,*,#6680,.T.);
#9141=ORIENTED_EDGE('',*,*,#6681,.T.);
#9142=ORIENTED_EDGE('',*,*,#6682,.T.);
#9143=ORIENTED_EDGE('',*,*,#6683,.F.);
#9144=ORIENTED_EDGE('',*,*,#6682,.F.);
#9145=ORIENTED_EDGE('',*,*,#6684,.T.);
#9146=ORIENTED_EDGE('',*,*,#6685,.T.);
#9147=ORIENTED_EDGE('',*,*,#6686,.T.);
#9148=ORIENTED_EDGE('',*,*,#6684,.F.);
#9149=ORIENTED_EDGE('',*,*,#6681,.F.);
#9150=ORIENTED_EDGE('',*,*,#6687,.T.);
#9151=ORIENTED_EDGE('',*,*,#6688,.F.);
#9152=ORIENTED_EDGE('',*,*,#6685,.F.);
#9153=ORIENTED_EDGE('',*,*,#6686,.F.);
#9154=ORIENTED_EDGE('',*,*,#6689,.F.);
#9155=ORIENTED_EDGE('',*,*,#6690,.F.);
#9156=ORIENTED_EDGE('',*,*,#6689,.T.);
#9157=ORIENTED_EDGE('',*,*,#6687,.F.);
#9158=ORIENTED_EDGE('',*,*,#6680,.F.);
#9159=ORIENTED_EDGE('',*,*,#6688,.T.);
#9160=ORIENTED_EDGE('',*,*,#6690,.T.);
#9161=ORIENTED_EDGE('',*,*,#6679,.T.);
#9162=ORIENTED_EDGE('',*,*,#6683,.T.);
#9163=ORIENTED_EDGE('',*,*,#6691,.F.);
#9164=ORIENTED_EDGE('',*,*,#6692,.T.);
#9165=ORIENTED_EDGE('',*,*,#6693,.T.);
#9166=ORIENTED_EDGE('',*,*,#6694,.T.);
#9167=ORIENTED_EDGE('',*,*,#6695,.F.);
#9168=ORIENTED_EDGE('',*,*,#6694,.F.);
#9169=ORIENTED_EDGE('',*,*,#6696,.T.);
#9170=ORIENTED_EDGE('',*,*,#6697,.T.);
#9171=ORIENTED_EDGE('',*,*,#6698,.T.);
#9172=ORIENTED_EDGE('',*,*,#6696,.F.);
#9173=ORIENTED_EDGE('',*,*,#6693,.F.);
#9174=ORIENTED_EDGE('',*,*,#6699,.T.);
#9175=ORIENTED_EDGE('',*,*,#6700,.F.);
#9176=ORIENTED_EDGE('',*,*,#6697,.F.);
#9177=ORIENTED_EDGE('',*,*,#6698,.F.);
#9178=ORIENTED_EDGE('',*,*,#6701,.F.);
#9179=ORIENTED_EDGE('',*,*,#6702,.F.);
#9180=ORIENTED_EDGE('',*,*,#6701,.T.);
#9181=ORIENTED_EDGE('',*,*,#6699,.F.);
#9182=ORIENTED_EDGE('',*,*,#6692,.F.);
#9183=ORIENTED_EDGE('',*,*,#6700,.T.);
#9184=ORIENTED_EDGE('',*,*,#6702,.T.);
#9185=ORIENTED_EDGE('',*,*,#6691,.T.);
#9186=ORIENTED_EDGE('',*,*,#6695,.T.);
#9187=ORIENTED_EDGE('',*,*,#6703,.F.);
#9188=ORIENTED_EDGE('',*,*,#6704,.F.);
#9189=ORIENTED_EDGE('',*,*,#6705,.T.);
#9190=ORIENTED_EDGE('',*,*,#6706,.T.);
#9191=ORIENTED_EDGE('',*,*,#6707,.F.);
#9192=ORIENTED_EDGE('',*,*,#6708,.T.);
#9193=ORIENTED_EDGE('',*,*,#6709,.T.);
#9194=ORIENTED_EDGE('',*,*,#6705,.F.);
#9195=ORIENTED_EDGE('',*,*,#6710,.F.);
#9196=ORIENTED_EDGE('',*,*,#6706,.F.);
#9197=ORIENTED_EDGE('',*,*,#6709,.F.);
#9198=ORIENTED_EDGE('',*,*,#6711,.F.);
#9199=ORIENTED_EDGE('',*,*,#6712,.F.);
#9200=ORIENTED_EDGE('',*,*,#6711,.T.);
#9201=ORIENTED_EDGE('',*,*,#6708,.F.);
#9202=ORIENTED_EDGE('',*,*,#6713,.F.);
#9203=ORIENTED_EDGE('',*,*,#6714,.F.);
#9204=ORIENTED_EDGE('',*,*,#6713,.T.);
#9205=ORIENTED_EDGE('',*,*,#6707,.T.);
#9206=ORIENTED_EDGE('',*,*,#6704,.T.);
#9207=ORIENTED_EDGE('',*,*,#6712,.T.);
#9208=ORIENTED_EDGE('',*,*,#6714,.T.);
#9209=ORIENTED_EDGE('',*,*,#6703,.T.);
#9210=ORIENTED_EDGE('',*,*,#6710,.T.);
#9211=ORIENTED_EDGE('',*,*,#6715,.F.);
#9212=ORIENTED_EDGE('',*,*,#6716,.T.);
#9213=ORIENTED_EDGE('',*,*,#6717,.T.);
#9214=ORIENTED_EDGE('',*,*,#6718,.T.);
#9215=ORIENTED_EDGE('',*,*,#6717,.F.);
#9216=ORIENTED_EDGE('',*,*,#6719,.T.);
#9217=ORIENTED_EDGE('',*,*,#6720,.T.);
#9218=ORIENTED_EDGE('',*,*,#6721,.F.);
#9219=ORIENTED_EDGE('',*,*,#6722,.F.);
#9220=ORIENTED_EDGE('',*,*,#6723,.T.);
#9221=ORIENTED_EDGE('',*,*,#6719,.F.);
#9222=ORIENTED_EDGE('',*,*,#6716,.F.);
#9223=ORIENTED_EDGE('',*,*,#6724,.F.);
#9224=ORIENTED_EDGE('',*,*,#6718,.F.);
#9225=ORIENTED_EDGE('',*,*,#6721,.T.);
#9226=ORIENTED_EDGE('',*,*,#6725,.T.);
#9227=ORIENTED_EDGE('',*,*,#6726,.F.);
#9228=ORIENTED_EDGE('',*,*,#6725,.F.);
#9229=ORIENTED_EDGE('',*,*,#6720,.F.);
#9230=ORIENTED_EDGE('',*,*,#6723,.F.);
#9231=ORIENTED_EDGE('',*,*,#6724,.T.);
#9232=ORIENTED_EDGE('',*,*,#6726,.T.);
#9233=ORIENTED_EDGE('',*,*,#6722,.T.);
#9234=ORIENTED_EDGE('',*,*,#6715,.T.);
#9235=ORIENTED_EDGE('',*,*,#6727,.F.);
#9236=ORIENTED_EDGE('',*,*,#6728,.T.);
#9237=ORIENTED_EDGE('',*,*,#6729,.T.);
#9238=ORIENTED_EDGE('',*,*,#6730,.T.);
#9239=ORIENTED_EDGE('',*,*,#6731,.T.);
#9240=ORIENTED_EDGE('',*,*,#6732,.F.);
#9241=ORIENTED_EDGE('',*,*,#6729,.F.);
#9242=ORIENTED_EDGE('',*,*,#6733,.T.);
#9243=ORIENTED_EDGE('',*,*,#6734,.F.);
#9244=ORIENTED_EDGE('',*,*,#6730,.F.);
#9245=ORIENTED_EDGE('',*,*,#6732,.T.);
#9246=ORIENTED_EDGE('',*,*,#6735,.T.);
#9247=ORIENTED_EDGE('',*,*,#6736,.F.);
#9248=ORIENTED_EDGE('',*,*,#6735,.F.);
#9249=ORIENTED_EDGE('',*,*,#6731,.F.);
#9250=ORIENTED_EDGE('',*,*,#6737,.F.);
#9251=ORIENTED_EDGE('',*,*,#6738,.F.);
#9252=ORIENTED_EDGE('',*,*,#6737,.T.);
#9253=ORIENTED_EDGE('',*,*,#6733,.F.);
#9254=ORIENTED_EDGE('',*,*,#6728,.F.);
#9255=ORIENTED_EDGE('',*,*,#6736,.T.);
#9256=ORIENTED_EDGE('',*,*,#6738,.T.);
#9257=ORIENTED_EDGE('',*,*,#6727,.T.);
#9258=ORIENTED_EDGE('',*,*,#6734,.T.);
#9259=ORIENTED_EDGE('',*,*,#6739,.F.);
#9260=ORIENTED_EDGE('',*,*,#6740,.F.);
#9261=ORIENTED_EDGE('',*,*,#6741,.T.);
#9262=ORIENTED_EDGE('',*,*,#6742,.T.);
#9263=ORIENTED_EDGE('',*,*,#6743,.F.);
#9264=ORIENTED_EDGE('',*,*,#6744,.T.);
#9265=ORIENTED_EDGE('',*,*,#6745,.T.);
#9266=ORIENTED_EDGE('',*,*,#6741,.F.);
#9267=ORIENTED_EDGE('',*,*,#6746,.F.);
#9268=ORIENTED_EDGE('',*,*,#6742,.F.);
#9269=ORIENTED_EDGE('',*,*,#6745,.F.);
#9270=ORIENTED_EDGE('',*,*,#6747,.F.);
#9271=ORIENTED_EDGE('',*,*,#6748,.F.);
#9272=ORIENTED_EDGE('',*,*,#6747,.T.);
#9273=ORIENTED_EDGE('',*,*,#6744,.F.);
#9274=ORIENTED_EDGE('',*,*,#6749,.F.);
#9275=ORIENTED_EDGE('',*,*,#6750,.F.);
#9276=ORIENTED_EDGE('',*,*,#6749,.T.);
#9277=ORIENTED_EDGE('',*,*,#6743,.T.);
#9278=ORIENTED_EDGE('',*,*,#6740,.T.);
#9279=ORIENTED_EDGE('',*,*,#6748,.T.);
#9280=ORIENTED_EDGE('',*,*,#6750,.T.);
#9281=ORIENTED_EDGE('',*,*,#6739,.T.);
#9282=ORIENTED_EDGE('',*,*,#6746,.T.);
#9283=ORIENTED_EDGE('',*,*,#6751,.F.);
#9284=ORIENTED_EDGE('',*,*,#6752,.T.);
#9285=ORIENTED_EDGE('',*,*,#6753,.T.);
#9286=ORIENTED_EDGE('',*,*,#6754,.F.);
#9287=ORIENTED_EDGE('',*,*,#6755,.F.);
#9288=ORIENTED_EDGE('',*,*,#6754,.T.);
#9289=ORIENTED_EDGE('',*,*,#6756,.T.);
#9290=ORIENTED_EDGE('',*,*,#6757,.T.);
#9291=ORIENTED_EDGE('',*,*,#6758,.T.);
#9292=ORIENTED_EDGE('',*,*,#6756,.F.);
#9293=ORIENTED_EDGE('',*,*,#6753,.F.);
#9294=ORIENTED_EDGE('',*,*,#6759,.T.);
#9295=ORIENTED_EDGE('',*,*,#6760,.F.);
#9296=ORIENTED_EDGE('',*,*,#6757,.F.);
#9297=ORIENTED_EDGE('',*,*,#6758,.F.);
#9298=ORIENTED_EDGE('',*,*,#6761,.F.);
#9299=ORIENTED_EDGE('',*,*,#6762,.F.);
#9300=ORIENTED_EDGE('',*,*,#6761,.T.);
#9301=ORIENTED_EDGE('',*,*,#6759,.F.);
#9302=ORIENTED_EDGE('',*,*,#6752,.F.);
#9303=ORIENTED_EDGE('',*,*,#6760,.T.);
#9304=ORIENTED_EDGE('',*,*,#6762,.T.);
#9305=ORIENTED_EDGE('',*,*,#6751,.T.);
#9306=ORIENTED_EDGE('',*,*,#6755,.T.);
#9307=ORIENTED_EDGE('',*,*,#6763,.F.);
#9308=ORIENTED_EDGE('',*,*,#6764,.T.);
#9309=ORIENTED_EDGE('',*,*,#6765,.T.);
#9310=ORIENTED_EDGE('',*,*,#6766,.T.);
#9311=ORIENTED_EDGE('',*,*,#6767,.T.);
#9312=ORIENTED_EDGE('',*,*,#6768,.F.);
#9313=ORIENTED_EDGE('',*,*,#6765,.F.);
#9314=ORIENTED_EDGE('',*,*,#6769,.T.);
#9315=ORIENTED_EDGE('',*,*,#6770,.F.);
#9316=ORIENTED_EDGE('',*,*,#6766,.F.);
#9317=ORIENTED_EDGE('',*,*,#6768,.T.);
#9318=ORIENTED_EDGE('',*,*,#6771,.T.);
#9319=ORIENTED_EDGE('',*,*,#6772,.F.);
#9320=ORIENTED_EDGE('',*,*,#6771,.F.);
#9321=ORIENTED_EDGE('',*,*,#6767,.F.);
#9322=ORIENTED_EDGE('',*,*,#6773,.F.);
#9323=ORIENTED_EDGE('',*,*,#6774,.F.);
#9324=ORIENTED_EDGE('',*,*,#6773,.T.);
#9325=ORIENTED_EDGE('',*,*,#6769,.F.);
#9326=ORIENTED_EDGE('',*,*,#6764,.F.);
#9327=ORIENTED_EDGE('',*,*,#6772,.T.);
#9328=ORIENTED_EDGE('',*,*,#6774,.T.);
#9329=ORIENTED_EDGE('',*,*,#6763,.T.);
#9330=ORIENTED_EDGE('',*,*,#6770,.T.);
#9331=ORIENTED_EDGE('',*,*,#6775,.F.);
#9332=ORIENTED_EDGE('',*,*,#6776,.T.);
#9333=ORIENTED_EDGE('',*,*,#6777,.T.);
#9334=ORIENTED_EDGE('',*,*,#6778,.T.);
#9335=ORIENTED_EDGE('',*,*,#6779,.F.);
#9336=ORIENTED_EDGE('',*,*,#6778,.F.);
#9337=ORIENTED_EDGE('',*,*,#6780,.T.);
#9338=ORIENTED_EDGE('',*,*,#6781,.T.);
#9339=ORIENTED_EDGE('',*,*,#6782,.T.);
#9340=ORIENTED_EDGE('',*,*,#6780,.F.);
#9341=ORIENTED_EDGE('',*,*,#6777,.F.);
#9342=ORIENTED_EDGE('',*,*,#6783,.T.);
#9343=ORIENTED_EDGE('',*,*,#6784,.F.);
#9344=ORIENTED_EDGE('',*,*,#6781,.F.);
#9345=ORIENTED_EDGE('',*,*,#6782,.F.);
#9346=ORIENTED_EDGE('',*,*,#6785,.F.);
#9347=ORIENTED_EDGE('',*,*,#6786,.F.);
#9348=ORIENTED_EDGE('',*,*,#6785,.T.);
#9349=ORIENTED_EDGE('',*,*,#6783,.F.);
#9350=ORIENTED_EDGE('',*,*,#6776,.F.);
#9351=ORIENTED_EDGE('',*,*,#6784,.T.);
#9352=ORIENTED_EDGE('',*,*,#6786,.T.);
#9353=ORIENTED_EDGE('',*,*,#6775,.T.);
#9354=ORIENTED_EDGE('',*,*,#6779,.T.);
#9355=ORIENTED_EDGE('',*,*,#6787,.F.);
#9356=ORIENTED_EDGE('',*,*,#6788,.T.);
#9357=ORIENTED_EDGE('',*,*,#6789,.T.);
#9358=ORIENTED_EDGE('',*,*,#6790,.F.);
#9359=ORIENTED_EDGE('',*,*,#6791,.F.);
#9360=ORIENTED_EDGE('',*,*,#6790,.T.);
#9361=ORIENTED_EDGE('',*,*,#6792,.T.);
#9362=ORIENTED_EDGE('',*,*,#6793,.T.);
#9363=ORIENTED_EDGE('',*,*,#6794,.T.);
#9364=ORIENTED_EDGE('',*,*,#6792,.F.);
#9365=ORIENTED_EDGE('',*,*,#6789,.F.);
#9366=ORIENTED_EDGE('',*,*,#6795,.F.);
#9367=ORIENTED_EDGE('',*,*,#6796,.F.);
#9368=ORIENTED_EDGE('',*,*,#6793,.F.);
#9369=ORIENTED_EDGE('',*,*,#6794,.F.);
#9370=ORIENTED_EDGE('',*,*,#6797,.F.);
#9371=ORIENTED_EDGE('',*,*,#6798,.F.);
#9372=ORIENTED_EDGE('',*,*,#6797,.T.);
#9373=ORIENTED_EDGE('',*,*,#6795,.T.);
#9374=ORIENTED_EDGE('',*,*,#6788,.F.);
#9375=ORIENTED_EDGE('',*,*,#6796,.T.);
#9376=ORIENTED_EDGE('',*,*,#6798,.T.);
#9377=ORIENTED_EDGE('',*,*,#6787,.T.);
#9378=ORIENTED_EDGE('',*,*,#6791,.T.);
#9379=ORIENTED_EDGE('',*,*,#6799,.F.);
#9380=ORIENTED_EDGE('',*,*,#6800,.T.);
#9381=ORIENTED_EDGE('',*,*,#6801,.T.);
#9382=ORIENTED_EDGE('',*,*,#6802,.T.);
#9383=ORIENTED_EDGE('',*,*,#6801,.F.);
#9384=ORIENTED_EDGE('',*,*,#6803,.F.);
#9385=ORIENTED_EDGE('',*,*,#6804,.T.);
#9386=ORIENTED_EDGE('',*,*,#6805,.F.);
#9387=ORIENTED_EDGE('',*,*,#6806,.F.);
#9388=ORIENTED_EDGE('',*,*,#6807,.T.);
#9389=ORIENTED_EDGE('',*,*,#6803,.T.);
#9390=ORIENTED_EDGE('',*,*,#6800,.F.);
#9391=ORIENTED_EDGE('',*,*,#6808,.F.);
#9392=ORIENTED_EDGE('',*,*,#6802,.F.);
#9393=ORIENTED_EDGE('',*,*,#6805,.T.);
#9394=ORIENTED_EDGE('',*,*,#6809,.T.);
#9395=ORIENTED_EDGE('',*,*,#6810,.F.);
#9396=ORIENTED_EDGE('',*,*,#6809,.F.);
#9397=ORIENTED_EDGE('',*,*,#6804,.F.);
#9398=ORIENTED_EDGE('',*,*,#6807,.F.);
#9399=ORIENTED_EDGE('',*,*,#6808,.T.);
#9400=ORIENTED_EDGE('',*,*,#6810,.T.);
#9401=ORIENTED_EDGE('',*,*,#6806,.T.);
#9402=ORIENTED_EDGE('',*,*,#6799,.T.);
#9403=ORIENTED_EDGE('',*,*,#6811,.F.);
#9404=ORIENTED_EDGE('',*,*,#6812,.F.);
#9405=ORIENTED_EDGE('',*,*,#6813,.T.);
#9406=ORIENTED_EDGE('',*,*,#6814,.T.);
#9407=ORIENTED_EDGE('',*,*,#6815,.F.);
#9408=ORIENTED_EDGE('',*,*,#6814,.F.);
#9409=ORIENTED_EDGE('',*,*,#6816,.F.);
#9410=ORIENTED_EDGE('',*,*,#6817,.F.);
#9411=ORIENTED_EDGE('',*,*,#6818,.F.);
#9412=ORIENTED_EDGE('',*,*,#6819,.F.);
#9413=ORIENTED_EDGE('',*,*,#6816,.T.);
#9414=ORIENTED_EDGE('',*,*,#6813,.F.);
#9415=ORIENTED_EDGE('',*,*,#6820,.F.);
#9416=ORIENTED_EDGE('',*,*,#6817,.T.);
#9417=ORIENTED_EDGE('',*,*,#6819,.T.);
#9418=ORIENTED_EDGE('',*,*,#6821,.F.);
#9419=ORIENTED_EDGE('',*,*,#6822,.F.);
#9420=ORIENTED_EDGE('',*,*,#6821,.T.);
#9421=ORIENTED_EDGE('',*,*,#6818,.T.);
#9422=ORIENTED_EDGE('',*,*,#6812,.T.);
#9423=ORIENTED_EDGE('',*,*,#6820,.T.);
#9424=ORIENTED_EDGE('',*,*,#6822,.T.);
#9425=ORIENTED_EDGE('',*,*,#6811,.T.);
#9426=ORIENTED_EDGE('',*,*,#6815,.T.);
#9427=ORIENTED_EDGE('',*,*,#6823,.F.);
#9428=ORIENTED_EDGE('',*,*,#6824,.F.);
#9429=ORIENTED_EDGE('',*,*,#6825,.T.);
#9430=ORIENTED_EDGE('',*,*,#6826,.T.);
#9431=ORIENTED_EDGE('',*,*,#6827,.F.);
#9432=ORIENTED_EDGE('',*,*,#6828,.F.);
#9433=ORIENTED_EDGE('',*,*,#6829,.T.);
#9434=ORIENTED_EDGE('',*,*,#6825,.F.);
#9435=ORIENTED_EDGE('',*,*,#6830,.F.);
#9436=ORIENTED_EDGE('',*,*,#6826,.F.);
#9437=ORIENTED_EDGE('',*,*,#6829,.F.);
#9438=ORIENTED_EDGE('',*,*,#6831,.F.);
#9439=ORIENTED_EDGE('',*,*,#6832,.F.);
#9440=ORIENTED_EDGE('',*,*,#6831,.T.);
#9441=ORIENTED_EDGE('',*,*,#6828,.T.);
#9442=ORIENTED_EDGE('',*,*,#6833,.F.);
#9443=ORIENTED_EDGE('',*,*,#6834,.F.);
#9444=ORIENTED_EDGE('',*,*,#6833,.T.);
#9445=ORIENTED_EDGE('',*,*,#6827,.T.);
#9446=ORIENTED_EDGE('',*,*,#6824,.T.);
#9447=ORIENTED_EDGE('',*,*,#6832,.T.);
#9448=ORIENTED_EDGE('',*,*,#6834,.T.);
#9449=ORIENTED_EDGE('',*,*,#6823,.T.);
#9450=ORIENTED_EDGE('',*,*,#6830,.T.);
#9451=ORIENTED_EDGE('',*,*,#6835,.F.);
#9452=ORIENTED_EDGE('',*,*,#6836,.T.);
#9453=ORIENTED_EDGE('',*,*,#6837,.T.);
#9454=ORIENTED_EDGE('',*,*,#6838,.T.);
#9455=ORIENTED_EDGE('',*,*,#6839,.T.);
#9456=ORIENTED_EDGE('',*,*,#6840,.F.);
#9457=ORIENTED_EDGE('',*,*,#6837,.F.);
#9458=ORIENTED_EDGE('',*,*,#6841,.F.);
#9459=ORIENTED_EDGE('',*,*,#6842,.F.);
#9460=ORIENTED_EDGE('',*,*,#6838,.F.);
#9461=ORIENTED_EDGE('',*,*,#6840,.T.);
#9462=ORIENTED_EDGE('',*,*,#6843,.T.);
#9463=ORIENTED_EDGE('',*,*,#6844,.F.);
#9464=ORIENTED_EDGE('',*,*,#6843,.F.);
#9465=ORIENTED_EDGE('',*,*,#6839,.F.);
#9466=ORIENTED_EDGE('',*,*,#6845,.F.);
#9467=ORIENTED_EDGE('',*,*,#6846,.F.);
#9468=ORIENTED_EDGE('',*,*,#6845,.T.);
#9469=ORIENTED_EDGE('',*,*,#6841,.T.);
#9470=ORIENTED_EDGE('',*,*,#6836,.F.);
#9471=ORIENTED_EDGE('',*,*,#6844,.T.);
#9472=ORIENTED_EDGE('',*,*,#6846,.T.);
#9473=ORIENTED_EDGE('',*,*,#6835,.T.);
#9474=ORIENTED_EDGE('',*,*,#6842,.T.);
#9475=ORIENTED_EDGE('',*,*,#6847,.F.);
#9476=ORIENTED_EDGE('',*,*,#6848,.T.);
#9477=ORIENTED_EDGE('',*,*,#6849,.T.);
#9478=ORIENTED_EDGE('',*,*,#6850,.T.);
#9479=ORIENTED_EDGE('',*,*,#6851,.F.);
#9480=ORIENTED_EDGE('',*,*,#6850,.F.);
#9481=ORIENTED_EDGE('',*,*,#6852,.T.);
#9482=ORIENTED_EDGE('',*,*,#6853,.T.);
#9483=ORIENTED_EDGE('',*,*,#6854,.T.);
#9484=ORIENTED_EDGE('',*,*,#6852,.F.);
#9485=ORIENTED_EDGE('',*,*,#6849,.F.);
#9486=ORIENTED_EDGE('',*,*,#6855,.F.);
#9487=ORIENTED_EDGE('',*,*,#6856,.F.);
#9488=ORIENTED_EDGE('',*,*,#6853,.F.);
#9489=ORIENTED_EDGE('',*,*,#6854,.F.);
#9490=ORIENTED_EDGE('',*,*,#6857,.F.);
#9491=ORIENTED_EDGE('',*,*,#6858,.F.);
#9492=ORIENTED_EDGE('',*,*,#6857,.T.);
#9493=ORIENTED_EDGE('',*,*,#6855,.T.);
#9494=ORIENTED_EDGE('',*,*,#6848,.F.);
#9495=ORIENTED_EDGE('',*,*,#6856,.T.);
#9496=ORIENTED_EDGE('',*,*,#6858,.T.);
#9497=ORIENTED_EDGE('',*,*,#6847,.T.);
#9498=ORIENTED_EDGE('',*,*,#6851,.T.);
#9499=ORIENTED_EDGE('',*,*,#6859,.F.);
#9500=ORIENTED_EDGE('',*,*,#6860,.T.);
#9501=ORIENTED_EDGE('',*,*,#6861,.T.);
#9502=ORIENTED_EDGE('',*,*,#6862,.T.);
#9503=ORIENTED_EDGE('',*,*,#6863,.F.);
#9504=ORIENTED_EDGE('',*,*,#6862,.F.);
#9505=ORIENTED_EDGE('',*,*,#6864,.T.);
#9506=ORIENTED_EDGE('',*,*,#6865,.T.);
#9507=ORIENTED_EDGE('',*,*,#6866,.T.);
#9508=ORIENTED_EDGE('',*,*,#6864,.F.);
#9509=ORIENTED_EDGE('',*,*,#6861,.F.);
#9510=ORIENTED_EDGE('',*,*,#6867,.F.);
#9511=ORIENTED_EDGE('',*,*,#6868,.F.);
#9512=ORIENTED_EDGE('',*,*,#6865,.F.);
#9513=ORIENTED_EDGE('',*,*,#6866,.F.);
#9514=ORIENTED_EDGE('',*,*,#6869,.F.);
#9515=ORIENTED_EDGE('',*,*,#6870,.F.);
#9516=ORIENTED_EDGE('',*,*,#6869,.T.);
#9517=ORIENTED_EDGE('',*,*,#6867,.T.);
#9518=ORIENTED_EDGE('',*,*,#6860,.F.);
#9519=ORIENTED_EDGE('',*,*,#6868,.T.);
#9520=ORIENTED_EDGE('',*,*,#6870,.T.);
#9521=ORIENTED_EDGE('',*,*,#6859,.T.);
#9522=ORIENTED_EDGE('',*,*,#6863,.T.);
#9523=ORIENTED_EDGE('',*,*,#6871,.F.);
#9524=ORIENTED_EDGE('',*,*,#6872,.T.);
#9525=ORIENTED_EDGE('',*,*,#6873,.T.);
#9526=ORIENTED_EDGE('',*,*,#6874,.F.);
#9527=ORIENTED_EDGE('',*,*,#6875,.F.);
#9528=ORIENTED_EDGE('',*,*,#6874,.T.);
#9529=ORIENTED_EDGE('',*,*,#6876,.T.);
#9530=ORIENTED_EDGE('',*,*,#6877,.T.);
#9531=ORIENTED_EDGE('',*,*,#6878,.T.);
#9532=ORIENTED_EDGE('',*,*,#6876,.F.);
#9533=ORIENTED_EDGE('',*,*,#6873,.F.);
#9534=ORIENTED_EDGE('',*,*,#6879,.T.);
#9535=ORIENTED_EDGE('',*,*,#6880,.F.);
#9536=ORIENTED_EDGE('',*,*,#6877,.F.);
#9537=ORIENTED_EDGE('',*,*,#6878,.F.);
#9538=ORIENTED_EDGE('',*,*,#6881,.F.);
#9539=ORIENTED_EDGE('',*,*,#6882,.F.);
#9540=ORIENTED_EDGE('',*,*,#6881,.T.);
#9541=ORIENTED_EDGE('',*,*,#6879,.F.);
#9542=ORIENTED_EDGE('',*,*,#6872,.F.);
#9543=ORIENTED_EDGE('',*,*,#6880,.T.);
#9544=ORIENTED_EDGE('',*,*,#6882,.T.);
#9545=ORIENTED_EDGE('',*,*,#6871,.T.);
#9546=ORIENTED_EDGE('',*,*,#6875,.T.);
#9547=ORIENTED_EDGE('',*,*,#6883,.F.);
#9548=ORIENTED_EDGE('',*,*,#6884,.T.);
#9549=ORIENTED_EDGE('',*,*,#6885,.T.);
#9550=ORIENTED_EDGE('',*,*,#6886,.T.);
#9551=ORIENTED_EDGE('',*,*,#6885,.F.);
#9552=ORIENTED_EDGE('',*,*,#6887,.T.);
#9553=ORIENTED_EDGE('',*,*,#6888,.T.);
#9554=ORIENTED_EDGE('',*,*,#6889,.F.);
#9555=ORIENTED_EDGE('',*,*,#6890,.F.);
#9556=ORIENTED_EDGE('',*,*,#6891,.T.);
#9557=ORIENTED_EDGE('',*,*,#6887,.F.);
#9558=ORIENTED_EDGE('',*,*,#6884,.F.);
#9559=ORIENTED_EDGE('',*,*,#6892,.F.);
#9560=ORIENTED_EDGE('',*,*,#6886,.F.);
#9561=ORIENTED_EDGE('',*,*,#6889,.T.);
#9562=ORIENTED_EDGE('',*,*,#6893,.T.);
#9563=ORIENTED_EDGE('',*,*,#6894,.F.);
#9564=ORIENTED_EDGE('',*,*,#6893,.F.);
#9565=ORIENTED_EDGE('',*,*,#6888,.F.);
#9566=ORIENTED_EDGE('',*,*,#6891,.F.);
#9567=ORIENTED_EDGE('',*,*,#6892,.T.);
#9568=ORIENTED_EDGE('',*,*,#6894,.T.);
#9569=ORIENTED_EDGE('',*,*,#6890,.T.);
#9570=ORIENTED_EDGE('',*,*,#6883,.T.);
#9571=ORIENTED_EDGE('',*,*,#6895,.F.);
#9572=ORIENTED_EDGE('',*,*,#6896,.F.);
#9573=ORIENTED_EDGE('',*,*,#6897,.T.);
#9574=ORIENTED_EDGE('',*,*,#6898,.T.);
#9575=ORIENTED_EDGE('',*,*,#6899,.F.);
#9576=ORIENTED_EDGE('',*,*,#6898,.F.);
#9577=ORIENTED_EDGE('',*,*,#6900,.F.);
#9578=ORIENTED_EDGE('',*,*,#6901,.F.);
#9579=ORIENTED_EDGE('',*,*,#6902,.F.);
#9580=ORIENTED_EDGE('',*,*,#6903,.T.);
#9581=ORIENTED_EDGE('',*,*,#6900,.T.);
#9582=ORIENTED_EDGE('',*,*,#6897,.F.);
#9583=ORIENTED_EDGE('',*,*,#6904,.F.);
#9584=ORIENTED_EDGE('',*,*,#6901,.T.);
#9585=ORIENTED_EDGE('',*,*,#6903,.F.);
#9586=ORIENTED_EDGE('',*,*,#6905,.F.);
#9587=ORIENTED_EDGE('',*,*,#6906,.F.);
#9588=ORIENTED_EDGE('',*,*,#6905,.T.);
#9589=ORIENTED_EDGE('',*,*,#6902,.T.);
#9590=ORIENTED_EDGE('',*,*,#6896,.T.);
#9591=ORIENTED_EDGE('',*,*,#6904,.T.);
#9592=ORIENTED_EDGE('',*,*,#6906,.T.);
#9593=ORIENTED_EDGE('',*,*,#6895,.T.);
#9594=ORIENTED_EDGE('',*,*,#6899,.T.);
#9595=ORIENTED_EDGE('',*,*,#6907,.F.);
#9596=ORIENTED_EDGE('',*,*,#6908,.F.);
#9597=ORIENTED_EDGE('',*,*,#6909,.T.);
#9598=ORIENTED_EDGE('',*,*,#6910,.T.);
#9599=ORIENTED_EDGE('',*,*,#6911,.F.);
#9600=ORIENTED_EDGE('',*,*,#6912,.T.);
#9601=ORIENTED_EDGE('',*,*,#6913,.T.);
#9602=ORIENTED_EDGE('',*,*,#6909,.F.);
#9603=ORIENTED_EDGE('',*,*,#6914,.F.);
#9604=ORIENTED_EDGE('',*,*,#6910,.F.);
#9605=ORIENTED_EDGE('',*,*,#6913,.F.);
#9606=ORIENTED_EDGE('',*,*,#6915,.F.);
#9607=ORIENTED_EDGE('',*,*,#6916,.F.);
#9608=ORIENTED_EDGE('',*,*,#6915,.T.);
#9609=ORIENTED_EDGE('',*,*,#6912,.F.);
#9610=ORIENTED_EDGE('',*,*,#6917,.F.);
#9611=ORIENTED_EDGE('',*,*,#6918,.F.);
#9612=ORIENTED_EDGE('',*,*,#6917,.T.);
#9613=ORIENTED_EDGE('',*,*,#6911,.T.);
#9614=ORIENTED_EDGE('',*,*,#6908,.T.);
#9615=ORIENTED_EDGE('',*,*,#6916,.T.);
#9616=ORIENTED_EDGE('',*,*,#6918,.T.);
#9617=ORIENTED_EDGE('',*,*,#6907,.T.);
#9618=ORIENTED_EDGE('',*,*,#6914,.T.);
#9619=ORIENTED_EDGE('',*,*,#6919,.F.);
#9620=ORIENTED_EDGE('',*,*,#6920,.T.);
#9621=ORIENTED_EDGE('',*,*,#6921,.T.);
#9622=ORIENTED_EDGE('',*,*,#6922,.T.);
#9623=ORIENTED_EDGE('',*,*,#6923,.T.);
#9624=ORIENTED_EDGE('',*,*,#6924,.F.);
#9625=ORIENTED_EDGE('',*,*,#6921,.F.);
#9626=ORIENTED_EDGE('',*,*,#6925,.T.);
#9627=ORIENTED_EDGE('',*,*,#6926,.F.);
#9628=ORIENTED_EDGE('',*,*,#6922,.F.);
#9629=ORIENTED_EDGE('',*,*,#6924,.T.);
#9630=ORIENTED_EDGE('',*,*,#6927,.T.);
#9631=ORIENTED_EDGE('',*,*,#6928,.F.);
#9632=ORIENTED_EDGE('',*,*,#6927,.F.);
#9633=ORIENTED_EDGE('',*,*,#6923,.F.);
#9634=ORIENTED_EDGE('',*,*,#6929,.F.);
#9635=ORIENTED_EDGE('',*,*,#6930,.F.);
#9636=ORIENTED_EDGE('',*,*,#6929,.T.);
#9637=ORIENTED_EDGE('',*,*,#6925,.F.);
#9638=ORIENTED_EDGE('',*,*,#6920,.F.);
#9639=ORIENTED_EDGE('',*,*,#6928,.T.);
#9640=ORIENTED_EDGE('',*,*,#6930,.T.);
#9641=ORIENTED_EDGE('',*,*,#6919,.T.);
#9642=ORIENTED_EDGE('',*,*,#6926,.T.);
#9643=ORIENTED_EDGE('',*,*,#6931,.F.);
#9644=ORIENTED_EDGE('',*,*,#6932,.T.);
#9645=ORIENTED_EDGE('',*,*,#6933,.T.);
#9646=ORIENTED_EDGE('',*,*,#6934,.T.);
#9647=ORIENTED_EDGE('',*,*,#6935,.F.);
#9648=ORIENTED_EDGE('',*,*,#6934,.F.);
#9649=ORIENTED_EDGE('',*,*,#6936,.T.);
#9650=ORIENTED_EDGE('',*,*,#6937,.T.);
#9651=ORIENTED_EDGE('',*,*,#6938,.T.);
#9652=ORIENTED_EDGE('',*,*,#6936,.F.);
#9653=ORIENTED_EDGE('',*,*,#6933,.F.);
#9654=ORIENTED_EDGE('',*,*,#6939,.T.);
#9655=ORIENTED_EDGE('',*,*,#6940,.F.);
#9656=ORIENTED_EDGE('',*,*,#6937,.F.);
#9657=ORIENTED_EDGE('',*,*,#6938,.F.);
#9658=ORIENTED_EDGE('',*,*,#6941,.F.);
#9659=ORIENTED_EDGE('',*,*,#6942,.F.);
#9660=ORIENTED_EDGE('',*,*,#6941,.T.);
#9661=ORIENTED_EDGE('',*,*,#6939,.F.);
#9662=ORIENTED_EDGE('',*,*,#6932,.F.);
#9663=ORIENTED_EDGE('',*,*,#6940,.T.);
#9664=ORIENTED_EDGE('',*,*,#6942,.T.);
#9665=ORIENTED_EDGE('',*,*,#6931,.T.);
#9666=ORIENTED_EDGE('',*,*,#6935,.T.);
#9667=ORIENTED_EDGE('',*,*,#6943,.F.);
#9668=ORIENTED_EDGE('',*,*,#6944,.T.);
#9669=ORIENTED_EDGE('',*,*,#6945,.T.);
#9670=ORIENTED_EDGE('',*,*,#6946,.T.);
#9671=ORIENTED_EDGE('',*,*,#6947,.F.);
#9672=ORIENTED_EDGE('',*,*,#6946,.F.);
#9673=ORIENTED_EDGE('',*,*,#6948,.T.);
#9674=ORIENTED_EDGE('',*,*,#6949,.T.);
#9675=ORIENTED_EDGE('',*,*,#6950,.T.);
#9676=ORIENTED_EDGE('',*,*,#6948,.F.);
#9677=ORIENTED_EDGE('',*,*,#6945,.F.);
#9678=ORIENTED_EDGE('',*,*,#6951,.T.);
#9679=ORIENTED_EDGE('',*,*,#6952,.F.);
#9680=ORIENTED_EDGE('',*,*,#6949,.F.);
#9681=ORIENTED_EDGE('',*,*,#6950,.F.);
#9682=ORIENTED_EDGE('',*,*,#6953,.F.);
#9683=ORIENTED_EDGE('',*,*,#6954,.F.);
#9684=ORIENTED_EDGE('',*,*,#6953,.T.);
#9685=ORIENTED_EDGE('',*,*,#6951,.F.);
#9686=ORIENTED_EDGE('',*,*,#6944,.F.);
#9687=ORIENTED_EDGE('',*,*,#6952,.T.);
#9688=ORIENTED_EDGE('',*,*,#6954,.T.);
#9689=ORIENTED_EDGE('',*,*,#6943,.T.);
#9690=ORIENTED_EDGE('',*,*,#6947,.T.);
#9691=ORIENTED_EDGE('',*,*,#6955,.F.);
#9692=ORIENTED_EDGE('',*,*,#6956,.T.);
#9693=ORIENTED_EDGE('',*,*,#6957,.T.);
#9694=ORIENTED_EDGE('',*,*,#6958,.T.);
#9695=ORIENTED_EDGE('',*,*,#6959,.F.);
#9696=ORIENTED_EDGE('',*,*,#6960,.T.);
#9697=ORIENTED_EDGE('',*,*,#6961,.T.);
#9698=ORIENTED_EDGE('',*,*,#6956,.F.);
#9699=ORIENTED_EDGE('',*,*,#6962,.T.);
#9700=ORIENTED_EDGE('',*,*,#6957,.F.);
#9701=ORIENTED_EDGE('',*,*,#6961,.F.);
#9702=ORIENTED_EDGE('',*,*,#6963,.T.);
#9703=ORIENTED_EDGE('',*,*,#6964,.F.);
#9704=ORIENTED_EDGE('',*,*,#6958,.F.);
#9705=ORIENTED_EDGE('',*,*,#6962,.F.);
#9706=ORIENTED_EDGE('',*,*,#6965,.F.);
#9707=ORIENTED_EDGE('',*,*,#6966,.F.);
#9708=ORIENTED_EDGE('',*,*,#6965,.T.);
#9709=ORIENTED_EDGE('',*,*,#6963,.F.);
#9710=ORIENTED_EDGE('',*,*,#6960,.F.);
#9711=ORIENTED_EDGE('',*,*,#6964,.T.);
#9712=ORIENTED_EDGE('',*,*,#6966,.T.);
#9713=ORIENTED_EDGE('',*,*,#6959,.T.);
#9714=ORIENTED_EDGE('',*,*,#6955,.T.);
#9715=ORIENTED_EDGE('',*,*,#6967,.F.);
#9716=ORIENTED_EDGE('',*,*,#6968,.F.);
#9717=ORIENTED_EDGE('',*,*,#6969,.T.);
#9718=ORIENTED_EDGE('',*,*,#6970,.T.);
#9719=ORIENTED_EDGE('',*,*,#6971,.F.);
#9720=ORIENTED_EDGE('',*,*,#6972,.T.);
#9721=ORIENTED_EDGE('',*,*,#6973,.T.);
#9722=ORIENTED_EDGE('',*,*,#6969,.F.);
#9723=ORIENTED_EDGE('',*,*,#6974,.F.);
#9724=ORIENTED_EDGE('',*,*,#6970,.F.);
#9725=ORIENTED_EDGE('',*,*,#6973,.F.);
#9726=ORIENTED_EDGE('',*,*,#6975,.F.);
#9727=ORIENTED_EDGE('',*,*,#6976,.F.);
#9728=ORIENTED_EDGE('',*,*,#6975,.T.);
#9729=ORIENTED_EDGE('',*,*,#6972,.F.);
#9730=ORIENTED_EDGE('',*,*,#6977,.F.);
#9731=ORIENTED_EDGE('',*,*,#6978,.F.);
#9732=ORIENTED_EDGE('',*,*,#6977,.T.);
#9733=ORIENTED_EDGE('',*,*,#6971,.T.);
#9734=ORIENTED_EDGE('',*,*,#6968,.T.);
#9735=ORIENTED_EDGE('',*,*,#6976,.T.);
#9736=ORIENTED_EDGE('',*,*,#6978,.T.);
#9737=ORIENTED_EDGE('',*,*,#6967,.T.);
#9738=ORIENTED_EDGE('',*,*,#6974,.T.);
#9739=ORIENTED_EDGE('',*,*,#6979,.F.);
#9740=ORIENTED_EDGE('',*,*,#6980,.T.);
#9741=ORIENTED_EDGE('',*,*,#6981,.T.);
#9742=ORIENTED_EDGE('',*,*,#6982,.T.);
#9743=ORIENTED_EDGE('',*,*,#6981,.F.);
#9744=ORIENTED_EDGE('',*,*,#6983,.T.);
#9745=ORIENTED_EDGE('',*,*,#6984,.T.);
#9746=ORIENTED_EDGE('',*,*,#6985,.F.);
#9747=ORIENTED_EDGE('',*,*,#6986,.F.);
#9748=ORIENTED_EDGE('',*,*,#6987,.T.);
#9749=ORIENTED_EDGE('',*,*,#6983,.F.);
#9750=ORIENTED_EDGE('',*,*,#6980,.F.);
#9751=ORIENTED_EDGE('',*,*,#6988,.F.);
#9752=ORIENTED_EDGE('',*,*,#6982,.F.);
#9753=ORIENTED_EDGE('',*,*,#6985,.T.);
#9754=ORIENTED_EDGE('',*,*,#6989,.T.);
#9755=ORIENTED_EDGE('',*,*,#6990,.F.);
#9756=ORIENTED_EDGE('',*,*,#6989,.F.);
#9757=ORIENTED_EDGE('',*,*,#6984,.F.);
#9758=ORIENTED_EDGE('',*,*,#6987,.F.);
#9759=ORIENTED_EDGE('',*,*,#6988,.T.);
#9760=ORIENTED_EDGE('',*,*,#6990,.T.);
#9761=ORIENTED_EDGE('',*,*,#6986,.T.);
#9762=ORIENTED_EDGE('',*,*,#6979,.T.);
#9763=ORIENTED_EDGE('',*,*,#6991,.F.);
#9764=ORIENTED_EDGE('',*,*,#6992,.F.);
#9765=ORIENTED_EDGE('',*,*,#6993,.T.);
#9766=ORIENTED_EDGE('',*,*,#6994,.T.);
#9767=ORIENTED_EDGE('',*,*,#6995,.F.);
#9768=ORIENTED_EDGE('',*,*,#6994,.F.);
#9769=ORIENTED_EDGE('',*,*,#6996,.F.);
#9770=ORIENTED_EDGE('',*,*,#6997,.F.);
#9771=ORIENTED_EDGE('',*,*,#6998,.F.);
#9772=ORIENTED_EDGE('',*,*,#6999,.T.);
#9773=ORIENTED_EDGE('',*,*,#6996,.T.);
#9774=ORIENTED_EDGE('',*,*,#6993,.F.);
#9775=ORIENTED_EDGE('',*,*,#7000,.F.);
#9776=ORIENTED_EDGE('',*,*,#6997,.T.);
#9777=ORIENTED_EDGE('',*,*,#6999,.F.);
#9778=ORIENTED_EDGE('',*,*,#7001,.F.);
#9779=ORIENTED_EDGE('',*,*,#7002,.F.);
#9780=ORIENTED_EDGE('',*,*,#7001,.T.);
#9781=ORIENTED_EDGE('',*,*,#6998,.T.);
#9782=ORIENTED_EDGE('',*,*,#6992,.T.);
#9783=ORIENTED_EDGE('',*,*,#7000,.T.);
#9784=ORIENTED_EDGE('',*,*,#7002,.T.);
#9785=ORIENTED_EDGE('',*,*,#6991,.T.);
#9786=ORIENTED_EDGE('',*,*,#6995,.T.);
#9787=ORIENTED_EDGE('',*,*,#7003,.F.);
#9788=ORIENTED_EDGE('',*,*,#7004,.T.);
#9789=ORIENTED_EDGE('',*,*,#7005,.T.);
#9790=ORIENTED_EDGE('',*,*,#7006,.T.);
#9791=ORIENTED_EDGE('',*,*,#7007,.F.);
#9792=ORIENTED_EDGE('',*,*,#7006,.F.);
#9793=ORIENTED_EDGE('',*,*,#7008,.T.);
#9794=ORIENTED_EDGE('',*,*,#7009,.T.);
#9795=ORIENTED_EDGE('',*,*,#7010,.T.);
#9796=ORIENTED_EDGE('',*,*,#7008,.F.);
#9797=ORIENTED_EDGE('',*,*,#7005,.F.);
#9798=ORIENTED_EDGE('',*,*,#7011,.T.);
#9799=ORIENTED_EDGE('',*,*,#7012,.F.);
#9800=ORIENTED_EDGE('',*,*,#7009,.F.);
#9801=ORIENTED_EDGE('',*,*,#7010,.F.);
#9802=ORIENTED_EDGE('',*,*,#7013,.F.);
#9803=ORIENTED_EDGE('',*,*,#7014,.F.);
#9804=ORIENTED_EDGE('',*,*,#7013,.T.);
#9805=ORIENTED_EDGE('',*,*,#7011,.F.);
#9806=ORIENTED_EDGE('',*,*,#7004,.F.);
#9807=ORIENTED_EDGE('',*,*,#7012,.T.);
#9808=ORIENTED_EDGE('',*,*,#7014,.T.);
#9809=ORIENTED_EDGE('',*,*,#7003,.T.);
#9810=ORIENTED_EDGE('',*,*,#7007,.T.);
#9811=ORIENTED_EDGE('',*,*,#7015,.F.);
#9812=ORIENTED_EDGE('',*,*,#7016,.T.);
#9813=ORIENTED_EDGE('',*,*,#7017,.T.);
#9814=ORIENTED_EDGE('',*,*,#7018,.T.);
#9815=ORIENTED_EDGE('',*,*,#7019,.T.);
#9816=ORIENTED_EDGE('',*,*,#7020,.F.);
#9817=ORIENTED_EDGE('',*,*,#7017,.F.);
#9818=ORIENTED_EDGE('',*,*,#7021,.T.);
#9819=ORIENTED_EDGE('',*,*,#7022,.F.);
#9820=ORIENTED_EDGE('',*,*,#7018,.F.);
#9821=ORIENTED_EDGE('',*,*,#7020,.T.);
#9822=ORIENTED_EDGE('',*,*,#7023,.T.);
#9823=ORIENTED_EDGE('',*,*,#7024,.F.);
#9824=ORIENTED_EDGE('',*,*,#7023,.F.);
#9825=ORIENTED_EDGE('',*,*,#7019,.F.);
#9826=ORIENTED_EDGE('',*,*,#7025,.F.);
#9827=ORIENTED_EDGE('',*,*,#7026,.F.);
#9828=ORIENTED_EDGE('',*,*,#7025,.T.);
#9829=ORIENTED_EDGE('',*,*,#7021,.F.);
#9830=ORIENTED_EDGE('',*,*,#7016,.F.);
#9831=ORIENTED_EDGE('',*,*,#7024,.T.);
#9832=ORIENTED_EDGE('',*,*,#7026,.T.);
#9833=ORIENTED_EDGE('',*,*,#7015,.T.);
#9834=ORIENTED_EDGE('',*,*,#7022,.T.);
#9835=ORIENTED_EDGE('',*,*,#7027,.F.);
#9836=ORIENTED_EDGE('',*,*,#7028,.T.);
#9837=ORIENTED_EDGE('',*,*,#7029,.T.);
#9838=ORIENTED_EDGE('',*,*,#7030,.T.);
#9839=ORIENTED_EDGE('',*,*,#7031,.F.);
#9840=ORIENTED_EDGE('',*,*,#7030,.F.);
#9841=ORIENTED_EDGE('',*,*,#7032,.T.);
#9842=ORIENTED_EDGE('',*,*,#7033,.T.);
#9843=ORIENTED_EDGE('',*,*,#7034,.T.);
#9844=ORIENTED_EDGE('',*,*,#7032,.F.);
#9845=ORIENTED_EDGE('',*,*,#7029,.F.);
#9846=ORIENTED_EDGE('',*,*,#7035,.T.);
#9847=ORIENTED_EDGE('',*,*,#7036,.F.);
#9848=ORIENTED_EDGE('',*,*,#7033,.F.);
#9849=ORIENTED_EDGE('',*,*,#7034,.F.);
#9850=ORIENTED_EDGE('',*,*,#7037,.F.);
#9851=ORIENTED_EDGE('',*,*,#7038,.F.);
#9852=ORIENTED_EDGE('',*,*,#7037,.T.);
#9853=ORIENTED_EDGE('',*,*,#7035,.F.);
#9854=ORIENTED_EDGE('',*,*,#7028,.F.);
#9855=ORIENTED_EDGE('',*,*,#7036,.T.);
#9856=ORIENTED_EDGE('',*,*,#7038,.T.);
#9857=ORIENTED_EDGE('',*,*,#7027,.T.);
#9858=ORIENTED_EDGE('',*,*,#7031,.T.);
#9859=ORIENTED_EDGE('',*,*,#7039,.T.);
#9860=ORIENTED_EDGE('',*,*,#7040,.F.);
#9861=ORIENTED_EDGE('',*,*,#7041,.F.);
#9862=ORIENTED_EDGE('',*,*,#7042,.T.);
#9863=ORIENTED_EDGE('',*,*,#7043,.F.);
#9864=ORIENTED_EDGE('',*,*,#7044,.T.);
#9865=ORIENTED_EDGE('',*,*,#7041,.T.);
#9866=ORIENTED_EDGE('',*,*,#7045,.F.);
#9867=ORIENTED_EDGE('',*,*,#7046,.F.);
#9868=ORIENTED_EDGE('',*,*,#7045,.T.);
#9869=ORIENTED_EDGE('',*,*,#7040,.T.);
#9870=ORIENTED_EDGE('',*,*,#7047,.T.);
#9871=ORIENTED_EDGE('',*,*,#7048,.F.);
#9872=ORIENTED_EDGE('',*,*,#7047,.F.);
#9873=ORIENTED_EDGE('',*,*,#7039,.F.);
#9874=ORIENTED_EDGE('',*,*,#7049,.F.);
#9875=ORIENTED_EDGE('',*,*,#7050,.F.);
#9876=ORIENTED_EDGE('',*,*,#7049,.T.);
#9877=ORIENTED_EDGE('',*,*,#7042,.F.);
#9878=ORIENTED_EDGE('',*,*,#7044,.F.);
#9879=ORIENTED_EDGE('',*,*,#7048,.T.);
#9880=ORIENTED_EDGE('',*,*,#7050,.T.);
#9881=ORIENTED_EDGE('',*,*,#7043,.T.);
#9882=ORIENTED_EDGE('',*,*,#7046,.T.);
#9883=ORIENTED_EDGE('',*,*,#7051,.F.);
#9884=ORIENTED_EDGE('',*,*,#7052,.T.);
#9885=ORIENTED_EDGE('',*,*,#7053,.T.);
#9886=ORIENTED_EDGE('',*,*,#7054,.T.);
#9887=ORIENTED_EDGE('',*,*,#7053,.F.);
#9888=ORIENTED_EDGE('',*,*,#7055,.T.);
#9889=ORIENTED_EDGE('',*,*,#7056,.T.);
#9890=ORIENTED_EDGE('',*,*,#7057,.F.);
#9891=ORIENTED_EDGE('',*,*,#7058,.F.);
#9892=ORIENTED_EDGE('',*,*,#7059,.T.);
#9893=ORIENTED_EDGE('',*,*,#7055,.F.);
#9894=ORIENTED_EDGE('',*,*,#7052,.F.);
#9895=ORIENTED_EDGE('',*,*,#7060,.F.);
#9896=ORIENTED_EDGE('',*,*,#7054,.F.);
#9897=ORIENTED_EDGE('',*,*,#7057,.T.);
#9898=ORIENTED_EDGE('',*,*,#7061,.T.);
#9899=ORIENTED_EDGE('',*,*,#7062,.F.);
#9900=ORIENTED_EDGE('',*,*,#7061,.F.);
#9901=ORIENTED_EDGE('',*,*,#7056,.F.);
#9902=ORIENTED_EDGE('',*,*,#7059,.F.);
#9903=ORIENTED_EDGE('',*,*,#7060,.T.);
#9904=ORIENTED_EDGE('',*,*,#7062,.T.);
#9905=ORIENTED_EDGE('',*,*,#7058,.T.);
#9906=ORIENTED_EDGE('',*,*,#7051,.T.);
#9907=ORIENTED_EDGE('',*,*,#7063,.F.);
#9908=ORIENTED_EDGE('',*,*,#7064,.T.);
#9909=ORIENTED_EDGE('',*,*,#7065,.T.);
#9910=ORIENTED_EDGE('',*,*,#7066,.T.);
#9911=ORIENTED_EDGE('',*,*,#7067,.F.);
#9912=ORIENTED_EDGE('',*,*,#7068,.T.);
#9913=ORIENTED_EDGE('',*,*,#7069,.F.);
#9914=ORIENTED_EDGE('',*,*,#7064,.F.);
#9915=ORIENTED_EDGE('',*,*,#7065,.F.);
#9916=ORIENTED_EDGE('',*,*,#7069,.T.);
#9917=ORIENTED_EDGE('',*,*,#7070,.T.);
#9918=ORIENTED_EDGE('',*,*,#7071,.F.);
#9919=ORIENTED_EDGE('',*,*,#7072,.F.);
#9920=ORIENTED_EDGE('',*,*,#7066,.F.);
#9921=ORIENTED_EDGE('',*,*,#7071,.T.);
#9922=ORIENTED_EDGE('',*,*,#7073,.T.);
#9923=ORIENTED_EDGE('',*,*,#7074,.F.);
#9924=ORIENTED_EDGE('',*,*,#7073,.F.);
#9925=ORIENTED_EDGE('',*,*,#7070,.F.);
#9926=ORIENTED_EDGE('',*,*,#7068,.F.);
#9927=ORIENTED_EDGE('',*,*,#7072,.T.);
#9928=ORIENTED_EDGE('',*,*,#7074,.T.);
#9929=ORIENTED_EDGE('',*,*,#7067,.T.);
#9930=ORIENTED_EDGE('',*,*,#7063,.T.);
#9931=ORIENTED_EDGE('',*,*,#7075,.F.);
#9932=ORIENTED_EDGE('',*,*,#7076,.F.);
#9933=ORIENTED_EDGE('',*,*,#7077,.T.);
#9934=ORIENTED_EDGE('',*,*,#7078,.T.);
#9935=ORIENTED_EDGE('',*,*,#7079,.F.);
#9936=ORIENTED_EDGE('',*,*,#7080,.T.);
#9937=ORIENTED_EDGE('',*,*,#7081,.T.);
#9938=ORIENTED_EDGE('',*,*,#7077,.F.);
#9939=ORIENTED_EDGE('',*,*,#7082,.F.);
#9940=ORIENTED_EDGE('',*,*,#7078,.F.);
#9941=ORIENTED_EDGE('',*,*,#7081,.F.);
#9942=ORIENTED_EDGE('',*,*,#7083,.F.);
#9943=ORIENTED_EDGE('',*,*,#7084,.F.);
#9944=ORIENTED_EDGE('',*,*,#7083,.T.);
#9945=ORIENTED_EDGE('',*,*,#7080,.F.);
#9946=ORIENTED_EDGE('',*,*,#7085,.F.);
#9947=ORIENTED_EDGE('',*,*,#7086,.F.);
#9948=ORIENTED_EDGE('',*,*,#7085,.T.);
#9949=ORIENTED_EDGE('',*,*,#7079,.T.);
#9950=ORIENTED_EDGE('',*,*,#7076,.T.);
#9951=ORIENTED_EDGE('',*,*,#7084,.T.);
#9952=ORIENTED_EDGE('',*,*,#7086,.T.);
#9953=ORIENTED_EDGE('',*,*,#7075,.T.);
#9954=ORIENTED_EDGE('',*,*,#7082,.T.);
#9955=ORIENTED_EDGE('',*,*,#7087,.F.);
#9956=ORIENTED_EDGE('',*,*,#7088,.T.);
#9957=ORIENTED_EDGE('',*,*,#7089,.T.);
#9958=ORIENTED_EDGE('',*,*,#7090,.T.);
#9959=ORIENTED_EDGE('',*,*,#7091,.T.);
#9960=ORIENTED_EDGE('',*,*,#7092,.F.);
#9961=ORIENTED_EDGE('',*,*,#7089,.F.);
#9962=ORIENTED_EDGE('',*,*,#7093,.T.);
#9963=ORIENTED_EDGE('',*,*,#7094,.F.);
#9964=ORIENTED_EDGE('',*,*,#7090,.F.);
#9965=ORIENTED_EDGE('',*,*,#7092,.T.);
#9966=ORIENTED_EDGE('',*,*,#7095,.T.);
#9967=ORIENTED_EDGE('',*,*,#7096,.F.);
#9968=ORIENTED_EDGE('',*,*,#7095,.F.);
#9969=ORIENTED_EDGE('',*,*,#7091,.F.);
#9970=ORIENTED_EDGE('',*,*,#7097,.F.);
#9971=ORIENTED_EDGE('',*,*,#7098,.F.);
#9972=ORIENTED_EDGE('',*,*,#7097,.T.);
#9973=ORIENTED_EDGE('',*,*,#7093,.F.);
#9974=ORIENTED_EDGE('',*,*,#7088,.F.);
#9975=ORIENTED_EDGE('',*,*,#7096,.T.);
#9976=ORIENTED_EDGE('',*,*,#7098,.T.);
#9977=ORIENTED_EDGE('',*,*,#7087,.T.);
#9978=ORIENTED_EDGE('',*,*,#7094,.T.);
#9979=ORIENTED_EDGE('',*,*,#7099,.F.);
#9980=ORIENTED_EDGE('',*,*,#7100,.T.);
#9981=ORIENTED_EDGE('',*,*,#7101,.T.);
#9982=ORIENTED_EDGE('',*,*,#7102,.T.);
#9983=ORIENTED_EDGE('',*,*,#7103,.F.);
#9984=ORIENTED_EDGE('',*,*,#7102,.F.);
#9985=ORIENTED_EDGE('',*,*,#7104,.T.);
#9986=ORIENTED_EDGE('',*,*,#7105,.T.);
#9987=ORIENTED_EDGE('',*,*,#7106,.T.);
#9988=ORIENTED_EDGE('',*,*,#7104,.F.);
#9989=ORIENTED_EDGE('',*,*,#7101,.F.);
#9990=ORIENTED_EDGE('',*,*,#7107,.T.);
#9991=ORIENTED_EDGE('',*,*,#7108,.F.);
#9992=ORIENTED_EDGE('',*,*,#7105,.F.);
#9993=ORIENTED_EDGE('',*,*,#7106,.F.);
#9994=ORIENTED_EDGE('',*,*,#7109,.F.);
#9995=ORIENTED_EDGE('',*,*,#7110,.F.);
#9996=ORIENTED_EDGE('',*,*,#7109,.T.);
#9997=ORIENTED_EDGE('',*,*,#7107,.F.);
#9998=ORIENTED_EDGE('',*,*,#7100,.F.);
#9999=ORIENTED_EDGE('',*,*,#7108,.T.);
#10000=ORIENTED_EDGE('',*,*,#7110,.T.);
#10001=ORIENTED_EDGE('',*,*,#7099,.T.);
#10002=ORIENTED_EDGE('',*,*,#7103,.T.);
#10003=ORIENTED_EDGE('',*,*,#7111,.F.);
#10004=ORIENTED_EDGE('',*,*,#7112,.T.);
#10005=ORIENTED_EDGE('',*,*,#7113,.T.);
#10006=ORIENTED_EDGE('',*,*,#7114,.T.);
#10007=ORIENTED_EDGE('',*,*,#7115,.F.);
#10008=ORIENTED_EDGE('',*,*,#7114,.F.);
#10009=ORIENTED_EDGE('',*,*,#7116,.T.);
#10010=ORIENTED_EDGE('',*,*,#7117,.T.);
#10011=ORIENTED_EDGE('',*,*,#7118,.T.);
#10012=ORIENTED_EDGE('',*,*,#7116,.F.);
#10013=ORIENTED_EDGE('',*,*,#7113,.F.);
#10014=ORIENTED_EDGE('',*,*,#7119,.T.);
#10015=ORIENTED_EDGE('',*,*,#7120,.F.);
#10016=ORIENTED_EDGE('',*,*,#7117,.F.);
#10017=ORIENTED_EDGE('',*,*,#7118,.F.);
#10018=ORIENTED_EDGE('',*,*,#7121,.F.);
#10019=ORIENTED_EDGE('',*,*,#7122,.F.);
#10020=ORIENTED_EDGE('',*,*,#7121,.T.);
#10021=ORIENTED_EDGE('',*,*,#7119,.F.);
#10022=ORIENTED_EDGE('',*,*,#7112,.F.);
#10023=ORIENTED_EDGE('',*,*,#7120,.T.);
#10024=ORIENTED_EDGE('',*,*,#7122,.T.);
#10025=ORIENTED_EDGE('',*,*,#7111,.T.);
#10026=ORIENTED_EDGE('',*,*,#7115,.T.);
#10027=ORIENTED_EDGE('',*,*,#7123,.F.);
#10028=ORIENTED_EDGE('',*,*,#7124,.T.);
#10029=ORIENTED_EDGE('',*,*,#7125,.T.);
#10030=ORIENTED_EDGE('',*,*,#7126,.F.);
#10031=ORIENTED_EDGE('',*,*,#7127,.T.);
#10032=ORIENTED_EDGE('',*,*,#7128,.F.);
#10033=ORIENTED_EDGE('',*,*,#7125,.F.);
#10034=ORIENTED_EDGE('',*,*,#7129,.T.);
#10035=ORIENTED_EDGE('',*,*,#7130,.F.);
#10036=ORIENTED_EDGE('',*,*,#7126,.T.);
#10037=ORIENTED_EDGE('',*,*,#7128,.T.);
#10038=ORIENTED_EDGE('',*,*,#7131,.T.);
#10039=ORIENTED_EDGE('',*,*,#7132,.F.);
#10040=ORIENTED_EDGE('',*,*,#7131,.F.);
#10041=ORIENTED_EDGE('',*,*,#7127,.F.);
#10042=ORIENTED_EDGE('',*,*,#7133,.F.);
#10043=ORIENTED_EDGE('',*,*,#7134,.F.);
#10044=ORIENTED_EDGE('',*,*,#7133,.T.);
#10045=ORIENTED_EDGE('',*,*,#7129,.F.);
#10046=ORIENTED_EDGE('',*,*,#7124,.F.);
#10047=ORIENTED_EDGE('',*,*,#7132,.T.);
#10048=ORIENTED_EDGE('',*,*,#7134,.T.);
#10049=ORIENTED_EDGE('',*,*,#7123,.T.);
#10050=ORIENTED_EDGE('',*,*,#7130,.T.);
#10051=ORIENTED_EDGE('',*,*,#7135,.F.);
#10052=ORIENTED_EDGE('',*,*,#7136,.T.);
#10053=ORIENTED_EDGE('',*,*,#7137,.T.);
#10054=ORIENTED_EDGE('',*,*,#7138,.T.);
#10055=ORIENTED_EDGE('',*,*,#7137,.F.);
#10056=ORIENTED_EDGE('',*,*,#7139,.T.);
#10057=ORIENTED_EDGE('',*,*,#7140,.T.);
#10058=ORIENTED_EDGE('',*,*,#7141,.F.);
#10059=ORIENTED_EDGE('',*,*,#7142,.F.);
#10060=ORIENTED_EDGE('',*,*,#7143,.T.);
#10061=ORIENTED_EDGE('',*,*,#7139,.F.);
#10062=ORIENTED_EDGE('',*,*,#7136,.F.);
#10063=ORIENTED_EDGE('',*,*,#7144,.F.);
#10064=ORIENTED_EDGE('',*,*,#7138,.F.);
#10065=ORIENTED_EDGE('',*,*,#7141,.T.);
#10066=ORIENTED_EDGE('',*,*,#7145,.T.);
#10067=ORIENTED_EDGE('',*,*,#7146,.F.);
#10068=ORIENTED_EDGE('',*,*,#7145,.F.);
#10069=ORIENTED_EDGE('',*,*,#7140,.F.);
#10070=ORIENTED_EDGE('',*,*,#7143,.F.);
#10071=ORIENTED_EDGE('',*,*,#7144,.T.);
#10072=ORIENTED_EDGE('',*,*,#7146,.T.);
#10073=ORIENTED_EDGE('',*,*,#7142,.T.);
#10074=ORIENTED_EDGE('',*,*,#7135,.T.);
#10075=ORIENTED_EDGE('',*,*,#7147,.F.);
#10076=ORIENTED_EDGE('',*,*,#7148,.T.);
#10077=ORIENTED_EDGE('',*,*,#7149,.T.);
#10078=ORIENTED_EDGE('',*,*,#7150,.T.);
#10079=ORIENTED_EDGE('',*,*,#7151,.F.);
#10080=ORIENTED_EDGE('',*,*,#7152,.T.);
#10081=ORIENTED_EDGE('',*,*,#7153,.F.);
#10082=ORIENTED_EDGE('',*,*,#7148,.F.);
#10083=ORIENTED_EDGE('',*,*,#7149,.F.);
#10084=ORIENTED_EDGE('',*,*,#7153,.T.);
#10085=ORIENTED_EDGE('',*,*,#7154,.T.);
#10086=ORIENTED_EDGE('',*,*,#7155,.F.);
#10087=ORIENTED_EDGE('',*,*,#7156,.F.);
#10088=ORIENTED_EDGE('',*,*,#7150,.F.);
#10089=ORIENTED_EDGE('',*,*,#7155,.T.);
#10090=ORIENTED_EDGE('',*,*,#7157,.T.);
#10091=ORIENTED_EDGE('',*,*,#7158,.F.);
#10092=ORIENTED_EDGE('',*,*,#7157,.F.);
#10093=ORIENTED_EDGE('',*,*,#7154,.F.);
#10094=ORIENTED_EDGE('',*,*,#7152,.F.);
#10095=ORIENTED_EDGE('',*,*,#7156,.T.);
#10096=ORIENTED_EDGE('',*,*,#7158,.T.);
#10097=ORIENTED_EDGE('',*,*,#7151,.T.);
#10098=ORIENTED_EDGE('',*,*,#7147,.T.);
#10099=ORIENTED_EDGE('',*,*,#7159,.F.);
#10100=ORIENTED_EDGE('',*,*,#7160,.F.);
#10101=ORIENTED_EDGE('',*,*,#7161,.T.);
#10102=ORIENTED_EDGE('',*,*,#7162,.T.);
#10103=ORIENTED_EDGE('',*,*,#7163,.F.);
#10104=ORIENTED_EDGE('',*,*,#7164,.T.);
#10105=ORIENTED_EDGE('',*,*,#7165,.T.);
#10106=ORIENTED_EDGE('',*,*,#7161,.F.);
#10107=ORIENTED_EDGE('',*,*,#7166,.F.);
#10108=ORIENTED_EDGE('',*,*,#7162,.F.);
#10109=ORIENTED_EDGE('',*,*,#7165,.F.);
#10110=ORIENTED_EDGE('',*,*,#7167,.F.);
#10111=ORIENTED_EDGE('',*,*,#7168,.F.);
#10112=ORIENTED_EDGE('',*,*,#7167,.T.);
#10113=ORIENTED_EDGE('',*,*,#7164,.F.);
#10114=ORIENTED_EDGE('',*,*,#7169,.F.);
#10115=ORIENTED_EDGE('',*,*,#7170,.F.);
#10116=ORIENTED_EDGE('',*,*,#7169,.T.);
#10117=ORIENTED_EDGE('',*,*,#7163,.T.);
#10118=ORIENTED_EDGE('',*,*,#7160,.T.);
#10119=ORIENTED_EDGE('',*,*,#7168,.T.);
#10120=ORIENTED_EDGE('',*,*,#7170,.T.);
#10121=ORIENTED_EDGE('',*,*,#7159,.T.);
#10122=ORIENTED_EDGE('',*,*,#7166,.T.);
#10123=ORIENTED_EDGE('',*,*,#7171,.F.);
#10124=ORIENTED_EDGE('',*,*,#7172,.T.);
#10125=ORIENTED_EDGE('',*,*,#7173,.T.);
#10126=ORIENTED_EDGE('',*,*,#7174,.T.);
#10127=ORIENTED_EDGE('',*,*,#7175,.T.);
#10128=ORIENTED_EDGE('',*,*,#7176,.F.);
#10129=ORIENTED_EDGE('',*,*,#7173,.F.);
#10130=ORIENTED_EDGE('',*,*,#7177,.T.);
#10131=ORIENTED_EDGE('',*,*,#7178,.F.);
#10132=ORIENTED_EDGE('',*,*,#7174,.F.);
#10133=ORIENTED_EDGE('',*,*,#7176,.T.);
#10134=ORIENTED_EDGE('',*,*,#7179,.T.);
#10135=ORIENTED_EDGE('',*,*,#7180,.F.);
#10136=ORIENTED_EDGE('',*,*,#7179,.F.);
#10137=ORIENTED_EDGE('',*,*,#7175,.F.);
#10138=ORIENTED_EDGE('',*,*,#7181,.F.);
#10139=ORIENTED_EDGE('',*,*,#7182,.F.);
#10140=ORIENTED_EDGE('',*,*,#7181,.T.);
#10141=ORIENTED_EDGE('',*,*,#7177,.F.);
#10142=ORIENTED_EDGE('',*,*,#7172,.F.);
#10143=ORIENTED_EDGE('',*,*,#7180,.T.);
#10144=ORIENTED_EDGE('',*,*,#7182,.T.);
#10145=ORIENTED_EDGE('',*,*,#7171,.T.);
#10146=ORIENTED_EDGE('',*,*,#7178,.T.);
#10147=ORIENTED_EDGE('',*,*,#7183,.F.);
#10148=ORIENTED_EDGE('',*,*,#7184,.T.);
#10149=ORIENTED_EDGE('',*,*,#7185,.T.);
#10150=ORIENTED_EDGE('',*,*,#7186,.T.);
#10151=ORIENTED_EDGE('',*,*,#7187,.F.);
#10152=ORIENTED_EDGE('',*,*,#7186,.F.);
#10153=ORIENTED_EDGE('',*,*,#7188,.T.);
#10154=ORIENTED_EDGE('',*,*,#7189,.T.);
#10155=ORIENTED_EDGE('',*,*,#7190,.T.);
#10156=ORIENTED_EDGE('',*,*,#7188,.F.);
#10157=ORIENTED_EDGE('',*,*,#7185,.F.);
#10158=ORIENTED_EDGE('',*,*,#7191,.T.);
#10159=ORIENTED_EDGE('',*,*,#7192,.F.);
#10160=ORIENTED_EDGE('',*,*,#7189,.F.);
#10161=ORIENTED_EDGE('',*,*,#7190,.F.);
#10162=ORIENTED_EDGE('',*,*,#7193,.F.);
#10163=ORIENTED_EDGE('',*,*,#7194,.F.);
#10164=ORIENTED_EDGE('',*,*,#7193,.T.);
#10165=ORIENTED_EDGE('',*,*,#7191,.F.);
#10166=ORIENTED_EDGE('',*,*,#7184,.F.);
#10167=ORIENTED_EDGE('',*,*,#7192,.T.);
#10168=ORIENTED_EDGE('',*,*,#7194,.T.);
#10169=ORIENTED_EDGE('',*,*,#7183,.T.);
#10170=ORIENTED_EDGE('',*,*,#7187,.T.);
#10171=ORIENTED_EDGE('',*,*,#7195,.F.);
#10172=ORIENTED_EDGE('',*,*,#7196,.T.);
#10173=ORIENTED_EDGE('',*,*,#7197,.T.);
#10174=ORIENTED_EDGE('',*,*,#7198,.T.);
#10175=ORIENTED_EDGE('',*,*,#7199,.F.);
#10176=ORIENTED_EDGE('',*,*,#7198,.F.);
#10177=ORIENTED_EDGE('',*,*,#7200,.T.);
#10178=ORIENTED_EDGE('',*,*,#7201,.T.);
#10179=ORIENTED_EDGE('',*,*,#7202,.T.);
#10180=ORIENTED_EDGE('',*,*,#7200,.F.);
#10181=ORIENTED_EDGE('',*,*,#7197,.F.);
#10182=ORIENTED_EDGE('',*,*,#7203,.T.);
#10183=ORIENTED_EDGE('',*,*,#7204,.F.);
#10184=ORIENTED_EDGE('',*,*,#7201,.F.);
#10185=ORIENTED_EDGE('',*,*,#7202,.F.);
#10186=ORIENTED_EDGE('',*,*,#7205,.F.);
#10187=ORIENTED_EDGE('',*,*,#7206,.F.);
#10188=ORIENTED_EDGE('',*,*,#7205,.T.);
#10189=ORIENTED_EDGE('',*,*,#7203,.F.);
#10190=ORIENTED_EDGE('',*,*,#7196,.F.);
#10191=ORIENTED_EDGE('',*,*,#7204,.T.);
#10192=ORIENTED_EDGE('',*,*,#7206,.T.);
#10193=ORIENTED_EDGE('',*,*,#7195,.T.);
#10194=ORIENTED_EDGE('',*,*,#7199,.T.);
#10195=ORIENTED_EDGE('',*,*,#7207,.T.);
#10196=ORIENTED_EDGE('',*,*,#7208,.T.);
#10197=ORIENTED_EDGE('',*,*,#7209,.T.);
#10198=ORIENTED_EDGE('',*,*,#7210,.T.);
#10199=ORIENTED_EDGE('',*,*,#7211,.T.);
#10200=ORIENTED_EDGE('',*,*,#7212,.T.);
#10201=ORIENTED_EDGE('',*,*,#7213,.T.);
#10202=ORIENTED_EDGE('',*,*,#7214,.T.);
#10203=ORIENTED_EDGE('',*,*,#7215,.F.);
#10204=ORIENTED_EDGE('',*,*,#7216,.F.);
#10205=ORIENTED_EDGE('',*,*,#7217,.F.);
#10206=ORIENTED_EDGE('',*,*,#7218,.F.);
#10207=ORIENTED_EDGE('',*,*,#7219,.T.);
#10208=ORIENTED_EDGE('',*,*,#7220,.T.);
#10209=ORIENTED_EDGE('',*,*,#7221,.T.);
#10210=ORIENTED_EDGE('',*,*,#7222,.T.);
#10211=ORIENTED_EDGE('',*,*,#7223,.T.);
#10212=ORIENTED_EDGE('',*,*,#7224,.T.);
#10213=ORIENTED_EDGE('',*,*,#7225,.T.);
#10214=ORIENTED_EDGE('',*,*,#7226,.T.);
#10215=ORIENTED_EDGE('',*,*,#7227,.T.);
#10216=ORIENTED_EDGE('',*,*,#7228,.T.);
#10217=ORIENTED_EDGE('',*,*,#7229,.T.);
#10218=ORIENTED_EDGE('',*,*,#7230,.T.);
#10219=ORIENTED_EDGE('',*,*,#7214,.F.);
#10220=ORIENTED_EDGE('',*,*,#7231,.T.);
#10221=ORIENTED_EDGE('',*,*,#7219,.F.);
#10222=ORIENTED_EDGE('',*,*,#7232,.F.);
#10223=ORIENTED_EDGE('',*,*,#7213,.F.);
#10224=ORIENTED_EDGE('',*,*,#7233,.T.);
#10225=ORIENTED_EDGE('',*,*,#7220,.F.);
#10226=ORIENTED_EDGE('',*,*,#7231,.F.);
#10227=ORIENTED_EDGE('',*,*,#7212,.F.);
#10228=ORIENTED_EDGE('',*,*,#7234,.T.);
#10229=ORIENTED_EDGE('',*,*,#7221,.F.);
#10230=ORIENTED_EDGE('',*,*,#7233,.F.);
#10231=ORIENTED_EDGE('',*,*,#7211,.F.);
#10232=ORIENTED_EDGE('',*,*,#7235,.T.);
#10233=ORIENTED_EDGE('',*,*,#7222,.F.);
#10234=ORIENTED_EDGE('',*,*,#7234,.F.);
#10235=ORIENTED_EDGE('',*,*,#7216,.T.);
#10236=ORIENTED_EDGE('',*,*,#7236,.T.);
#10237=ORIENTED_EDGE('',*,*,#7230,.F.);
#10238=ORIENTED_EDGE('',*,*,#7237,.T.);
#10239=ORIENTED_EDGE('',*,*,#7215,.T.);
#10240=ORIENTED_EDGE('',*,*,#7238,.F.);
#10241=ORIENTED_EDGE('',*,*,#7227,.F.);
#10242=ORIENTED_EDGE('',*,*,#7236,.F.);
#10243=ORIENTED_EDGE('',*,*,#7217,.T.);
#10244=ORIENTED_EDGE('',*,*,#7237,.F.);
#10245=ORIENTED_EDGE('',*,*,#7229,.F.);
#10246=ORIENTED_EDGE('',*,*,#7239,.T.);
#10247=ORIENTED_EDGE('',*,*,#7218,.T.);
#10248=ORIENTED_EDGE('',*,*,#7239,.F.);
#10249=ORIENTED_EDGE('',*,*,#7228,.F.);
#10250=ORIENTED_EDGE('',*,*,#7238,.T.);
#10251=ORIENTED_EDGE('',*,*,#7207,.F.);
#10252=ORIENTED_EDGE('',*,*,#7232,.T.);
#10253=ORIENTED_EDGE('',*,*,#7226,.F.);
#10254=ORIENTED_EDGE('',*,*,#7240,.F.);
#10255=ORIENTED_EDGE('',*,*,#7208,.F.);
#10256=ORIENTED_EDGE('',*,*,#7240,.T.);
#10257=ORIENTED_EDGE('',*,*,#7225,.F.);
#10258=ORIENTED_EDGE('',*,*,#7241,.F.);
#10259=ORIENTED_EDGE('',*,*,#7209,.F.);
#10260=ORIENTED_EDGE('',*,*,#7241,.T.);
#10261=ORIENTED_EDGE('',*,*,#7224,.F.);
#10262=ORIENTED_EDGE('',*,*,#7242,.F.);
#10263=ORIENTED_EDGE('',*,*,#7210,.F.);
#10264=ORIENTED_EDGE('',*,*,#7242,.T.);
#10265=ORIENTED_EDGE('',*,*,#7223,.F.);
#10266=ORIENTED_EDGE('',*,*,#7235,.F.);
#10267=PLANE('',#11637);
#10268=PLANE('',#11646);
#10269=PLANE('',#11649);
#10270=PLANE('',#11652);
#10271=PLANE('',#11655);
#10272=PLANE('',#11658);
#10273=PLANE('',#11659);
#10274=PLANE('',#11665);
#10275=PLANE('',#11667);
#10276=PLANE('',#11669);
#10277=PLANE('',#11671);
#10278=PLANE('',#11673);
#10279=PLANE('',#11674);
#10280=PLANE('',#11675);
#10281=PLANE('',#11676);
#10282=PLANE('',#11677);
#10283=PLANE('',#11678);
#10284=PLANE('',#11680);
#10285=PLANE('',#11681);
#10286=PLANE('',#11682);
#10287=PLANE('',#11683);
#10288=PLANE('',#11684);
#10289=PLANE('',#11685);
#10290=PLANE('',#11892);
#10291=PLANE('',#11894);
#10292=PLANE('',#11895);
#10293=PLANE('',#11896);
#10294=PLANE('',#11897);
#10295=PLANE('',#11898);
#10296=PLANE('',#11899);
#10297=PLANE('',#11900);
#10298=PLANE('',#11901);
#10299=PLANE('',#11902);
#10300=PLANE('',#11903);
#10301=PLANE('',#11904);
#10302=PLANE('',#11905);
#10303=PLANE('',#11906);
#10304=PLANE('',#11907);
#10305=PLANE('',#11908);
#10306=PLANE('',#11909);
#10307=PLANE('',#11910);
#10308=PLANE('',#11911);
#10309=PLANE('',#11912);
#10310=PLANE('',#11913);
#10311=PLANE('',#11914);
#10312=PLANE('',#11915);
#10313=PLANE('',#11916);
#10314=PLANE('',#11917);
#10315=PLANE('',#11918);
#10316=PLANE('',#11919);
#10317=PLANE('',#11920);
#10318=PLANE('',#11921);
#10319=PLANE('',#11922);
#10320=PLANE('',#11923);
#10321=PLANE('',#11924);
#10322=PLANE('',#11931);
#10323=PLANE('',#11932);
#10324=PLANE('',#11942);
#10325=PLANE('',#11943);
#10326=PLANE('',#11944);
#10327=PLANE('',#11945);
#10328=PLANE('',#11955);
#10329=PLANE('',#11959);
#10330=PLANE('',#11969);
#10331=PLANE('',#11970);
#10332=PLANE('',#11971);
#10333=PLANE('',#11972);
#10334=PLANE('',#11973);
#10335=PLANE('',#11977);
#10336=PLANE('',#11978);
#10337=PLANE('',#11979);
#10338=PLANE('',#11980);
#10339=PLANE('',#11981);
#10340=PLANE('',#11982);
#10341=PLANE('',#11983);
#10342=PLANE('',#11984);
#10343=PLANE('',#11985);
#10344=PLANE('',#11986);
#10345=PLANE('',#11987);
#10346=PLANE('',#11988);
#10347=PLANE('',#11989);
#10348=PLANE('',#11990);
#10349=PLANE('',#11991);
#10350=PLANE('',#11992);
#10351=PLANE('',#11993);
#10352=PLANE('',#11994);
#10353=PLANE('',#11995);
#10354=PLANE('',#11996);
#10355=PLANE('',#11997);
#10356=PLANE('',#11998);
#10357=PLANE('',#11999);
#10358=PLANE('',#12000);
#10359=PLANE('',#12001);
#10360=PLANE('',#12002);
#10361=PLANE('',#12003);
#10362=PLANE('',#12004);
#10363=PLANE('',#12005);
#10364=PLANE('',#12006);
#10365=PLANE('',#12007);
#10366=PLANE('',#12008);
#10367=PLANE('',#12009);
#10368=PLANE('',#12010);
#10369=PLANE('',#12011);
#10370=PLANE('',#12012);
#10371=PLANE('',#12013);
#10372=PLANE('',#12014);
#10373=PLANE('',#12015);
#10374=PLANE('',#12016);
#10375=PLANE('',#12017);
#10376=PLANE('',#12018);
#10377=PLANE('',#12019);
#10378=PLANE('',#12020);
#10379=PLANE('',#12021);
#10380=PLANE('',#12022);
#10381=PLANE('',#12023);
#10382=PLANE('',#12024);
#10383=PLANE('',#12025);
#10384=PLANE('',#12026);
#10385=PLANE('',#12027);
#10386=PLANE('',#12028);
#10387=PLANE('',#12029);
#10388=PLANE('',#12030);
#10389=PLANE('',#12031);
#10390=PLANE('',#12032);
#10391=PLANE('',#12033);
#10392=PLANE('',#12034);
#10393=PLANE('',#12035);
#10394=PLANE('',#12036);
#10395=PLANE('',#12037);
#10396=PLANE('',#12038);
#10397=PLANE('',#12039);
#10398=PLANE('',#12040);
#10399=PLANE('',#12041);
#10400=PLANE('',#12042);
#10401=PLANE('',#12043);
#10402=PLANE('',#12044);
#10403=PLANE('',#12045);
#10404=PLANE('',#12046);
#10405=PLANE('',#12047);
#10406=PLANE('',#12048);
#10407=PLANE('',#12049);
#10408=PLANE('',#12050);
#10409=PLANE('',#12051);
#10410=PLANE('',#12052);
#10411=PLANE('',#12053);
#10412=PLANE('',#12054);
#10413=PLANE('',#12055);
#10414=PLANE('',#12056);
#10415=PLANE('',#12057);
#10416=PLANE('',#12058);
#10417=PLANE('',#12059);
#10418=PLANE('',#12060);
#10419=PLANE('',#12061);
#10420=PLANE('',#12062);
#10421=PLANE('',#12063);
#10422=PLANE('',#12064);
#10423=PLANE('',#12065);
#10424=PLANE('',#12066);
#10425=PLANE('',#12071);
#10426=PLANE('',#12072);
#10427=PLANE('',#12073);
#10428=PLANE('',#12074);
#10429=PLANE('',#12075);
#10430=PLANE('',#12076);
#10431=PLANE('',#12077);
#10432=PLANE('',#12078);
#10433=PLANE('',#12079);
#10434=PLANE('',#12080);
#10435=PLANE('',#12082);
#10436=PLANE('',#12083);
#10437=PLANE('',#12084);
#10438=PLANE('',#12087);
#10439=PLANE('',#12090);
#10440=PLANE('',#12091);
#10441=PLANE('',#12092);
#10442=PLANE('',#12093);
#10443=PLANE('',#12094);
#10444=PLANE('',#12095);
#10445=PLANE('',#12096);
#10446=PLANE('',#12097);
#10447=PLANE('',#12098);
#10448=PLANE('',#12099);
#10449=PLANE('',#12100);
#10450=PLANE('',#12101);
#10451=PLANE('',#12102);
#10452=PLANE('',#12103);
#10453=PLANE('',#12104);
#10454=PLANE('',#12105);
#10455=PLANE('',#12106);
#10456=PLANE('',#12107);
#10457=PLANE('',#12108);
#10458=PLANE('',#12109);
#10459=PLANE('',#12110);
#10460=PLANE('',#12111);
#10461=PLANE('',#12112);
#10462=PLANE('',#12113);
#10463=PLANE('',#12114);
#10464=PLANE('',#12115);
#10465=PLANE('',#12116);
#10466=PLANE('',#12117);
#10467=PLANE('',#12118);
#10468=PLANE('',#12119);
#10469=PLANE('',#12120);
#10470=PLANE('',#12121);
#10471=PLANE('',#12122);
#10472=PLANE('',#12123);
#10473=PLANE('',#12124);
#10474=PLANE('',#12125);
#10475=PLANE('',#12126);
#10476=PLANE('',#12127);
#10477=PLANE('',#12128);
#10478=PLANE('',#12129);
#10479=PLANE('',#12130);
#10480=PLANE('',#12131);
#10481=PLANE('',#12132);
#10482=PLANE('',#12133);
#10483=PLANE('',#12134);
#10484=PLANE('',#12135);
#10485=PLANE('',#12136);
#10486=PLANE('',#12137);
#10487=PLANE('',#12138);
#10488=PLANE('',#12139);
#10489=PLANE('',#12140);
#10490=PLANE('',#12141);
#10491=PLANE('',#12142);
#10492=PLANE('',#12143);
#10493=PLANE('',#12144);
#10494=PLANE('',#12145);
#10495=PLANE('',#12146);
#10496=PLANE('',#12147);
#10497=PLANE('',#12148);
#10498=PLANE('',#12149);
#10499=PLANE('',#12150);
#10500=PLANE('',#12151);
#10501=PLANE('',#12152);
#10502=PLANE('',#12153);
#10503=PLANE('',#12154);
#10504=PLANE('',#12155);
#10505=PLANE('',#12156);
#10506=PLANE('',#12157);
#10507=PLANE('',#12158);
#10508=PLANE('',#12159);
#10509=PLANE('',#12160);
#10510=PLANE('',#12161);
#10511=PLANE('',#12162);
#10512=PLANE('',#12163);
#10513=PLANE('',#12164);
#10514=PLANE('',#12165);
#10515=PLANE('',#12166);
#10516=PLANE('',#12167);
#10517=PLANE('',#12168);
#10518=PLANE('',#12169);
#10519=PLANE('',#12170);
#10520=PLANE('',#12171);
#10521=PLANE('',#12172);
#10522=PLANE('',#12173);
#10523=PLANE('',#12174);
#10524=PLANE('',#12175);
#10525=PLANE('',#12176);
#10526=PLANE('',#12177);
#10527=PLANE('',#12178);
#10528=PLANE('',#12179);
#10529=PLANE('',#12180);
#10530=PLANE('',#12181);
#10531=PLANE('',#12182);
#10532=PLANE('',#12183);
#10533=PLANE('',#12184);
#10534=PLANE('',#12185);
#10535=PLANE('',#12186);
#10536=PLANE('',#12187);
#10537=PLANE('',#12188);
#10538=PLANE('',#12189);
#10539=PLANE('',#12190);
#10540=PLANE('',#12191);
#10541=PLANE('',#12192);
#10542=PLANE('',#12193);
#10543=PLANE('',#12194);
#10544=PLANE('',#12195);
#10545=PLANE('',#12196);
#10546=PLANE('',#12197);
#10547=PLANE('',#12198);
#10548=PLANE('',#12199);
#10549=PLANE('',#12200);
#10550=PLANE('',#12201);
#10551=PLANE('',#12202);
#10552=PLANE('',#12203);
#10553=PLANE('',#12204);
#10554=PLANE('',#12205);
#10555=PLANE('',#12206);
#10556=PLANE('',#12207);
#10557=PLANE('',#12208);
#10558=PLANE('',#12209);
#10559=PLANE('',#12210);
#10560=PLANE('',#12211);
#10561=PLANE('',#12212);
#10562=PLANE('',#12213);
#10563=PLANE('',#12214);
#10564=PLANE('',#12215);
#10565=PLANE('',#12216);
#10566=PLANE('',#12217);
#10567=PLANE('',#12218);
#10568=PLANE('',#12219);
#10569=PLANE('',#12220);
#10570=PLANE('',#12221);
#10571=PLANE('',#12222);
#10572=PLANE('',#12223);
#10573=PLANE('',#12224);
#10574=PLANE('',#12225);
#10575=PLANE('',#12226);
#10576=PLANE('',#12227);
#10577=PLANE('',#12228);
#10578=PLANE('',#12229);
#10579=PLANE('',#12230);
#10580=PLANE('',#12231);
#10581=PLANE('',#12232);
#10582=PLANE('',#12233);
#10583=PLANE('',#12234);
#10584=PLANE('',#12235);
#10585=PLANE('',#12236);
#10586=PLANE('',#12237);
#10587=PLANE('',#12238);
#10588=PLANE('',#12239);
#10589=PLANE('',#12240);
#10590=PLANE('',#12241);
#10591=PLANE('',#12242);
#10592=PLANE('',#12243);
#10593=PLANE('',#12244);
#10594=PLANE('',#12245);
#10595=PLANE('',#12246);
#10596=PLANE('',#12247);
#10597=PLANE('',#12248);
#10598=PLANE('',#12249);
#10599=PLANE('',#12250);
#10600=PLANE('',#12251);
#10601=PLANE('',#12252);
#10602=PLANE('',#12253);
#10603=PLANE('',#12254);
#10604=PLANE('',#12255);
#10605=PLANE('',#12256);
#10606=PLANE('',#12257);
#10607=PLANE('',#12258);
#10608=PLANE('',#12259);
#10609=PLANE('',#12260);
#10610=PLANE('',#12261);
#10611=PLANE('',#12262);
#10612=PLANE('',#12263);
#10613=PLANE('',#12264);
#10614=PLANE('',#12265);
#10615=PLANE('',#12266);
#10616=PLANE('',#12267);
#10617=PLANE('',#12268);
#10618=PLANE('',#12269);
#10619=PLANE('',#12270);
#10620=PLANE('',#12271);
#10621=PLANE('',#12272);
#10622=PLANE('',#12273);
#10623=PLANE('',#12274);
#10624=PLANE('',#12275);
#10625=PLANE('',#12276);
#10626=PLANE('',#12277);
#10627=PLANE('',#12278);
#10628=PLANE('',#12279);
#10629=PLANE('',#12280);
#10630=PLANE('',#12281);
#10631=PLANE('',#12282);
#10632=PLANE('',#12283);
#10633=PLANE('',#12284);
#10634=PLANE('',#12285);
#10635=PLANE('',#12286);
#10636=PLANE('',#12287);
#10637=PLANE('',#12288);
#10638=PLANE('',#12289);
#10639=PLANE('',#12290);
#10640=PLANE('',#12291);
#10641=PLANE('',#12292);
#10642=PLANE('',#12293);
#10643=PLANE('',#12294);
#10644=PLANE('',#12295);
#10645=PLANE('',#12296);
#10646=PLANE('',#12297);
#10647=PLANE('',#12298);
#10648=PLANE('',#12299);
#10649=PLANE('',#12300);
#10650=PLANE('',#12301);
#10651=PLANE('',#12302);
#10652=PLANE('',#12303);
#10653=PLANE('',#12304);
#10654=PLANE('',#12305);
#10655=PLANE('',#12306);
#10656=PLANE('',#12307);
#10657=PLANE('',#12308);
#10658=PLANE('',#12309);
#10659=PLANE('',#12310);
#10660=PLANE('',#12311);
#10661=PLANE('',#12312);
#10662=PLANE('',#12313);
#10663=PLANE('',#12314);
#10664=PLANE('',#12315);
#10665=PLANE('',#12316);
#10666=PLANE('',#12317);
#10667=PLANE('',#12318);
#10668=PLANE('',#12319);
#10669=PLANE('',#12320);
#10670=PLANE('',#12321);
#10671=PLANE('',#12322);
#10672=PLANE('',#12323);
#10673=PLANE('',#12324);
#10674=PLANE('',#12325);
#10675=PLANE('',#12326);
#10676=PLANE('',#12327);
#10677=PLANE('',#12328);
#10678=PLANE('',#12329);
#10679=PLANE('',#12330);
#10680=PLANE('',#12331);
#10681=PLANE('',#12332);
#10682=PLANE('',#12333);
#10683=PLANE('',#12334);
#10684=PLANE('',#12335);
#10685=PLANE('',#12336);
#10686=PLANE('',#12337);
#10687=PLANE('',#12338);
#10688=PLANE('',#12339);
#10689=PLANE('',#12340);
#10690=PLANE('',#12341);
#10691=PLANE('',#12342);
#10692=PLANE('',#12343);
#10693=PLANE('',#12344);
#10694=PLANE('',#12345);
#10695=PLANE('',#12346);
#10696=PLANE('',#12347);
#10697=PLANE('',#12348);
#10698=PLANE('',#12349);
#10699=PLANE('',#12350);
#10700=PLANE('',#12351);
#10701=PLANE('',#12352);
#10702=PLANE('',#12353);
#10703=PLANE('',#12354);
#10704=PLANE('',#12355);
#10705=PLANE('',#12356);
#10706=PLANE('',#12357);
#10707=PLANE('',#12358);
#10708=PLANE('',#12359);
#10709=PLANE('',#12360);
#10710=PLANE('',#12361);
#10711=PLANE('',#12362);
#10712=PLANE('',#12363);
#10713=PLANE('',#12364);
#10714=PLANE('',#12365);
#10715=PLANE('',#12366);
#10716=PLANE('',#12367);
#10717=PLANE('',#12368);
#10718=PLANE('',#12369);
#10719=PLANE('',#12370);
#10720=PLANE('',#12371);
#10721=PLANE('',#12372);
#10722=PLANE('',#12373);
#10723=PLANE('',#12374);
#10724=PLANE('',#12375);
#10725=PLANE('',#12376);
#10726=PLANE('',#12377);
#10727=PLANE('',#12378);
#10728=PLANE('',#12379);
#10729=PLANE('',#12380);
#10730=PLANE('',#12381);
#10731=PLANE('',#12382);
#10732=PLANE('',#12383);
#10733=PLANE('',#12384);
#10734=PLANE('',#12385);
#10735=PLANE('',#12386);
#10736=PLANE('',#12387);
#10737=PLANE('',#12388);
#10738=PLANE('',#12389);
#10739=PLANE('',#12390);
#10740=PLANE('',#12391);
#10741=PLANE('',#12392);
#10742=PLANE('',#12393);
#10743=PLANE('',#12394);
#10744=PLANE('',#12395);
#10745=PLANE('',#12396);
#10746=PLANE('',#12397);
#10747=PLANE('',#12398);
#10748=PLANE('',#12399);
#10749=PLANE('',#12400);
#10750=PLANE('',#12401);
#10751=PLANE('',#12402);
#10752=PLANE('',#12403);
#10753=PLANE('',#12404);
#10754=PLANE('',#12405);
#10755=PLANE('',#12406);
#10756=PLANE('',#12407);
#10757=PLANE('',#12408);
#10758=PLANE('',#12409);
#10759=PLANE('',#12410);
#10760=PLANE('',#12411);
#10761=PLANE('',#12412);
#10762=PLANE('',#12413);
#10763=PLANE('',#12414);
#10764=PLANE('',#12415);
#10765=PLANE('',#12416);
#10766=PLANE('',#12417);
#10767=PLANE('',#12418);
#10768=PLANE('',#12419);
#10769=PLANE('',#12420);
#10770=PLANE('',#12421);
#10771=PLANE('',#12422);
#10772=PLANE('',#12423);
#10773=PLANE('',#12424);
#10774=PLANE('',#12425);
#10775=PLANE('',#12426);
#10776=PLANE('',#12427);
#10777=PLANE('',#12428);
#10778=PLANE('',#12429);
#10779=PLANE('',#12430);
#10780=PLANE('',#12431);
#10781=PLANE('',#12432);
#10782=PLANE('',#12433);
#10783=PLANE('',#12434);
#10784=PLANE('',#12435);
#10785=PLANE('',#12436);
#10786=PLANE('',#12437);
#10787=PLANE('',#12438);
#10788=PLANE('',#12439);
#10789=PLANE('',#12440);
#10790=PLANE('',#12441);
#10791=PLANE('',#12442);
#10792=PLANE('',#12443);
#10793=PLANE('',#12444);
#10794=PLANE('',#12445);
#10795=PLANE('',#12446);
#10796=PLANE('',#12447);
#10797=PLANE('',#12448);
#10798=PLANE('',#12449);
#10799=PLANE('',#12450);
#10800=PLANE('',#12451);
#10801=PLANE('',#12452);
#10802=PLANE('',#12453);
#10803=PLANE('',#12454);
#10804=PLANE('',#12455);
#10805=PLANE('',#12456);
#10806=PLANE('',#12457);
#10807=PLANE('',#12458);
#10808=PLANE('',#12459);
#10809=PLANE('',#12460);
#10810=PLANE('',#12461);
#10811=PLANE('',#12462);
#10812=PLANE('',#12463);
#10813=PLANE('',#12464);
#10814=PLANE('',#12465);
#10815=PLANE('',#12466);
#10816=PLANE('',#12467);
#10817=PLANE('',#12468);
#10818=PLANE('',#12469);
#10819=PLANE('',#12470);
#10820=PLANE('',#12471);
#10821=PLANE('',#12472);
#10822=PLANE('',#12473);
#10823=PLANE('',#12474);
#10824=PLANE('',#12479);
#10825=PLANE('',#12480);
#10826=PLANE('',#12486);
#10827=PLANE('',#12488);
#10828=PLANE('',#12489);
#10829=PLANE('',#12490);
#10830=PLANE('',#12491);
#10831=PLANE('',#12492);
#10832=PLANE('',#12493);
#10833=PLANE('',#12495);
#10834=ADVANCED_FACE('',(#506,#395),#10267,.F.);
#10835=ADVANCED_FACE('',(#507),#10268,.T.);
#10836=ADVANCED_FACE('',(#508),#301,.T.);
#10837=ADVANCED_FACE('',(#509),#10269,.T.);
#10838=ADVANCED_FACE('',(#510),#302,.T.);
#10839=ADVANCED_FACE('',(#511),#10270,.T.);
#10840=ADVANCED_FACE('',(#512),#303,.T.);
#10841=ADVANCED_FACE('',(#513),#10271,.T.);
#10842=ADVANCED_FACE('',(#514),#304,.T.);
#10843=ADVANCED_FACE('',(#515),#10272,.F.);
#10844=ADVANCED_FACE('',(#516),#10273,.T.);
#10845=ADVANCED_FACE('',(#517),#305,.F.);
#10846=ADVANCED_FACE('',(#518),#10274,.F.);
#10847=ADVANCED_FACE('',(#519),#306,.F.);
#10848=ADVANCED_FACE('',(#520),#10275,.F.);
#10849=ADVANCED_FACE('',(#521),#307,.F.);
#10850=ADVANCED_FACE('',(#522),#10276,.F.);
#10851=ADVANCED_FACE('',(#523),#308,.F.);
#10852=ADVANCED_FACE('',(#524),#10277,.F.);
#10853=ADVANCED_FACE('',(#525),#10278,.T.);
#10854=ADVANCED_FACE('',(#526),#10279,.T.);
#10855=ADVANCED_FACE('',(#527),#10280,.T.);
#10856=ADVANCED_FACE('',(#528),#10281,.T.);
#10857=ADVANCED_FACE('',(#529),#10282,.T.);
#10858=ADVANCED_FACE('',(#530),#10283,.F.);
#10859=ADVANCED_FACE('',(#531),#10284,.T.);
#10860=ADVANCED_FACE('',(#532),#10285,.T.);
#10861=ADVANCED_FACE('',(#533),#10286,.T.);
#10862=ADVANCED_FACE('',(#534),#10287,.T.);
#10863=ADVANCED_FACE('',(#535),#10288,.T.);
#10864=ADVANCED_FACE('',(#536),#10289,.F.);
#10865=ADVANCED_FACE('',(#537),#118,.F.);
#10866=ADVANCED_FACE('',(#538),#309,.F.);
#10867=ADVANCED_FACE('',(#539),#310,.F.);
#10868=ADVANCED_FACE('',(#540),#311,.F.);
#10869=ADVANCED_FACE('',(#541),#312,.F.);
#10870=ADVANCED_FACE('',(#542),#313,.F.);
#10871=ADVANCED_FACE('',(#543),#314,.F.);
#10872=ADVANCED_FACE('',(#544),#315,.F.);
#10873=ADVANCED_FACE('',(#545),#316,.F.);
#10874=ADVANCED_FACE('',(#546),#317,.F.);
#10875=ADVANCED_FACE('',(#547),#318,.F.);
#10876=ADVANCED_FACE('',(#548),#319,.F.);
#10877=ADVANCED_FACE('',(#549),#320,.F.);
#10878=ADVANCED_FACE('',(#550),#321,.F.);
#10879=ADVANCED_FACE('',(#551),#322,.F.);
#10880=ADVANCED_FACE('',(#552),#323,.F.);
#10881=ADVANCED_FACE('',(#553),#324,.F.);
#10882=ADVANCED_FACE('',(#554),#325,.F.);
#10883=ADVANCED_FACE('',(#555),#326,.F.);
#10884=ADVANCED_FACE('',(#556),#327,.F.);
#10885=ADVANCED_FACE('',(#557),#328,.F.);
#10886=ADVANCED_FACE('',(#558),#329,.F.);
#10887=ADVANCED_FACE('',(#559),#330,.F.);
#10888=ADVANCED_FACE('',(#560),#331,.F.);
#10889=ADVANCED_FACE('',(#561),#332,.F.);
#10890=ADVANCED_FACE('',(#562),#333,.F.);
#10891=ADVANCED_FACE('',(#563),#334,.F.);
#10892=ADVANCED_FACE('',(#564),#335,.F.);
#10893=ADVANCED_FACE('',(#565),#336,.F.);
#10894=ADVANCED_FACE('',(#566),#337,.F.);
#10895=ADVANCED_FACE('',(#567),#338,.F.);
#10896=ADVANCED_FACE('',(#568),#339,.F.);
#10897=ADVANCED_FACE('',(#569),#340,.F.);
#10898=ADVANCED_FACE('',(#570),#341,.F.);
#10899=ADVANCED_FACE('',(#571),#342,.F.);
#10900=ADVANCED_FACE('',(#572),#343,.F.);
#10901=ADVANCED_FACE('',(#573),#344,.F.);
#10902=ADVANCED_FACE('',(#574),#345,.F.);
#10903=ADVANCED_FACE('',(#575),#346,.F.);
#10904=ADVANCED_FACE('',(#576),#347,.F.);
#10905=ADVANCED_FACE('',(#577),#348,.F.);
#10906=ADVANCED_FACE('',(#578),#349,.F.);
#10907=ADVANCED_FACE('',(#579),#350,.F.);
#10908=ADVANCED_FACE('',(#580),#351,.F.);
#10909=ADVANCED_FACE('',(#581),#352,.F.);
#10910=ADVANCED_FACE('',(#582),#353,.F.);
#10911=ADVANCED_FACE('',(#583),#354,.F.);
#10912=ADVANCED_FACE('',(#584),#355,.F.);
#10913=ADVANCED_FACE('',(#585),#356,.F.);
#10914=ADVANCED_FACE('',(#586),#357,.F.);
#10915=ADVANCED_FACE('',(#587),#358,.F.);
#10916=ADVANCED_FACE('',(#588),#359,.F.);
#10917=ADVANCED_FACE('',(#589),#360,.F.);
#10918=ADVANCED_FACE('',(#590),#361,.F.);
#10919=ADVANCED_FACE('',(#591),#362,.F.);
#10920=ADVANCED_FACE('',(#592),#363,.F.);
#10921=ADVANCED_FACE('',(#593),#364,.F.);
#10922=ADVANCED_FACE('',(#594),#365,.F.);
#10923=ADVANCED_FACE('',(#595),#366,.F.);
#10924=ADVANCED_FACE('',(#596),#367,.F.);
#10925=ADVANCED_FACE('',(#597),#368,.F.);
#10926=ADVANCED_FACE('',(#598),#369,.F.);
#10927=ADVANCED_FACE('',(#599),#370,.F.);
#10928=ADVANCED_FACE('',(#600),#371,.F.);
#10929=ADVANCED_FACE('',(#601),#372,.F.);
#10930=ADVANCED_FACE('',(#602),#373,.F.);
#10931=ADVANCED_FACE('',(#603),#374,.F.);
#10932=ADVANCED_FACE('',(#604),#375,.F.);
#10933=ADVANCED_FACE('',(#605,#396,#397,#398,#399,#400,#401,#402,#403,#404,
#405,#406,#407,#408,#409,#410,#411,#412,#413,#414,#415,#416,#417,#418,#419,
#420,#421,#422,#423,#424,#425,#426,#427,#428,#429,#430,#431,#432,#433,#434,
#435,#436),#10290,.T.);
#10934=ADVANCED_FACE('',(#606,#437),#10291,.F.);
#10935=ADVANCED_FACE('',(#607,#438),#10292,.F.);
#10936=ADVANCED_FACE('',(#608,#439),#10293,.F.);
#10937=ADVANCED_FACE('',(#609,#440),#10294,.F.);
#10938=ADVANCED_FACE('',(#610,#441),#10295,.F.);
#10939=ADVANCED_FACE('',(#611,#442),#10296,.F.);
#10940=ADVANCED_FACE('',(#612,#443),#10297,.F.);
#10941=ADVANCED_FACE('',(#613,#444),#10298,.F.);
#10942=ADVANCED_FACE('',(#614,#445),#10299,.F.);
#10943=ADVANCED_FACE('',(#615,#446),#10300,.F.);
#10944=ADVANCED_FACE('',(#616,#447),#10301,.F.);
#10945=ADVANCED_FACE('',(#617,#448),#10302,.F.);
#10946=ADVANCED_FACE('',(#618,#449),#10303,.F.);
#10947=ADVANCED_FACE('',(#619,#450),#10304,.F.);
#10948=ADVANCED_FACE('',(#620,#451),#10305,.F.);
#10949=ADVANCED_FACE('',(#621,#452),#10306,.F.);
#10950=ADVANCED_FACE('',(#622,#453),#10307,.F.);
#10951=ADVANCED_FACE('',(#623,#454),#10308,.F.);
#10952=ADVANCED_FACE('',(#624,#455),#10309,.F.);
#10953=ADVANCED_FACE('',(#625,#456),#10310,.F.);
#10954=ADVANCED_FACE('',(#626,#457),#10311,.F.);
#10955=ADVANCED_FACE('',(#627,#458),#10312,.F.);
#10956=ADVANCED_FACE('',(#628,#459),#10313,.F.);
#10957=ADVANCED_FACE('',(#629,#460),#10314,.F.);
#10958=ADVANCED_FACE('',(#630,#461),#10315,.F.);
#10959=ADVANCED_FACE('',(#631,#462),#10316,.F.);
#10960=ADVANCED_FACE('',(#632,#463),#10317,.F.);
#10961=ADVANCED_FACE('',(#633,#464),#10318,.F.);
#10962=ADVANCED_FACE('',(#634,#465),#10319,.F.);
#10963=ADVANCED_FACE('',(#635,#466),#10320,.F.);
#10964=ADVANCED_FACE('',(#636,#467),#10321,.F.);
#10965=ADVANCED_FACE('',(#637),#376,.F.);
#10966=ADVANCED_FACE('',(#638),#377,.T.);
#10967=ADVANCED_FACE('',(#639),#10322,.T.);
#10968=ADVANCED_FACE('',(#640),#10323,.T.);
#10969=ADVANCED_FACE('',(#641),#378,.T.);
#10970=ADVANCED_FACE('',(#642),#379,.F.);
#10971=ADVANCED_FACE('',(#643),#380,.T.);
#10972=ADVANCED_FACE('',(#644),#10324,.T.);
#10973=ADVANCED_FACE('',(#645),#10325,.T.);
#10974=ADVANCED_FACE('',(#646),#10326,.T.);
#10975=ADVANCED_FACE('',(#647),#10327,.T.);
#10976=ADVANCED_FACE('',(#648),#381,.T.);
#10977=ADVANCED_FACE('',(#649),#382,.F.);
#10978=ADVANCED_FACE('',(#650),#383,.T.);
#10979=ADVANCED_FACE('',(#651),#10328,.T.);
#10980=ADVANCED_FACE('',(#652),#384,.F.);
#10981=ADVANCED_FACE('',(#653),#10329,.T.);
#10982=ADVANCED_FACE('',(#654),#385,.T.);
#10983=ADVANCED_FACE('',(#655),#386,.F.);
#10984=ADVANCED_FACE('',(#656),#387,.T.);
#10985=ADVANCED_FACE('',(#657),#10330,.T.);
#10986=ADVANCED_FACE('',(#658),#10331,.T.);
#10987=ADVANCED_FACE('',(#659,#468,#469,#470,#471,#472,#473,#474,#475,#476,
#477,#478,#479,#480,#481,#482,#483,#484,#485,#486,#487,#488,#489,#490,#491,
#492,#493,#494,#495,#496,#497,#498,#499,#500),#10332,.T.);
#10988=ADVANCED_FACE('',(#660),#10333,.T.);
#10989=ADVANCED_FACE('',(#661),#10334,.T.);
#10990=ADVANCED_FACE('',(#662),#388,.T.);
#10991=ADVANCED_FACE('',(#663),#10335,.T.);
#10992=ADVANCED_FACE('',(#664),#10336,.F.);
#10993=ADVANCED_FACE('',(#665,#501),#10337,.F.);
#10994=ADVANCED_FACE('',(#666,#502),#10338,.F.);
#10995=ADVANCED_FACE('',(#667),#42,.T.);
#10996=ADVANCED_FACE('',(#668),#10339,.T.);
#10997=ADVANCED_FACE('',(#669),#10340,.T.);
#10998=ADVANCED_FACE('',(#670),#10341,.T.);
#10999=ADVANCED_FACE('',(#671),#43,.F.);
#11000=ADVANCED_FACE('',(#672),#10342,.T.);
#11001=ADVANCED_FACE('',(#673),#44,.T.);
#11002=ADVANCED_FACE('',(#674),#10343,.F.);
#11003=ADVANCED_FACE('',(#675),#10344,.T.);
#11004=ADVANCED_FACE('',(#676),#10345,.T.);
#11005=ADVANCED_FACE('',(#677),#10346,.T.);
#11006=ADVANCED_FACE('',(#678),#10347,.T.);
#11007=ADVANCED_FACE('',(#679),#45,.T.);
#11008=ADVANCED_FACE('',(#680),#10348,.T.);
#11009=ADVANCED_FACE('',(#681),#46,.F.);
#11010=ADVANCED_FACE('',(#682),#10349,.T.);
#11011=ADVANCED_FACE('',(#683),#47,.T.);
#11012=ADVANCED_FACE('',(#684),#10350,.T.);
#11013=ADVANCED_FACE('',(#685),#10351,.T.);
#11014=ADVANCED_FACE('',(#686),#10352,.T.);
#11015=ADVANCED_FACE('',(#687),#10353,.T.);
#11016=ADVANCED_FACE('',(#688),#10354,.T.);
#11017=ADVANCED_FACE('',(#689),#48,.F.);
#11018=ADVANCED_FACE('',(#690),#10355,.T.);
#11019=ADVANCED_FACE('',(#691),#49,.F.);
#11020=ADVANCED_FACE('',(#692),#10356,.F.);
#11021=ADVANCED_FACE('',(#693),#10357,.T.);
#11022=ADVANCED_FACE('',(#694),#10358,.T.);
#11023=ADVANCED_FACE('',(#695),#10359,.T.);
#11024=ADVANCED_FACE('',(#696),#50,.T.);
#11025=ADVANCED_FACE('',(#697),#10360,.T.);
#11026=ADVANCED_FACE('',(#698),#10361,.T.);
#11027=ADVANCED_FACE('',(#699),#51,.T.);
#11028=ADVANCED_FACE('',(#700),#10362,.T.);
#11029=ADVANCED_FACE('',(#701),#10363,.T.);
#11030=ADVANCED_FACE('',(#702),#10364,.T.);
#11031=ADVANCED_FACE('',(#703),#52,.F.);
#11032=ADVANCED_FACE('',(#704),#10365,.T.);
#11033=ADVANCED_FACE('',(#705),#53,.T.);
#11034=ADVANCED_FACE('',(#706),#10366,.T.);
#11035=ADVANCED_FACE('',(#707),#10367,.T.);
#11036=ADVANCED_FACE('',(#708),#10368,.T.);
#11037=ADVANCED_FACE('',(#709),#10369,.T.);
#11038=ADVANCED_FACE('',(#710),#54,.T.);
#11039=ADVANCED_FACE('',(#711),#10370,.T.);
#11040=ADVANCED_FACE('',(#712),#10371,.T.);
#11041=ADVANCED_FACE('',(#713),#10372,.T.);
#11042=ADVANCED_FACE('',(#714),#55,.T.);
#11043=ADVANCED_FACE('',(#715),#10373,.T.);
#11044=ADVANCED_FACE('',(#716),#10374,.T.);
#11045=ADVANCED_FACE('',(#717),#10375,.T.);
#11046=ADVANCED_FACE('',(#718),#10376,.T.);
#11047=ADVANCED_FACE('',(#719),#56,.T.);
#11048=ADVANCED_FACE('',(#720),#10377,.T.);
#11049=ADVANCED_FACE('',(#721),#10378,.T.);
#11050=ADVANCED_FACE('',(#722),#10379,.T.);
#11051=ADVANCED_FACE('',(#723),#57,.T.);
#11052=ADVANCED_FACE('',(#724),#10380,.F.);
#11053=ADVANCED_FACE('',(#725),#10381,.T.);
#11054=ADVANCED_FACE('',(#726),#58,.F.);
#11055=ADVANCED_FACE('',(#727),#10382,.T.);
#11056=ADVANCED_FACE('',(#728),#10383,.T.);
#11057=ADVANCED_FACE('',(#729),#10384,.T.);
#11058=ADVANCED_FACE('',(#730),#59,.T.);
#11059=ADVANCED_FACE('',(#731),#10385,.F.);
#11060=ADVANCED_FACE('',(#732),#60,.T.);
#11061=ADVANCED_FACE('',(#733),#10386,.T.);
#11062=ADVANCED_FACE('',(#734),#10387,.T.);
#11063=ADVANCED_FACE('',(#735),#10388,.T.);
#11064=ADVANCED_FACE('',(#736),#61,.T.);
#11065=ADVANCED_FACE('',(#737),#10389,.T.);
#11066=ADVANCED_FACE('',(#738),#10390,.T.);
#11067=ADVANCED_FACE('',(#739),#10391,.T.);
#11068=ADVANCED_FACE('',(#740),#10392,.T.);
#11069=ADVANCED_FACE('',(#741),#10393,.T.);
#11070=ADVANCED_FACE('',(#742),#10394,.T.);
#11071=ADVANCED_FACE('',(#743),#10395,.T.);
#11072=ADVANCED_FACE('',(#744),#10396,.T.);
#11073=ADVANCED_FACE('',(#745),#10397,.T.);
#11074=ADVANCED_FACE('',(#746),#10398,.T.);
#11075=ADVANCED_FACE('',(#747),#10399,.T.);
#11076=ADVANCED_FACE('',(#748),#10400,.T.);
#11077=ADVANCED_FACE('',(#749),#10401,.T.);
#11078=ADVANCED_FACE('',(#750),#10402,.T.);
#11079=ADVANCED_FACE('',(#751),#10403,.T.);
#11080=ADVANCED_FACE('',(#752),#62,.T.);
#11081=ADVANCED_FACE('',(#753),#10404,.T.);
#11082=ADVANCED_FACE('',(#754),#10405,.T.);
#11083=ADVANCED_FACE('',(#755),#10406,.T.);
#11084=ADVANCED_FACE('',(#756),#63,.T.);
#11085=ADVANCED_FACE('',(#757),#10407,.T.);
#11086=ADVANCED_FACE('',(#758),#10408,.T.);
#11087=ADVANCED_FACE('',(#759),#10409,.T.);
#11088=ADVANCED_FACE('',(#760),#64,.T.);
#11089=ADVANCED_FACE('',(#761),#10410,.T.);
#11090=ADVANCED_FACE('',(#762),#10411,.T.);
#11091=ADVANCED_FACE('',(#763),#10412,.T.);
#11092=ADVANCED_FACE('',(#764),#65,.T.);
#11093=ADVANCED_FACE('',(#765),#10413,.T.);
#11094=ADVANCED_FACE('',(#766),#10414,.T.);
#11095=ADVANCED_FACE('',(#767),#10415,.T.);
#11096=ADVANCED_FACE('',(#768),#10416,.T.);
#11097=ADVANCED_FACE('',(#769),#10417,.F.);
#11098=ADVANCED_FACE('',(#770),#10418,.F.);
#11099=ADVANCED_FACE('',(#771),#10419,.F.);
#11100=ADVANCED_FACE('',(#772),#10420,.F.);
#11101=ADVANCED_FACE('',(#773),#10421,.T.);
#11102=ADVANCED_FACE('',(#774),#10422,.F.);
#11103=ADVANCED_FACE('',(#775),#10423,.F.);
#11104=ADVANCED_FACE('',(#776),#10424,.F.);
#11105=ADVANCED_FACE('',(#777),#389,.T.);
#11106=ADVANCED_FACE('',(#778),#119,.F.);
#11107=ADVANCED_FACE('',(#779,#503),#10425,.T.);
#11108=ADVANCED_FACE('',(#780),#10426,.T.);
#11109=ADVANCED_FACE('',(#781),#10427,.T.);
#11110=ADVANCED_FACE('',(#782),#10428,.T.);
#11111=ADVANCED_FACE('',(#783),#10429,.T.);
#11112=ADVANCED_FACE('',(#784),#10430,.T.);
#11113=ADVANCED_FACE('',(#785),#10431,.T.);
#11114=ADVANCED_FACE('',(#786),#10432,.T.);
#11115=ADVANCED_FACE('',(#787),#10433,.T.);
#11116=ADVANCED_FACE('',(#788,#504),#10434,.T.);
#11117=ADVANCED_FACE('',(#789),#10435,.F.);
#11118=ADVANCED_FACE('',(#790),#10436,.F.);
#11119=ADVANCED_FACE('',(#791),#10437,.F.);
#11120=ADVANCED_FACE('',(#792),#390,.F.);
#11121=ADVANCED_FACE('',(#793),#10438,.T.);
#11122=ADVANCED_FACE('',(#794),#10439,.T.);
#11123=ADVANCED_FACE('',(#795),#10440,.T.);
#11124=ADVANCED_FACE('',(#796),#10441,.T.);
#11125=ADVANCED_FACE('',(#797),#10442,.T.);
#11126=ADVANCED_FACE('',(#798),#10443,.T.);
#11127=ADVANCED_FACE('',(#799),#10444,.T.);
#11128=ADVANCED_FACE('',(#800),#10445,.T.);
#11129=ADVANCED_FACE('',(#801),#10446,.T.);
#11130=ADVANCED_FACE('',(#802),#10447,.T.);
#11131=ADVANCED_FACE('',(#803),#10448,.T.);
#11132=ADVANCED_FACE('',(#804),#10449,.F.);
#11133=ADVANCED_FACE('',(#805),#10450,.T.);
#11134=ADVANCED_FACE('',(#806),#10451,.T.);
#11135=ADVANCED_FACE('',(#807),#10452,.T.);
#11136=ADVANCED_FACE('',(#808),#10453,.F.);
#11137=ADVANCED_FACE('',(#809),#10454,.T.);
#11138=ADVANCED_FACE('',(#810),#10455,.T.);
#11139=ADVANCED_FACE('',(#811),#10456,.T.);
#11140=ADVANCED_FACE('',(#812),#10457,.T.);
#11141=ADVANCED_FACE('',(#813),#10458,.F.);
#11142=ADVANCED_FACE('',(#814),#10459,.T.);
#11143=ADVANCED_FACE('',(#815),#10460,.T.);
#11144=ADVANCED_FACE('',(#816),#10461,.T.);
#11145=ADVANCED_FACE('',(#817),#10462,.T.);
#11146=ADVANCED_FACE('',(#818),#10463,.T.);
#11147=ADVANCED_FACE('',(#819),#10464,.T.);
#11148=ADVANCED_FACE('',(#820),#10465,.T.);
#11149=ADVANCED_FACE('',(#821),#10466,.T.);
#11150=ADVANCED_FACE('',(#822),#10467,.F.);
#11151=ADVANCED_FACE('',(#823),#10468,.T.);
#11152=ADVANCED_FACE('',(#824),#10469,.T.);
#11153=ADVANCED_FACE('',(#825),#10470,.F.);
#11154=ADVANCED_FACE('',(#826),#10471,.T.);
#11155=ADVANCED_FACE('',(#827),#10472,.T.);
#11156=ADVANCED_FACE('',(#828),#10473,.T.);
#11157=ADVANCED_FACE('',(#829),#10474,.T.);
#11158=ADVANCED_FACE('',(#830),#10475,.T.);
#11159=ADVANCED_FACE('',(#831),#10476,.F.);
#11160=ADVANCED_FACE('',(#832),#10477,.T.);
#11161=ADVANCED_FACE('',(#833),#10478,.T.);
#11162=ADVANCED_FACE('',(#834),#10479,.T.);
#11163=ADVANCED_FACE('',(#835),#10480,.T.);
#11164=ADVANCED_FACE('',(#836),#10481,.T.);
#11165=ADVANCED_FACE('',(#837),#10482,.F.);
#11166=ADVANCED_FACE('',(#838),#10483,.T.);
#11167=ADVANCED_FACE('',(#839),#10484,.T.);
#11168=ADVANCED_FACE('',(#840),#10485,.T.);
#11169=ADVANCED_FACE('',(#841),#10486,.T.);
#11170=ADVANCED_FACE('',(#842),#10487,.T.);
#11171=ADVANCED_FACE('',(#843),#10488,.T.);
#11172=ADVANCED_FACE('',(#844),#10489,.T.);
#11173=ADVANCED_FACE('',(#845),#10490,.F.);
#11174=ADVANCED_FACE('',(#846),#10491,.F.);
#11175=ADVANCED_FACE('',(#847),#10492,.T.);
#11176=ADVANCED_FACE('',(#848),#10493,.T.);
#11177=ADVANCED_FACE('',(#849),#10494,.T.);
#11178=ADVANCED_FACE('',(#850),#10495,.F.);
#11179=ADVANCED_FACE('',(#851),#10496,.T.);
#11180=ADVANCED_FACE('',(#852),#10497,.F.);
#11181=ADVANCED_FACE('',(#853),#10498,.T.);
#11182=ADVANCED_FACE('',(#854),#10499,.T.);
#11183=ADVANCED_FACE('',(#855),#10500,.F.);
#11184=ADVANCED_FACE('',(#856),#10501,.T.);
#11185=ADVANCED_FACE('',(#857),#10502,.T.);
#11186=ADVANCED_FACE('',(#858),#10503,.F.);
#11187=ADVANCED_FACE('',(#859),#10504,.T.);
#11188=ADVANCED_FACE('',(#860),#10505,.T.);
#11189=ADVANCED_FACE('',(#861),#10506,.T.);
#11190=ADVANCED_FACE('',(#862),#10507,.F.);
#11191=ADVANCED_FACE('',(#863),#10508,.F.);
#11192=ADVANCED_FACE('',(#864),#10509,.T.);
#11193=ADVANCED_FACE('',(#865),#10510,.T.);
#11194=ADVANCED_FACE('',(#866),#10511,.T.);
#11195=ADVANCED_FACE('',(#867),#10512,.T.);
#11196=ADVANCED_FACE('',(#868),#10513,.T.);
#11197=ADVANCED_FACE('',(#869),#10514,.F.);
#11198=ADVANCED_FACE('',(#870),#10515,.F.);
#11199=ADVANCED_FACE('',(#871),#10516,.T.);
#11200=ADVANCED_FACE('',(#872),#10517,.T.);
#11201=ADVANCED_FACE('',(#873),#10518,.T.);
#11202=ADVANCED_FACE('',(#874),#10519,.T.);
#11203=ADVANCED_FACE('',(#875),#10520,.F.);
#11204=ADVANCED_FACE('',(#876),#10521,.F.);
#11205=ADVANCED_FACE('',(#877),#10522,.T.);
#11206=ADVANCED_FACE('',(#878),#10523,.T.);
#11207=ADVANCED_FACE('',(#879),#10524,.T.);
#11208=ADVANCED_FACE('',(#880),#10525,.T.);
#11209=ADVANCED_FACE('',(#881),#10526,.F.);
#11210=ADVANCED_FACE('',(#882),#10527,.F.);
#11211=ADVANCED_FACE('',(#883),#10528,.T.);
#11212=ADVANCED_FACE('',(#884),#10529,.T.);
#11213=ADVANCED_FACE('',(#885),#10530,.T.);
#11214=ADVANCED_FACE('',(#886),#10531,.T.);
#11215=ADVANCED_FACE('',(#887),#10532,.F.);
#11216=ADVANCED_FACE('',(#888),#10533,.F.);
#11217=ADVANCED_FACE('',(#889),#10534,.T.);
#11218=ADVANCED_FACE('',(#890),#10535,.T.);
#11219=ADVANCED_FACE('',(#891),#10536,.T.);
#11220=ADVANCED_FACE('',(#892),#10537,.F.);
#11221=ADVANCED_FACE('',(#893),#10538,.T.);
#11222=ADVANCED_FACE('',(#894),#10539,.F.);
#11223=ADVANCED_FACE('',(#895),#10540,.T.);
#11224=ADVANCED_FACE('',(#896),#10541,.T.);
#11225=ADVANCED_FACE('',(#897),#10542,.F.);
#11226=ADVANCED_FACE('',(#898),#10543,.T.);
#11227=ADVANCED_FACE('',(#899),#10544,.T.);
#11228=ADVANCED_FACE('',(#900),#10545,.F.);
#11229=ADVANCED_FACE('',(#901),#10546,.T.);
#11230=ADVANCED_FACE('',(#902),#10547,.T.);
#11231=ADVANCED_FACE('',(#903),#10548,.T.);
#11232=ADVANCED_FACE('',(#904),#10549,.F.);
#11233=ADVANCED_FACE('',(#905),#10550,.F.);
#11234=ADVANCED_FACE('',(#906),#10551,.T.);
#11235=ADVANCED_FACE('',(#907),#10552,.T.);
#11236=ADVANCED_FACE('',(#908),#10553,.T.);
#11237=ADVANCED_FACE('',(#909),#10554,.T.);
#11238=ADVANCED_FACE('',(#910),#10555,.T.);
#11239=ADVANCED_FACE('',(#911),#10556,.F.);
#11240=ADVANCED_FACE('',(#912),#10557,.F.);
#11241=ADVANCED_FACE('',(#913),#10558,.T.);
#11242=ADVANCED_FACE('',(#914),#10559,.T.);
#11243=ADVANCED_FACE('',(#915),#10560,.T.);
#11244=ADVANCED_FACE('',(#916),#10561,.T.);
#11245=ADVANCED_FACE('',(#917),#10562,.F.);
#11246=ADVANCED_FACE('',(#918),#10563,.F.);
#11247=ADVANCED_FACE('',(#919),#10564,.T.);
#11248=ADVANCED_FACE('',(#920),#10565,.T.);
#11249=ADVANCED_FACE('',(#921),#10566,.T.);
#11250=ADVANCED_FACE('',(#922),#10567,.T.);
#11251=ADVANCED_FACE('',(#923),#10568,.F.);
#11252=ADVANCED_FACE('',(#924),#10569,.F.);
#11253=ADVANCED_FACE('',(#925),#10570,.T.);
#11254=ADVANCED_FACE('',(#926),#10571,.T.);
#11255=ADVANCED_FACE('',(#927),#10572,.T.);
#11256=ADVANCED_FACE('',(#928),#10573,.F.);
#11257=ADVANCED_FACE('',(#929),#10574,.F.);
#11258=ADVANCED_FACE('',(#930),#10575,.T.);
#11259=ADVANCED_FACE('',(#931),#10576,.T.);
#11260=ADVANCED_FACE('',(#932),#10577,.T.);
#11261=ADVANCED_FACE('',(#933),#10578,.T.);
#11262=ADVANCED_FACE('',(#934),#10579,.F.);
#11263=ADVANCED_FACE('',(#935),#10580,.T.);
#11264=ADVANCED_FACE('',(#936),#10581,.F.);
#11265=ADVANCED_FACE('',(#937),#10582,.T.);
#11266=ADVANCED_FACE('',(#938),#10583,.T.);
#11267=ADVANCED_FACE('',(#939),#10584,.T.);
#11268=ADVANCED_FACE('',(#940),#10585,.T.);
#11269=ADVANCED_FACE('',(#941),#10586,.F.);
#11270=ADVANCED_FACE('',(#942),#10587,.F.);
#11271=ADVANCED_FACE('',(#943),#10588,.T.);
#11272=ADVANCED_FACE('',(#944),#10589,.T.);
#11273=ADVANCED_FACE('',(#945),#10590,.T.);
#11274=ADVANCED_FACE('',(#946),#10591,.F.);
#11275=ADVANCED_FACE('',(#947),#10592,.F.);
#11276=ADVANCED_FACE('',(#948),#10593,.T.);
#11277=ADVANCED_FACE('',(#949),#10594,.T.);
#11278=ADVANCED_FACE('',(#950),#10595,.T.);
#11279=ADVANCED_FACE('',(#951),#10596,.T.);
#11280=ADVANCED_FACE('',(#952),#10597,.T.);
#11281=ADVANCED_FACE('',(#953),#10598,.F.);
#11282=ADVANCED_FACE('',(#954),#10599,.F.);
#11283=ADVANCED_FACE('',(#955),#10600,.T.);
#11284=ADVANCED_FACE('',(#956),#10601,.T.);
#11285=ADVANCED_FACE('',(#957),#10602,.T.);
#11286=ADVANCED_FACE('',(#958),#10603,.T.);
#11287=ADVANCED_FACE('',(#959),#10604,.F.);
#11288=ADVANCED_FACE('',(#960),#10605,.F.);
#11289=ADVANCED_FACE('',(#961),#10606,.T.);
#11290=ADVANCED_FACE('',(#962),#10607,.T.);
#11291=ADVANCED_FACE('',(#963),#10608,.T.);
#11292=ADVANCED_FACE('',(#964),#10609,.T.);
#11293=ADVANCED_FACE('',(#965),#10610,.F.);
#11294=ADVANCED_FACE('',(#966),#10611,.F.);
#11295=ADVANCED_FACE('',(#967),#10612,.T.);
#11296=ADVANCED_FACE('',(#968),#10613,.T.);
#11297=ADVANCED_FACE('',(#969),#10614,.T.);
#11298=ADVANCED_FACE('',(#970),#10615,.T.);
#11299=ADVANCED_FACE('',(#971),#10616,.F.);
#11300=ADVANCED_FACE('',(#972),#10617,.T.);
#11301=ADVANCED_FACE('',(#973),#10618,.T.);
#11302=ADVANCED_FACE('',(#974),#10619,.T.);
#11303=ADVANCED_FACE('',(#975),#10620,.T.);
#11304=ADVANCED_FACE('',(#976),#10621,.T.);
#11305=ADVANCED_FACE('',(#977),#10622,.T.);
#11306=ADVANCED_FACE('',(#978),#10623,.F.);
#11307=ADVANCED_FACE('',(#979),#10624,.T.);
#11308=ADVANCED_FACE('',(#980),#10625,.T.);
#11309=ADVANCED_FACE('',(#981),#10626,.F.);
#11310=ADVANCED_FACE('',(#982),#10627,.T.);
#11311=ADVANCED_FACE('',(#983),#10628,.T.);
#11312=ADVANCED_FACE('',(#984),#10629,.T.);
#11313=ADVANCED_FACE('',(#985),#10630,.T.);
#11314=ADVANCED_FACE('',(#986),#10631,.T.);
#11315=ADVANCED_FACE('',(#987),#10632,.T.);
#11316=ADVANCED_FACE('',(#988),#10633,.F.);
#11317=ADVANCED_FACE('',(#989),#10634,.T.);
#11318=ADVANCED_FACE('',(#990),#10635,.T.);
#11319=ADVANCED_FACE('',(#991),#10636,.T.);
#11320=ADVANCED_FACE('',(#992),#10637,.T.);
#11321=ADVANCED_FACE('',(#993),#10638,.T.);
#11322=ADVANCED_FACE('',(#994),#10639,.T.);
#11323=ADVANCED_FACE('',(#995),#10640,.F.);
#11324=ADVANCED_FACE('',(#996),#10641,.T.);
#11325=ADVANCED_FACE('',(#997),#10642,.T.);
#11326=ADVANCED_FACE('',(#998),#10643,.T.);
#11327=ADVANCED_FACE('',(#999),#10644,.T.);
#11328=ADVANCED_FACE('',(#1000),#10645,.T.);
#11329=ADVANCED_FACE('',(#1001),#10646,.F.);
#11330=ADVANCED_FACE('',(#1002),#10647,.T.);
#11331=ADVANCED_FACE('',(#1003),#10648,.T.);
#11332=ADVANCED_FACE('',(#1004),#10649,.T.);
#11333=ADVANCED_FACE('',(#1005),#10650,.T.);
#11334=ADVANCED_FACE('',(#1006),#10651,.T.);
#11335=ADVANCED_FACE('',(#1007),#10652,.F.);
#11336=ADVANCED_FACE('',(#1008),#10653,.T.);
#11337=ADVANCED_FACE('',(#1009),#10654,.T.);
#11338=ADVANCED_FACE('',(#1010),#10655,.T.);
#11339=ADVANCED_FACE('',(#1011),#10656,.T.);
#11340=ADVANCED_FACE('',(#1012),#10657,.T.);
#11341=ADVANCED_FACE('',(#1013),#10658,.F.);
#11342=ADVANCED_FACE('',(#1014),#10659,.F.);
#11343=ADVANCED_FACE('',(#1015),#10660,.T.);
#11344=ADVANCED_FACE('',(#1016),#10661,.T.);
#11345=ADVANCED_FACE('',(#1017),#10662,.T.);
#11346=ADVANCED_FACE('',(#1018),#10663,.F.);
#11347=ADVANCED_FACE('',(#1019),#10664,.T.);
#11348=ADVANCED_FACE('',(#1020),#10665,.F.);
#11349=ADVANCED_FACE('',(#1021),#10666,.T.);
#11350=ADVANCED_FACE('',(#1022),#10667,.T.);
#11351=ADVANCED_FACE('',(#1023),#10668,.F.);
#11352=ADVANCED_FACE('',(#1024),#10669,.T.);
#11353=ADVANCED_FACE('',(#1025),#10670,.F.);
#11354=ADVANCED_FACE('',(#1026),#10671,.T.);
#11355=ADVANCED_FACE('',(#1027),#10672,.T.);
#11356=ADVANCED_FACE('',(#1028),#10673,.T.);
#11357=ADVANCED_FACE('',(#1029),#10674,.T.);
#11358=ADVANCED_FACE('',(#1030),#10675,.F.);
#11359=ADVANCED_FACE('',(#1031),#10676,.F.);
#11360=ADVANCED_FACE('',(#1032),#10677,.T.);
#11361=ADVANCED_FACE('',(#1033),#10678,.T.);
#11362=ADVANCED_FACE('',(#1034),#10679,.T.);
#11363=ADVANCED_FACE('',(#1035),#10680,.T.);
#11364=ADVANCED_FACE('',(#1036),#10681,.T.);
#11365=ADVANCED_FACE('',(#1037),#10682,.F.);
#11366=ADVANCED_FACE('',(#1038),#10683,.F.);
#11367=ADVANCED_FACE('',(#1039),#10684,.T.);
#11368=ADVANCED_FACE('',(#1040),#10685,.T.);
#11369=ADVANCED_FACE('',(#1041),#10686,.T.);
#11370=ADVANCED_FACE('',(#1042),#10687,.T.);
#11371=ADVANCED_FACE('',(#1043),#10688,.F.);
#11372=ADVANCED_FACE('',(#1044),#10689,.F.);
#11373=ADVANCED_FACE('',(#1045),#10690,.T.);
#11374=ADVANCED_FACE('',(#1046),#10691,.T.);
#11375=ADVANCED_FACE('',(#1047),#10692,.T.);
#11376=ADVANCED_FACE('',(#1048),#10693,.T.);
#11377=ADVANCED_FACE('',(#1049),#10694,.F.);
#11378=ADVANCED_FACE('',(#1050),#10695,.F.);
#11379=ADVANCED_FACE('',(#1051),#10696,.T.);
#11380=ADVANCED_FACE('',(#1052),#10697,.T.);
#11381=ADVANCED_FACE('',(#1053),#10698,.T.);
#11382=ADVANCED_FACE('',(#1054),#10699,.T.);
#11383=ADVANCED_FACE('',(#1055),#10700,.F.);
#11384=ADVANCED_FACE('',(#1056),#10701,.F.);
#11385=ADVANCED_FACE('',(#1057),#10702,.T.);
#11386=ADVANCED_FACE('',(#1058),#10703,.T.);
#11387=ADVANCED_FACE('',(#1059),#10704,.T.);
#11388=ADVANCED_FACE('',(#1060),#10705,.F.);
#11389=ADVANCED_FACE('',(#1061),#10706,.F.);
#11390=ADVANCED_FACE('',(#1062),#10707,.T.);
#11391=ADVANCED_FACE('',(#1063),#10708,.T.);
#11392=ADVANCED_FACE('',(#1064),#10709,.T.);
#11393=ADVANCED_FACE('',(#1065),#10710,.T.);
#11394=ADVANCED_FACE('',(#1066),#10711,.F.);
#11395=ADVANCED_FACE('',(#1067),#10712,.T.);
#11396=ADVANCED_FACE('',(#1068),#10713,.F.);
#11397=ADVANCED_FACE('',(#1069),#10714,.T.);
#11398=ADVANCED_FACE('',(#1070),#10715,.T.);
#11399=ADVANCED_FACE('',(#1071),#10716,.F.);
#11400=ADVANCED_FACE('',(#1072),#10717,.T.);
#11401=ADVANCED_FACE('',(#1073),#10718,.F.);
#11402=ADVANCED_FACE('',(#1074),#10719,.T.);
#11403=ADVANCED_FACE('',(#1075),#10720,.T.);
#11404=ADVANCED_FACE('',(#1076),#10721,.T.);
#11405=ADVANCED_FACE('',(#1077),#10722,.T.);
#11406=ADVANCED_FACE('',(#1078),#10723,.T.);
#11407=ADVANCED_FACE('',(#1079),#10724,.F.);
#11408=ADVANCED_FACE('',(#1080),#10725,.F.);
#11409=ADVANCED_FACE('',(#1081),#10726,.T.);
#11410=ADVANCED_FACE('',(#1082),#10727,.T.);
#11411=ADVANCED_FACE('',(#1083),#10728,.T.);
#11412=ADVANCED_FACE('',(#1084),#10729,.T.);
#11413=ADVANCED_FACE('',(#1085),#10730,.F.);
#11414=ADVANCED_FACE('',(#1086),#10731,.F.);
#11415=ADVANCED_FACE('',(#1087),#10732,.T.);
#11416=ADVANCED_FACE('',(#1088),#10733,.T.);
#11417=ADVANCED_FACE('',(#1089),#10734,.T.);
#11418=ADVANCED_FACE('',(#1090),#10735,.T.);
#11419=ADVANCED_FACE('',(#1091),#10736,.F.);
#11420=ADVANCED_FACE('',(#1092),#10737,.F.);
#11421=ADVANCED_FACE('',(#1093),#10738,.T.);
#11422=ADVANCED_FACE('',(#1094),#10739,.T.);
#11423=ADVANCED_FACE('',(#1095),#10740,.T.);
#11424=ADVANCED_FACE('',(#1096),#10741,.T.);
#11425=ADVANCED_FACE('',(#1097),#10742,.F.);
#11426=ADVANCED_FACE('',(#1098),#10743,.F.);
#11427=ADVANCED_FACE('',(#1099),#10744,.T.);
#11428=ADVANCED_FACE('',(#1100),#10745,.T.);
#11429=ADVANCED_FACE('',(#1101),#10746,.T.);
#11430=ADVANCED_FACE('',(#1102),#10747,.F.);
#11431=ADVANCED_FACE('',(#1103),#10748,.T.);
#11432=ADVANCED_FACE('',(#1104),#10749,.F.);
#11433=ADVANCED_FACE('',(#1105),#10750,.T.);
#11434=ADVANCED_FACE('',(#1106),#10751,.T.);
#11435=ADVANCED_FACE('',(#1107),#10752,.F.);
#11436=ADVANCED_FACE('',(#1108),#10753,.T.);
#11437=ADVANCED_FACE('',(#1109),#10754,.T.);
#11438=ADVANCED_FACE('',(#1110),#10755,.F.);
#11439=ADVANCED_FACE('',(#1111),#10756,.T.);
#11440=ADVANCED_FACE('',(#1112),#10757,.T.);
#11441=ADVANCED_FACE('',(#1113),#10758,.T.);
#11442=ADVANCED_FACE('',(#1114),#10759,.F.);
#11443=ADVANCED_FACE('',(#1115),#10760,.F.);
#11444=ADVANCED_FACE('',(#1116),#10761,.T.);
#11445=ADVANCED_FACE('',(#1117),#10762,.T.);
#11446=ADVANCED_FACE('',(#1118),#10763,.T.);
#11447=ADVANCED_FACE('',(#1119),#10764,.T.);
#11448=ADVANCED_FACE('',(#1120),#10765,.T.);
#11449=ADVANCED_FACE('',(#1121),#10766,.F.);
#11450=ADVANCED_FACE('',(#1122),#10767,.F.);
#11451=ADVANCED_FACE('',(#1123),#10768,.T.);
#11452=ADVANCED_FACE('',(#1124),#10769,.T.);
#11453=ADVANCED_FACE('',(#1125),#10770,.T.);
#11454=ADVANCED_FACE('',(#1126),#10771,.T.);
#11455=ADVANCED_FACE('',(#1127),#10772,.F.);
#11456=ADVANCED_FACE('',(#1128),#10773,.F.);
#11457=ADVANCED_FACE('',(#1129),#10774,.T.);
#11458=ADVANCED_FACE('',(#1130),#10775,.T.);
#11459=ADVANCED_FACE('',(#1131),#10776,.T.);
#11460=ADVANCED_FACE('',(#1132),#10777,.T.);
#11461=ADVANCED_FACE('',(#1133),#10778,.F.);
#11462=ADVANCED_FACE('',(#1134),#10779,.F.);
#11463=ADVANCED_FACE('',(#1135),#10780,.T.);
#11464=ADVANCED_FACE('',(#1136),#10781,.T.);
#11465=ADVANCED_FACE('',(#1137),#10782,.T.);
#11466=ADVANCED_FACE('',(#1138),#10783,.T.);
#11467=ADVANCED_FACE('',(#1139),#10784,.F.);
#11468=ADVANCED_FACE('',(#1140),#10785,.F.);
#11469=ADVANCED_FACE('',(#1141),#10786,.T.);
#11470=ADVANCED_FACE('',(#1142),#10787,.T.);
#11471=ADVANCED_FACE('',(#1143),#10788,.T.);
#11472=ADVANCED_FACE('',(#1144),#10789,.F.);
#11473=ADVANCED_FACE('',(#1145),#10790,.T.);
#11474=ADVANCED_FACE('',(#1146),#10791,.F.);
#11475=ADVANCED_FACE('',(#1147),#10792,.T.);
#11476=ADVANCED_FACE('',(#1148),#10793,.T.);
#11477=ADVANCED_FACE('',(#1149),#10794,.F.);
#11478=ADVANCED_FACE('',(#1150),#10795,.T.);
#11479=ADVANCED_FACE('',(#1151),#10796,.T.);
#11480=ADVANCED_FACE('',(#1152),#10797,.F.);
#11481=ADVANCED_FACE('',(#1153),#10798,.T.);
#11482=ADVANCED_FACE('',(#1154),#10799,.T.);
#11483=ADVANCED_FACE('',(#1155),#10800,.T.);
#11484=ADVANCED_FACE('',(#1156),#10801,.F.);
#11485=ADVANCED_FACE('',(#1157),#10802,.F.);
#11486=ADVANCED_FACE('',(#1158),#10803,.T.);
#11487=ADVANCED_FACE('',(#1159),#10804,.T.);
#11488=ADVANCED_FACE('',(#1160),#10805,.T.);
#11489=ADVANCED_FACE('',(#1161),#10806,.T.);
#11490=ADVANCED_FACE('',(#1162),#10807,.T.);
#11491=ADVANCED_FACE('',(#1163),#10808,.F.);
#11492=ADVANCED_FACE('',(#1164),#10809,.F.);
#11493=ADVANCED_FACE('',(#1165),#10810,.T.);
#11494=ADVANCED_FACE('',(#1166),#10811,.T.);
#11495=ADVANCED_FACE('',(#1167),#10812,.T.);
#11496=ADVANCED_FACE('',(#1168),#10813,.T.);
#11497=ADVANCED_FACE('',(#1169),#10814,.F.);
#11498=ADVANCED_FACE('',(#1170),#10815,.F.);
#11499=ADVANCED_FACE('',(#1171),#10816,.T.);
#11500=ADVANCED_FACE('',(#1172),#10817,.T.);
#11501=ADVANCED_FACE('',(#1173),#10818,.T.);
#11502=ADVANCED_FACE('',(#1174),#10819,.T.);
#11503=ADVANCED_FACE('',(#1175),#10820,.F.);
#11504=ADVANCED_FACE('',(#1176),#10821,.F.);
#11505=ADVANCED_FACE('',(#1177),#10822,.T.);
#11506=ADVANCED_FACE('',(#1178),#10823,.F.);
#11507=ADVANCED_FACE('',(#1179),#10824,.F.);
#11508=ADVANCED_FACE('',(#1180,#505),#10825,.T.);
#11509=ADVANCED_FACE('',(#1181),#391,.T.);
#11510=ADVANCED_FACE('',(#1182),#10826,.T.);
#11511=ADVANCED_FACE('',(#1183),#392,.T.);
#11512=ADVANCED_FACE('',(#1184),#10827,.T.);
#11513=ADVANCED_FACE('',(#1185),#10828,.F.);
#11514=ADVANCED_FACE('',(#1186),#10829,.F.);
#11515=ADVANCED_FACE('',(#1187),#10830,.F.);
#11516=ADVANCED_FACE('',(#1188),#10831,.F.);
#11517=ADVANCED_FACE('',(#1189),#10832,.T.);
#11518=ADVANCED_FACE('',(#1190),#393,.T.);
#11519=ADVANCED_FACE('',(#1191),#10833,.T.);
#11520=ADVANCED_FACE('',(#1192),#394,.T.);
#11521=CLOSED_SHELL('',(#10834,#10835,#10836,#10837,#10838,#10839,#10840,
#10841,#10842,#10843,#10844,#10845,#10846,#10847,#10848,#10849,#10850,#10851,
#10852));
#11522=CLOSED_SHELL('',(#10853,#10854,#10855,#10856,#10857,#10858));
#11523=CLOSED_SHELL('',(#10859,#10860,#10861,#10862,#10863,#10864));
#11524=CLOSED_SHELL('',(#10865,#10866,#10867,#10868,#10869,#10870,#10871,
#10872,#10873,#10874,#10875,#10876,#10877,#10878,#10879,#10880,#10881,#10882,
#10883,#10884,#10885,#10886,#10887,#10888,#10889,#10890,#10891,#10892,#10893,
#10894,#10895,#10896,#10897,#10898,#10899,#10900,#10901,#10902,#10903,#10904,
#10905,#10906,#10907,#10908,#10909,#10910,#10911,#10912,#10913,#10914,#10915,
#10916,#10917,#10918,#10919,#10920,#10921,#10922,#10923,#10924,#10925,#10926,
#10927,#10928,#10929,#10930,#10931,#10932,#10933,#10934,#10935,#10936,#10937,
#10938,#10939,#10940,#10941,#10942,#10943,#10944,#10945,#10946,#10947,#10948,
#10949,#10950,#10951,#10952,#10953,#10954,#10955,#10956,#10957,#10958,#10959,
#10960,#10961,#10962,#10963,#10964,#10965,#10966,#10967,#10968,#10969,#10970,
#10971,#10972,#10973,#10974,#10975,#10976,#10977,#10978,#10979,#10980,#10981,
#10982,#10983,#10984,#10985,#10986,#10987,#10988,#10989,#10990,#10991,#10992,
#10993,#10994,#10995,#10996,#10997,#10998,#10999,#11000,#11001,#11002,#11003,
#11004,#11005,#11006,#11007,#11008,#11009,#11010,#11011,#11012,#11013,#11014,
#11015,#11016,#11017,#11018,#11019,#11020,#11021,#11022,#11023,#11024,#11025,
#11026,#11027,#11028,#11029,#11030,#11031,#11032,#11033,#11034,#11035,#11036,
#11037,#11038,#11039,#11040,#11041,#11042,#11043,#11044,#11045,#11046,#11047,
#11048,#11049,#11050,#11051,#11052,#11053,#11054,#11055,#11056,#11057,#11058,
#11059,#11060,#11061,#11062,#11063,#11064,#11065,#11066,#11067,#11068,#11069,
#11070,#11071,#11072,#11073,#11074,#11075,#11076,#11077,#11078,#11079,#11080,
#11081,#11082,#11083,#11084,#11085,#11086,#11087,#11088,#11089,#11090,#11091,
#11092,#11093,#11094,#11095,#11096,#11097,#11098,#11099,#11100,#11101,#11102,
#11103,#11104,#11105,#11106,#11107,#11108,#11109,#11110,#11111,#11112,#11113,
#11114,#11115,#11116,#11117,#11118,#11119,#11120,#11121));
#11525=CLOSED_SHELL('',(#11122,#11123,#11124,#11125,#11126,#11127));
#11526=CLOSED_SHELL('',(#11128,#11129,#11130,#11131,#11132,#11133));
#11527=CLOSED_SHELL('',(#11134,#11135,#11136,#11137,#11138,#11139));
#11528=CLOSED_SHELL('',(#11140,#11141,#11142,#11143,#11144,#11145));
#11529=CLOSED_SHELL('',(#11146,#11147,#11148,#11149,#11150,#11151));
#11530=CLOSED_SHELL('',(#11152,#11153,#11154,#11155,#11156,#11157));
#11531=CLOSED_SHELL('',(#11158,#11159,#11160,#11161,#11162,#11163));
#11532=CLOSED_SHELL('',(#11164,#11165,#11166,#11167,#11168,#11169));
#11533=CLOSED_SHELL('',(#11170,#11171,#11172,#11173,#11174,#11175));
#11534=CLOSED_SHELL('',(#11176,#11177,#11178,#11179,#11180,#11181));
#11535=CLOSED_SHELL('',(#11182,#11183,#11184,#11185,#11186,#11187));
#11536=CLOSED_SHELL('',(#11188,#11189,#11190,#11191,#11192,#11193));
#11537=CLOSED_SHELL('',(#11194,#11195,#11196,#11197,#11198,#11199));
#11538=CLOSED_SHELL('',(#11200,#11201,#11202,#11203,#11204,#11205));
#11539=CLOSED_SHELL('',(#11206,#11207,#11208,#11209,#11210,#11211));
#11540=CLOSED_SHELL('',(#11212,#11213,#11214,#11215,#11216,#11217));
#11541=CLOSED_SHELL('',(#11218,#11219,#11220,#11221,#11222,#11223));
#11542=CLOSED_SHELL('',(#11224,#11225,#11226,#11227,#11228,#11229));
#11543=CLOSED_SHELL('',(#11230,#11231,#11232,#11233,#11234,#11235));
#11544=CLOSED_SHELL('',(#11236,#11237,#11238,#11239,#11240,#11241));
#11545=CLOSED_SHELL('',(#11242,#11243,#11244,#11245,#11246,#11247));
#11546=CLOSED_SHELL('',(#11248,#11249,#11250,#11251,#11252,#11253));
#11547=CLOSED_SHELL('',(#11254,#11255,#11256,#11257,#11258,#11259));
#11548=CLOSED_SHELL('',(#11260,#11261,#11262,#11263,#11264,#11265));
#11549=CLOSED_SHELL('',(#11266,#11267,#11268,#11269,#11270,#11271));
#11550=CLOSED_SHELL('',(#11272,#11273,#11274,#11275,#11276,#11277));
#11551=CLOSED_SHELL('',(#11278,#11279,#11280,#11281,#11282,#11283));
#11552=CLOSED_SHELL('',(#11284,#11285,#11286,#11287,#11288,#11289));
#11553=CLOSED_SHELL('',(#11290,#11291,#11292,#11293,#11294,#11295));
#11554=CLOSED_SHELL('',(#11296,#11297,#11298,#11299,#11300,#11301));
#11555=CLOSED_SHELL('',(#11302,#11303,#11304,#11305,#11306,#11307));
#11556=CLOSED_SHELL('',(#11308,#11309,#11310,#11311,#11312,#11313));
#11557=CLOSED_SHELL('',(#11314,#11315,#11316,#11317,#11318,#11319));
#11558=CLOSED_SHELL('',(#11320,#11321,#11322,#11323,#11324,#11325));
#11559=CLOSED_SHELL('',(#11326,#11327,#11328,#11329,#11330,#11331));
#11560=CLOSED_SHELL('',(#11332,#11333,#11334,#11335,#11336,#11337));
#11561=CLOSED_SHELL('',(#11338,#11339,#11340,#11341,#11342,#11343));
#11562=CLOSED_SHELL('',(#11344,#11345,#11346,#11347,#11348,#11349));
#11563=CLOSED_SHELL('',(#11350,#11351,#11352,#11353,#11354,#11355));
#11564=CLOSED_SHELL('',(#11356,#11357,#11358,#11359,#11360,#11361));
#11565=CLOSED_SHELL('',(#11362,#11363,#11364,#11365,#11366,#11367));
#11566=CLOSED_SHELL('',(#11368,#11369,#11370,#11371,#11372,#11373));
#11567=CLOSED_SHELL('',(#11374,#11375,#11376,#11377,#11378,#11379));
#11568=CLOSED_SHELL('',(#11380,#11381,#11382,#11383,#11384,#11385));
#11569=CLOSED_SHELL('',(#11386,#11387,#11388,#11389,#11390,#11391));
#11570=CLOSED_SHELL('',(#11392,#11393,#11394,#11395,#11396,#11397));
#11571=CLOSED_SHELL('',(#11398,#11399,#11400,#11401,#11402,#11403));
#11572=CLOSED_SHELL('',(#11404,#11405,#11406,#11407,#11408,#11409));
#11573=CLOSED_SHELL('',(#11410,#11411,#11412,#11413,#11414,#11415));
#11574=CLOSED_SHELL('',(#11416,#11417,#11418,#11419,#11420,#11421));
#11575=CLOSED_SHELL('',(#11422,#11423,#11424,#11425,#11426,#11427));
#11576=CLOSED_SHELL('',(#11428,#11429,#11430,#11431,#11432,#11433));
#11577=CLOSED_SHELL('',(#11434,#11435,#11436,#11437,#11438,#11439));
#11578=CLOSED_SHELL('',(#11440,#11441,#11442,#11443,#11444,#11445));
#11579=CLOSED_SHELL('',(#11446,#11447,#11448,#11449,#11450,#11451));
#11580=CLOSED_SHELL('',(#11452,#11453,#11454,#11455,#11456,#11457));
#11581=CLOSED_SHELL('',(#11458,#11459,#11460,#11461,#11462,#11463));
#11582=CLOSED_SHELL('',(#11464,#11465,#11466,#11467,#11468,#11469));
#11583=CLOSED_SHELL('',(#11470,#11471,#11472,#11473,#11474,#11475));
#11584=CLOSED_SHELL('',(#11476,#11477,#11478,#11479,#11480,#11481));
#11585=CLOSED_SHELL('',(#11482,#11483,#11484,#11485,#11486,#11487));
#11586=CLOSED_SHELL('',(#11488,#11489,#11490,#11491,#11492,#11493));
#11587=CLOSED_SHELL('',(#11494,#11495,#11496,#11497,#11498,#11499));
#11588=CLOSED_SHELL('',(#11500,#11501,#11502,#11503,#11504,#11505));
#11589=CLOSED_SHELL('',(#11506,#11507,#11508,#11509,#11510,#11511,#11512,
#11513,#11514,#11515,#11516,#11517,#11518,#11519,#11520));
#11590=DERIVED_UNIT_ELEMENT(#11598,1.);
#11591=DERIVED_UNIT_ELEMENT(#19799,-3.);
#11592=DERIVED_UNIT_ELEMENT(#11598,1.);
#11593=DERIVED_UNIT_ELEMENT(#19799,-3.);
#11594=DERIVED_UNIT_ELEMENT(#11598,1.);
#11595=DERIVED_UNIT_ELEMENT(#19799,-3.);
#11596=DERIVED_UNIT_ELEMENT(#11598,1.);
#11597=DERIVED_UNIT_ELEMENT(#19799,-3.);
#11598=(
MASS_UNIT()
NAMED_UNIT(*)
SI_UNIT(.KILO.,.GRAM.)
);
#11599=DERIVED_UNIT((#11590,#11591));
#11600=DERIVED_UNIT((#11592,#11593));
#11601=DERIVED_UNIT((#11594,#11595));
#11602=DERIVED_UNIT((#11596,#11597));
#11603=MEASURE_REPRESENTATION_ITEM('density measure',
POSITIVE_RATIO_MEASURE(512.),#11599);
#11604=MEASURE_REPRESENTATION_ITEM('density measure',
POSITIVE_RATIO_MEASURE(512.),#11600);
#11605=MEASURE_REPRESENTATION_ITEM('density measure',
POSITIVE_RATIO_MEASURE(512.),#11601);
#11606=MEASURE_REPRESENTATION_ITEM('density measure',
POSITIVE_RATIO_MEASURE(7850.),#11602);
#11607=PROPERTY_DEFINITION_REPRESENTATION(#11627,#11615);
#11608=PROPERTY_DEFINITION_REPRESENTATION(#11628,#11616);
#11609=PROPERTY_DEFINITION_REPRESENTATION(#11629,#11617);
#11610=PROPERTY_DEFINITION_REPRESENTATION(#11630,#11618);
#11611=PROPERTY_DEFINITION_REPRESENTATION(#11631,#11619);
#11612=PROPERTY_DEFINITION_REPRESENTATION(#11632,#11620);
#11613=PROPERTY_DEFINITION_REPRESENTATION(#11633,#11621);
#11614=PROPERTY_DEFINITION_REPRESENTATION(#11634,#11622);
#11615=REPRESENTATION('material name',(#11623),#19791);
#11616=REPRESENTATION('density',(#11603),#19791);
#11617=REPRESENTATION('material name',(#11624),#19792);
#11618=REPRESENTATION('density',(#11604),#19792);
#11619=REPRESENTATION('material name',(#11625),#19793);
#11620=REPRESENTATION('density',(#11605),#19793);
#11621=REPRESENTATION('material name',(#11626),#19796);
#11622=REPRESENTATION('density',(#11606),#19796);
#11623=DESCRIPTIVE_REPRESENTATION_ITEM('Mahogany','Mahogany');
#11624=DESCRIPTIVE_REPRESENTATION_ITEM('Mahogany','Mahogany');
#11625=DESCRIPTIVE_REPRESENTATION_ITEM('Mahogany','Mahogany');
#11626=DESCRIPTIVE_REPRESENTATION_ITEM('Steel','Steel');
#11627=PROPERTY_DEFINITION('material property','material name',#19832);
#11628=PROPERTY_DEFINITION('material property','density of part',#19832);
#11629=PROPERTY_DEFINITION('material property','material name',#19833);
#11630=PROPERTY_DEFINITION('material property','density of part',#19833);
#11631=PROPERTY_DEFINITION('material property','material name',#19834);
#11632=PROPERTY_DEFINITION('material property','density of part',#19834);
#11633=PROPERTY_DEFINITION('material property','material name',#19837);
#11634=PROPERTY_DEFINITION('material property','density of part',#19837);
#11635=AXIS2_PLACEMENT_3D('',#15511,#12503,#12504);
#11636=AXIS2_PLACEMENT_3D('',#15512,#12505,#12506);
#11637=AXIS2_PLACEMENT_3D('',#15513,#12507,#12508);
#11638=AXIS2_PLACEMENT_3D('',#15518,#12510,#12511);
#11639=AXIS2_PLACEMENT_3D('',#15522,#12513,#12514);
#11640=AXIS2_PLACEMENT_3D('',#15526,#12516,#12517);
#11641=AXIS2_PLACEMENT_3D('',#15529,#12519,#12520);
#11642=AXIS2_PLACEMENT_3D('',#15532,#12521,#12522);
#11643=AXIS2_PLACEMENT_3D('',#15536,#12524,#12525);
#11644=AXIS2_PLACEMENT_3D('',#15540,#12527,#12528);
#11645=AXIS2_PLACEMENT_3D('',#15544,#12530,#12531);
#11646=AXIS2_PLACEMENT_3D('',#15546,#12533,#12534);
#11647=AXIS2_PLACEMENT_3D('',#15552,#12538,#12539);
#11648=AXIS2_PLACEMENT_3D('',#15555,#12541,#12542);
#11649=AXIS2_PLACEMENT_3D('',#15556,#12543,#12544);
#11650=AXIS2_PLACEMENT_3D('',#15560,#12547,#12548);
#11651=AXIS2_PLACEMENT_3D('',#15563,#12550,#12551);
#11652=AXIS2_PLACEMENT_3D('',#15564,#12552,#12553);
#11653=AXIS2_PLACEMENT_3D('',#15568,#12556,#12557);
#11654=AXIS2_PLACEMENT_3D('',#15571,#12559,#12560);
#11655=AXIS2_PLACEMENT_3D('',#15572,#12561,#12562);
#11656=AXIS2_PLACEMENT_3D('',#15576,#12565,#12566);
#11657=AXIS2_PLACEMENT_3D('',#15577,#12567,#12568);
#11658=AXIS2_PLACEMENT_3D('',#15578,#12569,#12570);
#11659=AXIS2_PLACEMENT_3D('',#15579,#12571,#12572);
#11660=AXIS2_PLACEMENT_3D('',#15582,#12573,#12574);
#11661=AXIS2_PLACEMENT_3D('',#15586,#12576,#12577);
#11662=AXIS2_PLACEMENT_3D('',#15590,#12579,#12580);
#11663=AXIS2_PLACEMENT_3D('',#15594,#12582,#12583);
#11664=AXIS2_PLACEMENT_3D('',#15596,#12585,#12586);
#11665=AXIS2_PLACEMENT_3D('',#15599,#12589,#12590);
#11666=AXIS2_PLACEMENT_3D('',#15601,#12592,#12593);
#11667=AXIS2_PLACEMENT_3D('',#15603,#12595,#12596);
#11668=AXIS2_PLACEMENT_3D('',#15605,#12598,#12599);
#11669=AXIS2_PLACEMENT_3D('',#15607,#12601,#12602);
#11670=AXIS2_PLACEMENT_3D('',#15609,#12604,#12605);
#11671=AXIS2_PLACEMENT_3D('',#15611,#12607,#12608);
#11672=AXIS2_PLACEMENT_3D('',#15612,#12609,#12610);
#11673=AXIS2_PLACEMENT_3D('',#15613,#12611,#12612);
#11674=AXIS2_PLACEMENT_3D('',#15622,#12617,#12618);
#11675=AXIS2_PLACEMENT_3D('',#15628,#12622,#12623);
#11676=AXIS2_PLACEMENT_3D('',#15634,#12627,#12628);
#11677=AXIS2_PLACEMENT_3D('',#15637,#12631,#12632);
#11678=AXIS2_PLACEMENT_3D('',#15638,#12633,#12634);
#11679=AXIS2_PLACEMENT_3D('',#15639,#12635,#12636);
#11680=AXIS2_PLACEMENT_3D('',#15640,#12637,#12638);
#11681=AXIS2_PLACEMENT_3D('',#15649,#12643,#12644);
#11682=AXIS2_PLACEMENT_3D('',#15655,#12648,#12649);
#11683=AXIS2_PLACEMENT_3D('',#15661,#12653,#12654);
#11684=AXIS2_PLACEMENT_3D('',#15664,#12657,#12658);
#11685=AXIS2_PLACEMENT_3D('',#15665,#12659,#12660);
#11686=AXIS2_PLACEMENT_3D('',#15666,#12661,#12662);
#11687=AXIS2_PLACEMENT_3D('',#15667,#12663,#12664);
#11688=AXIS2_PLACEMENT_3D('',#15668,#12665,#12666);
#11689=AXIS2_PLACEMENT_3D('',#15679,#12667,#12668);
#11690=AXIS2_PLACEMENT_3D('',#15683,#12670,#12671);
#11691=AXIS2_PLACEMENT_3D('',#15685,#12673,#12674);
#11692=AXIS2_PLACEMENT_3D('',#15687,#12675,#12676);
#11693=AXIS2_PLACEMENT_3D('',#15690,#12678,#12679);
#11694=AXIS2_PLACEMENT_3D('',#15691,#12680,#12681);
#11695=AXIS2_PLACEMENT_3D('',#15693,#12682,#12683);
#11696=AXIS2_PLACEMENT_3D('',#15696,#12685,#12686);
#11697=AXIS2_PLACEMENT_3D('',#15697,#12687,#12688);
#11698=AXIS2_PLACEMENT_3D('',#15699,#12689,#12690);
#11699=AXIS2_PLACEMENT_3D('',#15702,#12692,#12693);
#11700=AXIS2_PLACEMENT_3D('',#15703,#12694,#12695);
#11701=AXIS2_PLACEMENT_3D('',#15705,#12696,#12697);
#11702=AXIS2_PLACEMENT_3D('',#15708,#12699,#12700);
#11703=AXIS2_PLACEMENT_3D('',#15709,#12701,#12702);
#11704=AXIS2_PLACEMENT_3D('',#15712,#12703,#12704);
#11705=AXIS2_PLACEMENT_3D('',#15716,#12706,#12707);
#11706=AXIS2_PLACEMENT_3D('',#15718,#12709,#12710);
#11707=AXIS2_PLACEMENT_3D('',#15720,#12711,#12712);
#11708=AXIS2_PLACEMENT_3D('',#15723,#12714,#12715);
#11709=AXIS2_PLACEMENT_3D('',#15724,#12716,#12717);
#11710=AXIS2_PLACEMENT_3D('',#15726,#12718,#12719);
#11711=AXIS2_PLACEMENT_3D('',#15729,#12721,#12722);
#11712=AXIS2_PLACEMENT_3D('',#15730,#12723,#12724);
#11713=AXIS2_PLACEMENT_3D('',#15732,#12725,#12726);
#11714=AXIS2_PLACEMENT_3D('',#15735,#12728,#12729);
#11715=AXIS2_PLACEMENT_3D('',#15736,#12730,#12731);
#11716=AXIS2_PLACEMENT_3D('',#15738,#12732,#12733);
#11717=AXIS2_PLACEMENT_3D('',#15741,#12735,#12736);
#11718=AXIS2_PLACEMENT_3D('',#15742,#12737,#12738);
#11719=AXIS2_PLACEMENT_3D('',#15744,#12739,#12740);
#11720=AXIS2_PLACEMENT_3D('',#15747,#12742,#12743);
#11721=AXIS2_PLACEMENT_3D('',#15748,#12744,#12745);
#11722=AXIS2_PLACEMENT_3D('',#15750,#12746,#12747);
#11723=AXIS2_PLACEMENT_3D('',#15753,#12749,#12750);
#11724=AXIS2_PLACEMENT_3D('',#15754,#12751,#12752);
#11725=AXIS2_PLACEMENT_3D('',#15756,#12753,#12754);
#11726=AXIS2_PLACEMENT_3D('',#15759,#12756,#12757);
#11727=AXIS2_PLACEMENT_3D('',#15760,#12758,#12759);
#11728=AXIS2_PLACEMENT_3D('',#15762,#12760,#12761);
#11729=AXIS2_PLACEMENT_3D('',#15765,#12763,#12764);
#11730=AXIS2_PLACEMENT_3D('',#15766,#12765,#12766);
#11731=AXIS2_PLACEMENT_3D('',#15768,#12767,#12768);
#11732=AXIS2_PLACEMENT_3D('',#15771,#12770,#12771);
#11733=AXIS2_PLACEMENT_3D('',#15772,#12772,#12773);
#11734=AXIS2_PLACEMENT_3D('',#15774,#12774,#12775);
#11735=AXIS2_PLACEMENT_3D('',#15777,#12777,#12778);
#11736=AXIS2_PLACEMENT_3D('',#15778,#12779,#12780);
#11737=AXIS2_PLACEMENT_3D('',#15780,#12781,#12782);
#11738=AXIS2_PLACEMENT_3D('',#15783,#12784,#12785);
#11739=AXIS2_PLACEMENT_3D('',#15784,#12786,#12787);
#11740=AXIS2_PLACEMENT_3D('',#15786,#12788,#12789);
#11741=AXIS2_PLACEMENT_3D('',#15789,#12791,#12792);
#11742=AXIS2_PLACEMENT_3D('',#15790,#12793,#12794);
#11743=AXIS2_PLACEMENT_3D('',#15792,#12795,#12796);
#11744=AXIS2_PLACEMENT_3D('',#15795,#12798,#12799);
#11745=AXIS2_PLACEMENT_3D('',#15796,#12800,#12801);
#11746=AXIS2_PLACEMENT_3D('',#15798,#12802,#12803);
#11747=AXIS2_PLACEMENT_3D('',#15801,#12805,#12806);
#11748=AXIS2_PLACEMENT_3D('',#15802,#12807,#12808);
#11749=AXIS2_PLACEMENT_3D('',#15804,#12809,#12810);
#11750=AXIS2_PLACEMENT_3D('',#15807,#12812,#12813);
#11751=AXIS2_PLACEMENT_3D('',#15808,#12814,#12815);
#11752=AXIS2_PLACEMENT_3D('',#15810,#12816,#12817);
#11753=AXIS2_PLACEMENT_3D('',#15813,#12819,#12820);
#11754=AXIS2_PLACEMENT_3D('',#15814,#12821,#12822);
#11755=AXIS2_PLACEMENT_3D('',#15816,#12823,#12824);
#11756=AXIS2_PLACEMENT_3D('',#15819,#12826,#12827);
#11757=AXIS2_PLACEMENT_3D('',#15820,#12828,#12829);
#11758=AXIS2_PLACEMENT_3D('',#15822,#12830,#12831);
#11759=AXIS2_PLACEMENT_3D('',#15825,#12833,#12834);
#11760=AXIS2_PLACEMENT_3D('',#15826,#12835,#12836);
#11761=AXIS2_PLACEMENT_3D('',#15828,#12837,#12838);
#11762=AXIS2_PLACEMENT_3D('',#15831,#12840,#12841);
#11763=AXIS2_PLACEMENT_3D('',#15832,#12842,#12843);
#11764=AXIS2_PLACEMENT_3D('',#15834,#12844,#12845);
#11765=AXIS2_PLACEMENT_3D('',#15837,#12847,#12848);
#11766=AXIS2_PLACEMENT_3D('',#15838,#12849,#12850);
#11767=AXIS2_PLACEMENT_3D('',#15840,#12851,#12852);
#11768=AXIS2_PLACEMENT_3D('',#15843,#12854,#12855);
#11769=AXIS2_PLACEMENT_3D('',#15844,#12856,#12857);
#11770=AXIS2_PLACEMENT_3D('',#15846,#12858,#12859);
#11771=AXIS2_PLACEMENT_3D('',#15849,#12861,#12862);
#11772=AXIS2_PLACEMENT_3D('',#15850,#12863,#12864);
#11773=AXIS2_PLACEMENT_3D('',#15852,#12865,#12866);
#11774=AXIS2_PLACEMENT_3D('',#15855,#12868,#12869);
#11775=AXIS2_PLACEMENT_3D('',#15856,#12870,#12871);
#11776=AXIS2_PLACEMENT_3D('',#15858,#12872,#12873);
#11777=AXIS2_PLACEMENT_3D('',#15861,#12875,#12876);
#11778=AXIS2_PLACEMENT_3D('',#15862,#12877,#12878);
#11779=AXIS2_PLACEMENT_3D('',#15864,#12879,#12880);
#11780=AXIS2_PLACEMENT_3D('',#15867,#12882,#12883);
#11781=AXIS2_PLACEMENT_3D('',#15868,#12884,#12885);
#11782=AXIS2_PLACEMENT_3D('',#15870,#12886,#12887);
#11783=AXIS2_PLACEMENT_3D('',#15873,#12889,#12890);
#11784=AXIS2_PLACEMENT_3D('',#15874,#12891,#12892);
#11785=AXIS2_PLACEMENT_3D('',#15876,#12893,#12894);
#11786=AXIS2_PLACEMENT_3D('',#15879,#12896,#12897);
#11787=AXIS2_PLACEMENT_3D('',#15880,#12898,#12899);
#11788=AXIS2_PLACEMENT_3D('',#15882,#12900,#12901);
#11789=AXIS2_PLACEMENT_3D('',#15885,#12903,#12904);
#11790=AXIS2_PLACEMENT_3D('',#15886,#12905,#12906);
#11791=AXIS2_PLACEMENT_3D('',#15888,#12907,#12908);
#11792=AXIS2_PLACEMENT_3D('',#15891,#12910,#12911);
#11793=AXIS2_PLACEMENT_3D('',#15892,#12912,#12913);
#11794=AXIS2_PLACEMENT_3D('',#15894,#12914,#12915);
#11795=AXIS2_PLACEMENT_3D('',#15897,#12917,#12918);
#11796=AXIS2_PLACEMENT_3D('',#15898,#12919,#12920);
#11797=AXIS2_PLACEMENT_3D('',#15900,#12921,#12922);
#11798=AXIS2_PLACEMENT_3D('',#15903,#12924,#12925);
#11799=AXIS2_PLACEMENT_3D('',#15904,#12926,#12927);
#11800=AXIS2_PLACEMENT_3D('',#15906,#12928,#12929);
#11801=AXIS2_PLACEMENT_3D('',#15909,#12931,#12932);
#11802=AXIS2_PLACEMENT_3D('',#15910,#12933,#12934);
#11803=AXIS2_PLACEMENT_3D('',#15912,#12935,#12936);
#11804=AXIS2_PLACEMENT_3D('',#15915,#12938,#12939);
#11805=AXIS2_PLACEMENT_3D('',#15916,#12940,#12941);
#11806=AXIS2_PLACEMENT_3D('',#15918,#12942,#12943);
#11807=AXIS2_PLACEMENT_3D('',#15921,#12945,#12946);
#11808=AXIS2_PLACEMENT_3D('',#15922,#12947,#12948);
#11809=AXIS2_PLACEMENT_3D('',#15924,#12949,#12950);
#11810=AXIS2_PLACEMENT_3D('',#15927,#12952,#12953);
#11811=AXIS2_PLACEMENT_3D('',#15928,#12954,#12955);
#11812=AXIS2_PLACEMENT_3D('',#15930,#12956,#12957);
#11813=AXIS2_PLACEMENT_3D('',#15933,#12959,#12960);
#11814=AXIS2_PLACEMENT_3D('',#15934,#12961,#12962);
#11815=AXIS2_PLACEMENT_3D('',#15936,#12963,#12964);
#11816=AXIS2_PLACEMENT_3D('',#15939,#12966,#12967);
#11817=AXIS2_PLACEMENT_3D('',#15940,#12968,#12969);
#11818=AXIS2_PLACEMENT_3D('',#15942,#12970,#12971);
#11819=AXIS2_PLACEMENT_3D('',#15945,#12973,#12974);
#11820=AXIS2_PLACEMENT_3D('',#15946,#12975,#12976);
#11821=AXIS2_PLACEMENT_3D('',#15948,#12977,#12978);
#11822=AXIS2_PLACEMENT_3D('',#15951,#12980,#12981);
#11823=AXIS2_PLACEMENT_3D('',#15952,#12982,#12983);
#11824=AXIS2_PLACEMENT_3D('',#15954,#12984,#12985);
#11825=AXIS2_PLACEMENT_3D('',#15957,#12987,#12988);
#11826=AXIS2_PLACEMENT_3D('',#15958,#12989,#12990);
#11827=AXIS2_PLACEMENT_3D('',#15960,#12991,#12992);
#11828=AXIS2_PLACEMENT_3D('',#15963,#12994,#12995);
#11829=AXIS2_PLACEMENT_3D('',#15964,#12996,#12997);
#11830=AXIS2_PLACEMENT_3D('',#15966,#12998,#12999);
#11831=AXIS2_PLACEMENT_3D('',#15969,#13001,#13002);
#11832=AXIS2_PLACEMENT_3D('',#15970,#13003,#13004);
#11833=AXIS2_PLACEMENT_3D('',#15972,#13005,#13006);
#11834=AXIS2_PLACEMENT_3D('',#15975,#13008,#13009);
#11835=AXIS2_PLACEMENT_3D('',#15976,#13010,#13011);
#11836=AXIS2_PLACEMENT_3D('',#15978,#13012,#13013);
#11837=AXIS2_PLACEMENT_3D('',#15981,#13015,#13016);
#11838=AXIS2_PLACEMENT_3D('',#15982,#13017,#13018);
#11839=AXIS2_PLACEMENT_3D('',#15984,#13019,#13020);
#11840=AXIS2_PLACEMENT_3D('',#15987,#13022,#13023);
#11841=AXIS2_PLACEMENT_3D('',#15988,#13024,#13025);
#11842=AXIS2_PLACEMENT_3D('',#15990,#13026,#13027);
#11843=AXIS2_PLACEMENT_3D('',#15993,#13029,#13030);
#11844=AXIS2_PLACEMENT_3D('',#15994,#13031,#13032);
#11845=AXIS2_PLACEMENT_3D('',#15996,#13033,#13034);
#11846=AXIS2_PLACEMENT_3D('',#15999,#13036,#13037);
#11847=AXIS2_PLACEMENT_3D('',#16000,#13038,#13039);
#11848=AXIS2_PLACEMENT_3D('',#16002,#13040,#13041);
#11849=AXIS2_PLACEMENT_3D('',#16005,#13043,#13044);
#11850=AXIS2_PLACEMENT_3D('',#16006,#13045,#13046);
#11851=AXIS2_PLACEMENT_3D('',#16008,#13047,#13048);
#11852=AXIS2_PLACEMENT_3D('',#16011,#13050,#13051);
#11853=AXIS2_PLACEMENT_3D('',#16012,#13052,#13053);
#11854=AXIS2_PLACEMENT_3D('',#16014,#13054,#13055);
#11855=AXIS2_PLACEMENT_3D('',#16017,#13057,#13058);
#11856=AXIS2_PLACEMENT_3D('',#16018,#13059,#13060);
#11857=AXIS2_PLACEMENT_3D('',#16020,#13061,#13062);
#11858=AXIS2_PLACEMENT_3D('',#16023,#13064,#13065);
#11859=AXIS2_PLACEMENT_3D('',#16024,#13066,#13067);
#11860=AXIS2_PLACEMENT_3D('',#16026,#13068,#13069);
#11861=AXIS2_PLACEMENT_3D('',#16029,#13071,#13072);
#11862=AXIS2_PLACEMENT_3D('',#16030,#13073,#13074);
#11863=AXIS2_PLACEMENT_3D('',#16032,#13075,#13076);
#11864=AXIS2_PLACEMENT_3D('',#16035,#13078,#13079);
#11865=AXIS2_PLACEMENT_3D('',#16036,#13080,#13081);
#11866=AXIS2_PLACEMENT_3D('',#16038,#13082,#13083);
#11867=AXIS2_PLACEMENT_3D('',#16041,#13085,#13086);
#11868=AXIS2_PLACEMENT_3D('',#16042,#13087,#13088);
#11869=AXIS2_PLACEMENT_3D('',#16044,#13089,#13090);
#11870=AXIS2_PLACEMENT_3D('',#16047,#13092,#13093);
#11871=AXIS2_PLACEMENT_3D('',#16048,#13094,#13095);
#11872=AXIS2_PLACEMENT_3D('',#16050,#13096,#13097);
#11873=AXIS2_PLACEMENT_3D('',#16053,#13099,#13100);
#11874=AXIS2_PLACEMENT_3D('',#16054,#13101,#13102);
#11875=AXIS2_PLACEMENT_3D('',#16056,#13103,#13104);
#11876=AXIS2_PLACEMENT_3D('',#16059,#13106,#13107);
#11877=AXIS2_PLACEMENT_3D('',#16060,#13108,#13109);
#11878=AXIS2_PLACEMENT_3D('',#16062,#13110,#13111);
#11879=AXIS2_PLACEMENT_3D('',#16065,#13113,#13114);
#11880=AXIS2_PLACEMENT_3D('',#16066,#13115,#13116);
#11881=AXIS2_PLACEMENT_3D('',#16068,#13117,#13118);
#11882=AXIS2_PLACEMENT_3D('',#16071,#13120,#13121);
#11883=AXIS2_PLACEMENT_3D('',#16072,#13122,#13123);
#11884=AXIS2_PLACEMENT_3D('',#16074,#13124,#13125);
#11885=AXIS2_PLACEMENT_3D('',#16077,#13127,#13128);
#11886=AXIS2_PLACEMENT_3D('',#16078,#13129,#13130);
#11887=AXIS2_PLACEMENT_3D('',#16080,#13131,#13132);
#11888=AXIS2_PLACEMENT_3D('',#16083,#13134,#13135);
#11889=AXIS2_PLACEMENT_3D('',#16084,#13136,#13137);
#11890=AXIS2_PLACEMENT_3D('',#16086,#13138,#13139);
#11891=AXIS2_PLACEMENT_3D('',#16089,#13141,#13142);
#11892=AXIS2_PLACEMENT_3D('',#16090,#13143,#13144);
#11893=AXIS2_PLACEMENT_3D('',#16560,#13228,#13229);
#11894=AXIS2_PLACEMENT_3D('',#16561,#13230,#13231);
#11895=AXIS2_PLACEMENT_3D('',#16562,#13232,#13233);
#11896=AXIS2_PLACEMENT_3D('',#16563,#13234,#13235);
#11897=AXIS2_PLACEMENT_3D('',#16564,#13236,#13237);
#11898=AXIS2_PLACEMENT_3D('',#16565,#13238,#13239);
#11899=AXIS2_PLACEMENT_3D('',#16566,#13240,#13241);
#11900=AXIS2_PLACEMENT_3D('',#16567,#13242,#13243);
#11901=AXIS2_PLACEMENT_3D('',#16568,#13244,#13245);
#11902=AXIS2_PLACEMENT_3D('',#16569,#13246,#13247);
#11903=AXIS2_PLACEMENT_3D('',#16570,#13248,#13249);
#11904=AXIS2_PLACEMENT_3D('',#16571,#13250,#13251);
#11905=AXIS2_PLACEMENT_3D('',#16572,#13252,#13253);
#11906=AXIS2_PLACEMENT_3D('',#16573,#13254,#13255);
#11907=AXIS2_PLACEMENT_3D('',#16574,#13256,#13257);
#11908=AXIS2_PLACEMENT_3D('',#16575,#13258,#13259);
#11909=AXIS2_PLACEMENT_3D('',#16576,#13260,#13261);
#11910=AXIS2_PLACEMENT_3D('',#16577,#13262,#13263);
#11911=AXIS2_PLACEMENT_3D('',#16578,#13264,#13265);
#11912=AXIS2_PLACEMENT_3D('',#16579,#13266,#13267);
#11913=AXIS2_PLACEMENT_3D('',#16580,#13268,#13269);
#11914=AXIS2_PLACEMENT_3D('',#16581,#13270,#13271);
#11915=AXIS2_PLACEMENT_3D('',#16582,#13272,#13273);
#11916=AXIS2_PLACEMENT_3D('',#16583,#13274,#13275);
#11917=AXIS2_PLACEMENT_3D('',#16584,#13276,#13277);
#11918=AXIS2_PLACEMENT_3D('',#16585,#13278,#13279);
#11919=AXIS2_PLACEMENT_3D('',#16586,#13280,#13281);
#11920=AXIS2_PLACEMENT_3D('',#16587,#13282,#13283);
#11921=AXIS2_PLACEMENT_3D('',#16588,#13284,#13285);
#11922=AXIS2_PLACEMENT_3D('',#16589,#13286,#13287);
#11923=AXIS2_PLACEMENT_3D('',#16590,#13288,#13289);
#11924=AXIS2_PLACEMENT_3D('',#16591,#13290,#13291);
#11925=AXIS2_PLACEMENT_3D('',#16592,#13292,#13293);
#11926=AXIS2_PLACEMENT_3D('',#16597,#13295,#13296);
#11927=AXIS2_PLACEMENT_3D('',#16600,#13298,#13299);
#11928=AXIS2_PLACEMENT_3D('',#16601,#13300,#13301);
#11929=AXIS2_PLACEMENT_3D('',#16603,#13302,#13303);
#11930=AXIS2_PLACEMENT_3D('',#16605,#13304,#13305);
#11931=AXIS2_PLACEMENT_3D('',#16607,#13307,#13308);
#11932=AXIS2_PLACEMENT_3D('',#16610,#13311,#13312);
#11933=AXIS2_PLACEMENT_3D('',#16616,#13316,#13317);
#11934=AXIS2_PLACEMENT_3D('',#16618,#13318,#13319);
#11935=AXIS2_PLACEMENT_3D('',#16620,#13320,#13321);
#11936=AXIS2_PLACEMENT_3D('',#16622,#13323,#13324);
#11937=AXIS2_PLACEMENT_3D('',#16626,#13326,#13327);
#11938=AXIS2_PLACEMENT_3D('',#16627,#13328,#13329);
#11939=AXIS2_PLACEMENT_3D('',#16628,#13330,#13331);
#11940=AXIS2_PLACEMENT_3D('',#16630,#13332,#13333);
#11941=AXIS2_PLACEMENT_3D('',#16632,#13334,#13335);
#11942=AXIS2_PLACEMENT_3D('',#16634,#13337,#13338);
#11943=AXIS2_PLACEMENT_3D('',#16640,#13342,#13343);
#11944=AXIS2_PLACEMENT_3D('',#16643,#13346,#13347);
#11945=AXIS2_PLACEMENT_3D('',#16649,#13351,#13352);
#11946=AXIS2_PLACEMENT_3D('',#16655,#13356,#13357);
#11947=AXIS2_PLACEMENT_3D('',#16657,#13358,#13359);
#11948=AXIS2_PLACEMENT_3D('',#16659,#13360,#13361);
#11949=AXIS2_PLACEMENT_3D('',#16661,#13363,#13364);
#11950=AXIS2_PLACEMENT_3D('',#16665,#13366,#13367);
#11951=AXIS2_PLACEMENT_3D('',#16666,#13368,#13369);
#11952=AXIS2_PLACEMENT_3D('',#16667,#13370,#13371);
#11953=AXIS2_PLACEMENT_3D('',#16669,#13372,#13373);
#11954=AXIS2_PLACEMENT_3D('',#16671,#13374,#13375);
#11955=AXIS2_PLACEMENT_3D('',#16673,#13377,#13378);
#11956=AXIS2_PLACEMENT_3D('',#16679,#13382,#13383);
#11957=AXIS2_PLACEMENT_3D('',#16683,#13385,#13386);
#11958=AXIS2_PLACEMENT_3D('',#16684,#13387,#13388);
#11959=AXIS2_PLACEMENT_3D('',#16685,#13389,#13390);
#11960=AXIS2_PLACEMENT_3D('',#16691,#13394,#13395);
#11961=AXIS2_PLACEMENT_3D('',#16693,#13396,#13397);
#11962=AXIS2_PLACEMENT_3D('',#16695,#13398,#13399);
#11963=AXIS2_PLACEMENT_3D('',#16697,#13401,#13402);
#11964=AXIS2_PLACEMENT_3D('',#16701,#13404,#13405);
#11965=AXIS2_PLACEMENT_3D('',#16702,#13406,#13407);
#11966=AXIS2_PLACEMENT_3D('',#16703,#13408,#13409);
#11967=AXIS2_PLACEMENT_3D('',#16705,#13410,#13411);
#11968=AXIS2_PLACEMENT_3D('',#16707,#13412,#13413);
#11969=AXIS2_PLACEMENT_3D('',#16709,#13415,#13416);
#11970=AXIS2_PLACEMENT_3D('',#16715,#13420,#13421);
#11971=AXIS2_PLACEMENT_3D('',#16721,#13425,#13426);
#11972=AXIS2_PLACEMENT_3D('',#16727,#13430,#13431);
#11973=AXIS2_PLACEMENT_3D('',#16733,#13435,#13436);
#11974=AXIS2_PLACEMENT_3D('',#16739,#13440,#13441);
#11975=AXIS2_PLACEMENT_3D('',#16740,#13442,#13443);
#11976=AXIS2_PLACEMENT_3D('',#16741,#13444,#13445);
#11977=AXIS2_PLACEMENT_3D('',#16742,#13446,#13447);
#11978=AXIS2_PLACEMENT_3D('',#16743,#13448,#13449);
#11979=AXIS2_PLACEMENT_3D('',#16744,#13450,#13451);
#11980=AXIS2_PLACEMENT_3D('',#16745,#13452,#13453);
#11981=AXIS2_PLACEMENT_3D('',#16825,#13456,#13457);
#11982=AXIS2_PLACEMENT_3D('',#16829,#13460,#13461);
#11983=AXIS2_PLACEMENT_3D('',#16833,#13464,#13465);
#11984=AXIS2_PLACEMENT_3D('',#16854,#13469,#13470);
#11985=AXIS2_PLACEMENT_3D('',#16875,#13474,#13475);
#11986=AXIS2_PLACEMENT_3D('',#16879,#13478,#13479);
#11987=AXIS2_PLACEMENT_3D('',#16883,#13482,#13483);
#11988=AXIS2_PLACEMENT_3D('',#16887,#13486,#13487);
#11989=AXIS2_PLACEMENT_3D('',#16889,#13489,#13490);
#11990=AXIS2_PLACEMENT_3D('',#16933,#13493,#13494);
#11991=AXIS2_PLACEMENT_3D('',#16948,#13498,#13499);
#11992=AXIS2_PLACEMENT_3D('',#16972,#13503,#13504);
#11993=AXIS2_PLACEMENT_3D('',#16976,#13507,#13508);
#11994=AXIS2_PLACEMENT_3D('',#16980,#13511,#13512);
#11995=AXIS2_PLACEMENT_3D('',#16984,#13515,#13516);
#11996=AXIS2_PLACEMENT_3D('',#16988,#13519,#13520);
#11997=AXIS2_PLACEMENT_3D('',#17012,#13524,#13525);
#11998=AXIS2_PLACEMENT_3D('',#17033,#13529,#13530);
#11999=AXIS2_PLACEMENT_3D('',#17037,#13533,#13534);
#12000=AXIS2_PLACEMENT_3D('',#17041,#13537,#13538);
#12001=AXIS2_PLACEMENT_3D('',#17045,#13541,#13542);
#12002=AXIS2_PLACEMENT_3D('',#17069,#13546,#13547);
#12003=AXIS2_PLACEMENT_3D('',#17073,#13550,#13551);
#12004=AXIS2_PLACEMENT_3D('',#17118,#13555,#13556);
#12005=AXIS2_PLACEMENT_3D('',#17122,#13559,#13560);
#12006=AXIS2_PLACEMENT_3D('',#17126,#13563,#13564);
#12007=AXIS2_PLACEMENT_3D('',#17147,#13568,#13569);
#12008=AXIS2_PLACEMENT_3D('',#17168,#13573,#13574);
#12009=AXIS2_PLACEMENT_3D('',#17172,#13577,#13578);
#12010=AXIS2_PLACEMENT_3D('',#17176,#13581,#13582);
#12011=AXIS2_PLACEMENT_3D('',#17178,#13584,#13585);
#12012=AXIS2_PLACEMENT_3D('',#17276,#13588,#13589);
#12013=AXIS2_PLACEMENT_3D('',#17280,#13592,#13593);
#12014=AXIS2_PLACEMENT_3D('',#17284,#13596,#13597);
#12015=AXIS2_PLACEMENT_3D('',#17356,#13601,#13602);
#12016=AXIS2_PLACEMENT_3D('',#17360,#13605,#13606);
#12017=AXIS2_PLACEMENT_3D('',#17364,#13609,#13610);
#12018=AXIS2_PLACEMENT_3D('',#17366,#13612,#13613);
#12019=AXIS2_PLACEMENT_3D('',#17410,#13616,#13617);
#12020=AXIS2_PLACEMENT_3D('',#17414,#13620,#13621);
#12021=AXIS2_PLACEMENT_3D('',#17418,#13624,#13625);
#12022=AXIS2_PLACEMENT_3D('',#17436,#13629,#13630);
#12023=AXIS2_PLACEMENT_3D('',#17440,#13633,#13634);
#12024=AXIS2_PLACEMENT_3D('',#17461,#13638,#13639);
#12025=AXIS2_PLACEMENT_3D('',#17465,#13642,#13643);
#12026=AXIS2_PLACEMENT_3D('',#17469,#13646,#13647);
#12027=AXIS2_PLACEMENT_3D('',#17490,#13651,#13652);
#12028=AXIS2_PLACEMENT_3D('',#17553,#13656,#13657);
#12029=AXIS2_PLACEMENT_3D('',#17557,#13660,#13661);
#12030=AXIS2_PLACEMENT_3D('',#17561,#13664,#13665);
#12031=AXIS2_PLACEMENT_3D('',#17597,#13669,#13670);
#12032=AXIS2_PLACEMENT_3D('',#17601,#13673,#13674);
#12033=AXIS2_PLACEMENT_3D('',#17605,#13677,#13678);
#12034=AXIS2_PLACEMENT_3D('',#17609,#13681,#13682);
#12035=AXIS2_PLACEMENT_3D('',#17613,#13685,#13686);
#12036=AXIS2_PLACEMENT_3D('',#17617,#13689,#13690);
#12037=AXIS2_PLACEMENT_3D('',#17619,#13692,#13693);
#12038=AXIS2_PLACEMENT_3D('',#17620,#13694,#13695);
#12039=AXIS2_PLACEMENT_3D('',#17626,#13699,#13700);
#12040=AXIS2_PLACEMENT_3D('',#17630,#13703,#13704);
#12041=AXIS2_PLACEMENT_3D('',#17634,#13707,#13708);
#12042=AXIS2_PLACEMENT_3D('',#17638,#13711,#13712);
#12043=AXIS2_PLACEMENT_3D('',#17642,#13715,#13716);
#12044=AXIS2_PLACEMENT_3D('',#17646,#13719,#13720);
#12045=AXIS2_PLACEMENT_3D('',#17648,#13722,#13723);
#12046=AXIS2_PLACEMENT_3D('',#17737,#13726,#13727);
#12047=AXIS2_PLACEMENT_3D('',#17741,#13730,#13731);
#12048=AXIS2_PLACEMENT_3D('',#17745,#13734,#13735);
#12049=AXIS2_PLACEMENT_3D('',#17799,#13739,#13740);
#12050=AXIS2_PLACEMENT_3D('',#17803,#13743,#13744);
#12051=AXIS2_PLACEMENT_3D('',#17807,#13747,#13748);
#12052=AXIS2_PLACEMENT_3D('',#17852,#13752,#13753);
#12053=AXIS2_PLACEMENT_3D('',#17856,#13756,#13757);
#12054=AXIS2_PLACEMENT_3D('',#17860,#13760,#13761);
#12055=AXIS2_PLACEMENT_3D('',#17905,#13765,#13766);
#12056=AXIS2_PLACEMENT_3D('',#17909,#13769,#13770);
#12057=AXIS2_PLACEMENT_3D('',#17913,#13773,#13774);
#12058=AXIS2_PLACEMENT_3D('',#17915,#13776,#13777);
#12059=AXIS2_PLACEMENT_3D('',#17916,#13778,#13779);
#12060=AXIS2_PLACEMENT_3D('',#17925,#13784,#13785);
#12061=AXIS2_PLACEMENT_3D('',#17931,#13789,#13790);
#12062=AXIS2_PLACEMENT_3D('',#17937,#13794,#13795);
#12063=AXIS2_PLACEMENT_3D('',#17943,#13799,#13800);
#12064=AXIS2_PLACEMENT_3D('',#17949,#13804,#13805);
#12065=AXIS2_PLACEMENT_3D('',#17955,#13809,#13810);
#12066=AXIS2_PLACEMENT_3D('',#17961,#13814,#13815);
#12067=AXIS2_PLACEMENT_3D('',#17967,#13819,#13820);
#12068=AXIS2_PLACEMENT_3D('',#17968,#13821,#13822);
#12069=AXIS2_PLACEMENT_3D('',#17969,#13823,#13824);
#12070=AXIS2_PLACEMENT_3D('',#17978,#13825,#13826);
#12071=AXIS2_PLACEMENT_3D('',#17979,#13827,#13828);
#12072=AXIS2_PLACEMENT_3D('',#17980,#13829,#13830);
#12073=AXIS2_PLACEMENT_3D('',#17986,#13834,#13835);
#12074=AXIS2_PLACEMENT_3D('',#17990,#13838,#13839);
#12075=AXIS2_PLACEMENT_3D('',#17994,#13842,#13843);
#12076=AXIS2_PLACEMENT_3D('',#17998,#13846,#13847);
#12077=AXIS2_PLACEMENT_3D('',#18002,#13850,#13851);
#12078=AXIS2_PLACEMENT_3D('',#18006,#13854,#13855);
#12079=AXIS2_PLACEMENT_3D('',#18008,#13857,#13858);
#12080=AXIS2_PLACEMENT_3D('',#18009,#13859,#13860);
#12081=AXIS2_PLACEMENT_3D('',#18017,#13864,#13865);
#12082=AXIS2_PLACEMENT_3D('',#18018,#13866,#13867);
#12083=AXIS2_PLACEMENT_3D('',#18024,#13871,#13872);
#12084=AXIS2_PLACEMENT_3D('',#18028,#13875,#13876);
#12085=AXIS2_PLACEMENT_3D('',#18032,#13879,#13880);
#12086=AXIS2_PLACEMENT_3D('',#18033,#13881,#13882);
#12087=AXIS2_PLACEMENT_3D('',#18034,#13883,#13884);
#12088=AXIS2_PLACEMENT_3D('',#18035,#13885,#13886);
#12089=AXIS2_PLACEMENT_3D('',#18036,#13887,#13888);
#12090=AXIS2_PLACEMENT_3D('',#18037,#13889,#13890);
#12091=AXIS2_PLACEMENT_3D('',#18046,#13895,#13896);
#12092=AXIS2_PLACEMENT_3D('',#18052,#13900,#13901);
#12093=AXIS2_PLACEMENT_3D('',#18056,#13904,#13905);
#12094=AXIS2_PLACEMENT_3D('',#18060,#13908,#13909);
#12095=AXIS2_PLACEMENT_3D('',#18062,#13911,#13912);
#12096=AXIS2_PLACEMENT_3D('',#18063,#13913,#13914);
#12097=AXIS2_PLACEMENT_3D('',#18072,#13919,#13920);
#12098=AXIS2_PLACEMENT_3D('',#18078,#13924,#13925);
#12099=AXIS2_PLACEMENT_3D('',#18082,#13928,#13929);
#12100=AXIS2_PLACEMENT_3D('',#18086,#13932,#13933);
#12101=AXIS2_PLACEMENT_3D('',#18088,#13935,#13936);
#12102=AXIS2_PLACEMENT_3D('',#18089,#13937,#13938);
#12103=AXIS2_PLACEMENT_3D('',#18098,#13943,#13944);
#12104=AXIS2_PLACEMENT_3D('',#18104,#13948,#13949);
#12105=AXIS2_PLACEMENT_3D('',#18108,#13952,#13953);
#12106=AXIS2_PLACEMENT_3D('',#18112,#13956,#13957);
#12107=AXIS2_PLACEMENT_3D('',#18114,#13959,#13960);
#12108=AXIS2_PLACEMENT_3D('',#18115,#13961,#13962);
#12109=AXIS2_PLACEMENT_3D('',#18124,#13967,#13968);
#12110=AXIS2_PLACEMENT_3D('',#18130,#13972,#13973);
#12111=AXIS2_PLACEMENT_3D('',#18134,#13976,#13977);
#12112=AXIS2_PLACEMENT_3D('',#18138,#13980,#13981);
#12113=AXIS2_PLACEMENT_3D('',#18140,#13983,#13984);
#12114=AXIS2_PLACEMENT_3D('',#18141,#13985,#13986);
#12115=AXIS2_PLACEMENT_3D('',#18150,#13991,#13992);
#12116=AXIS2_PLACEMENT_3D('',#18156,#13996,#13997);
#12117=AXIS2_PLACEMENT_3D('',#18160,#14000,#14001);
#12118=AXIS2_PLACEMENT_3D('',#18164,#14004,#14005);
#12119=AXIS2_PLACEMENT_3D('',#18166,#14007,#14008);
#12120=AXIS2_PLACEMENT_3D('',#18167,#14009,#14010);
#12121=AXIS2_PLACEMENT_3D('',#18176,#14015,#14016);
#12122=AXIS2_PLACEMENT_3D('',#18182,#14020,#14021);
#12123=AXIS2_PLACEMENT_3D('',#18186,#14024,#14025);
#12124=AXIS2_PLACEMENT_3D('',#18190,#14028,#14029);
#12125=AXIS2_PLACEMENT_3D('',#18192,#14031,#14032);
#12126=AXIS2_PLACEMENT_3D('',#18193,#14033,#14034);
#12127=AXIS2_PLACEMENT_3D('',#18202,#14039,#14040);
#12128=AXIS2_PLACEMENT_3D('',#18208,#14044,#14045);
#12129=AXIS2_PLACEMENT_3D('',#18212,#14048,#14049);
#12130=AXIS2_PLACEMENT_3D('',#18216,#14052,#14053);
#12131=AXIS2_PLACEMENT_3D('',#18218,#14055,#14056);
#12132=AXIS2_PLACEMENT_3D('',#18219,#14057,#14058);
#12133=AXIS2_PLACEMENT_3D('',#18228,#14063,#14064);
#12134=AXIS2_PLACEMENT_3D('',#18234,#14068,#14069);
#12135=AXIS2_PLACEMENT_3D('',#18238,#14072,#14073);
#12136=AXIS2_PLACEMENT_3D('',#18242,#14076,#14077);
#12137=AXIS2_PLACEMENT_3D('',#18244,#14079,#14080);
#12138=AXIS2_PLACEMENT_3D('',#18245,#14081,#14082);
#12139=AXIS2_PLACEMENT_3D('',#18254,#14087,#14088);
#12140=AXIS2_PLACEMENT_3D('',#18260,#14092,#14093);
#12141=AXIS2_PLACEMENT_3D('',#18264,#14096,#14097);
#12142=AXIS2_PLACEMENT_3D('',#18268,#14100,#14101);
#12143=AXIS2_PLACEMENT_3D('',#18270,#14103,#14104);
#12144=AXIS2_PLACEMENT_3D('',#18271,#14105,#14106);
#12145=AXIS2_PLACEMENT_3D('',#18280,#14111,#14112);
#12146=AXIS2_PLACEMENT_3D('',#18286,#14116,#14117);
#12147=AXIS2_PLACEMENT_3D('',#18290,#14120,#14121);
#12148=AXIS2_PLACEMENT_3D('',#18294,#14124,#14125);
#12149=AXIS2_PLACEMENT_3D('',#18296,#14127,#14128);
#12150=AXIS2_PLACEMENT_3D('',#18297,#14129,#14130);
#12151=AXIS2_PLACEMENT_3D('',#18306,#14135,#14136);
#12152=AXIS2_PLACEMENT_3D('',#18312,#14140,#14141);
#12153=AXIS2_PLACEMENT_3D('',#18316,#14144,#14145);
#12154=AXIS2_PLACEMENT_3D('',#18320,#14148,#14149);
#12155=AXIS2_PLACEMENT_3D('',#18322,#14151,#14152);
#12156=AXIS2_PLACEMENT_3D('',#18323,#14153,#14154);
#12157=AXIS2_PLACEMENT_3D('',#18332,#14159,#14160);
#12158=AXIS2_PLACEMENT_3D('',#18338,#14164,#14165);
#12159=AXIS2_PLACEMENT_3D('',#18342,#14168,#14169);
#12160=AXIS2_PLACEMENT_3D('',#18346,#14172,#14173);
#12161=AXIS2_PLACEMENT_3D('',#18348,#14175,#14176);
#12162=AXIS2_PLACEMENT_3D('',#18349,#14177,#14178);
#12163=AXIS2_PLACEMENT_3D('',#18358,#14183,#14184);
#12164=AXIS2_PLACEMENT_3D('',#18364,#14188,#14189);
#12165=AXIS2_PLACEMENT_3D('',#18368,#14192,#14193);
#12166=AXIS2_PLACEMENT_3D('',#18372,#14196,#14197);
#12167=AXIS2_PLACEMENT_3D('',#18374,#14199,#14200);
#12168=AXIS2_PLACEMENT_3D('',#18375,#14201,#14202);
#12169=AXIS2_PLACEMENT_3D('',#18384,#14207,#14208);
#12170=AXIS2_PLACEMENT_3D('',#18390,#14212,#14213);
#12171=AXIS2_PLACEMENT_3D('',#18394,#14216,#14217);
#12172=AXIS2_PLACEMENT_3D('',#18398,#14220,#14221);
#12173=AXIS2_PLACEMENT_3D('',#18400,#14223,#14224);
#12174=AXIS2_PLACEMENT_3D('',#18401,#14225,#14226);
#12175=AXIS2_PLACEMENT_3D('',#18410,#14231,#14232);
#12176=AXIS2_PLACEMENT_3D('',#18416,#14236,#14237);
#12177=AXIS2_PLACEMENT_3D('',#18420,#14240,#14241);
#12178=AXIS2_PLACEMENT_3D('',#18424,#14244,#14245);
#12179=AXIS2_PLACEMENT_3D('',#18426,#14247,#14248);
#12180=AXIS2_PLACEMENT_3D('',#18427,#14249,#14250);
#12181=AXIS2_PLACEMENT_3D('',#18436,#14255,#14256);
#12182=AXIS2_PLACEMENT_3D('',#18442,#14260,#14261);
#12183=AXIS2_PLACEMENT_3D('',#18446,#14264,#14265);
#12184=AXIS2_PLACEMENT_3D('',#18450,#14268,#14269);
#12185=AXIS2_PLACEMENT_3D('',#18452,#14271,#14272);
#12186=AXIS2_PLACEMENT_3D('',#18453,#14273,#14274);
#12187=AXIS2_PLACEMENT_3D('',#18462,#14279,#14280);
#12188=AXIS2_PLACEMENT_3D('',#18468,#14284,#14285);
#12189=AXIS2_PLACEMENT_3D('',#18472,#14288,#14289);
#12190=AXIS2_PLACEMENT_3D('',#18476,#14292,#14293);
#12191=AXIS2_PLACEMENT_3D('',#18478,#14295,#14296);
#12192=AXIS2_PLACEMENT_3D('',#18479,#14297,#14298);
#12193=AXIS2_PLACEMENT_3D('',#18488,#14303,#14304);
#12194=AXIS2_PLACEMENT_3D('',#18494,#14308,#14309);
#12195=AXIS2_PLACEMENT_3D('',#18498,#14312,#14313);
#12196=AXIS2_PLACEMENT_3D('',#18502,#14316,#14317);
#12197=AXIS2_PLACEMENT_3D('',#18504,#14319,#14320);
#12198=AXIS2_PLACEMENT_3D('',#18505,#14321,#14322);
#12199=AXIS2_PLACEMENT_3D('',#18514,#14327,#14328);
#12200=AXIS2_PLACEMENT_3D('',#18520,#14332,#14333);
#12201=AXIS2_PLACEMENT_3D('',#18524,#14336,#14337);
#12202=AXIS2_PLACEMENT_3D('',#18528,#14340,#14341);
#12203=AXIS2_PLACEMENT_3D('',#18530,#14343,#14344);
#12204=AXIS2_PLACEMENT_3D('',#18531,#14345,#14346);
#12205=AXIS2_PLACEMENT_3D('',#18540,#14351,#14352);
#12206=AXIS2_PLACEMENT_3D('',#18546,#14356,#14357);
#12207=AXIS2_PLACEMENT_3D('',#18550,#14360,#14361);
#12208=AXIS2_PLACEMENT_3D('',#18554,#14364,#14365);
#12209=AXIS2_PLACEMENT_3D('',#18556,#14367,#14368);
#12210=AXIS2_PLACEMENT_3D('',#18557,#14369,#14370);
#12211=AXIS2_PLACEMENT_3D('',#18566,#14375,#14376);
#12212=AXIS2_PLACEMENT_3D('',#18572,#14380,#14381);
#12213=AXIS2_PLACEMENT_3D('',#18576,#14384,#14385);
#12214=AXIS2_PLACEMENT_3D('',#18580,#14388,#14389);
#12215=AXIS2_PLACEMENT_3D('',#18582,#14391,#14392);
#12216=AXIS2_PLACEMENT_3D('',#18583,#14393,#14394);
#12217=AXIS2_PLACEMENT_3D('',#18592,#14399,#14400);
#12218=AXIS2_PLACEMENT_3D('',#18598,#14404,#14405);
#12219=AXIS2_PLACEMENT_3D('',#18602,#14408,#14409);
#12220=AXIS2_PLACEMENT_3D('',#18606,#14412,#14413);
#12221=AXIS2_PLACEMENT_3D('',#18608,#14415,#14416);
#12222=AXIS2_PLACEMENT_3D('',#18609,#14417,#14418);
#12223=AXIS2_PLACEMENT_3D('',#18618,#14423,#14424);
#12224=AXIS2_PLACEMENT_3D('',#18624,#14428,#14429);
#12225=AXIS2_PLACEMENT_3D('',#18628,#14432,#14433);
#12226=AXIS2_PLACEMENT_3D('',#18632,#14436,#14437);
#12227=AXIS2_PLACEMENT_3D('',#18634,#14439,#14440);
#12228=AXIS2_PLACEMENT_3D('',#18635,#14441,#14442);
#12229=AXIS2_PLACEMENT_3D('',#18644,#14447,#14448);
#12230=AXIS2_PLACEMENT_3D('',#18650,#14452,#14453);
#12231=AXIS2_PLACEMENT_3D('',#18654,#14456,#14457);
#12232=AXIS2_PLACEMENT_3D('',#18658,#14460,#14461);
#12233=AXIS2_PLACEMENT_3D('',#18660,#14463,#14464);
#12234=AXIS2_PLACEMENT_3D('',#18661,#14465,#14466);
#12235=AXIS2_PLACEMENT_3D('',#18670,#14471,#14472);
#12236=AXIS2_PLACEMENT_3D('',#18676,#14476,#14477);
#12237=AXIS2_PLACEMENT_3D('',#18680,#14480,#14481);
#12238=AXIS2_PLACEMENT_3D('',#18684,#14484,#14485);
#12239=AXIS2_PLACEMENT_3D('',#18686,#14487,#14488);
#12240=AXIS2_PLACEMENT_3D('',#18687,#14489,#14490);
#12241=AXIS2_PLACEMENT_3D('',#18696,#14495,#14496);
#12242=AXIS2_PLACEMENT_3D('',#18702,#14500,#14501);
#12243=AXIS2_PLACEMENT_3D('',#18706,#14504,#14505);
#12244=AXIS2_PLACEMENT_3D('',#18710,#14508,#14509);
#12245=AXIS2_PLACEMENT_3D('',#18712,#14511,#14512);
#12246=AXIS2_PLACEMENT_3D('',#18713,#14513,#14514);
#12247=AXIS2_PLACEMENT_3D('',#18722,#14519,#14520);
#12248=AXIS2_PLACEMENT_3D('',#18728,#14524,#14525);
#12249=AXIS2_PLACEMENT_3D('',#18732,#14528,#14529);
#12250=AXIS2_PLACEMENT_3D('',#18736,#14532,#14533);
#12251=AXIS2_PLACEMENT_3D('',#18738,#14535,#14536);
#12252=AXIS2_PLACEMENT_3D('',#18739,#14537,#14538);
#12253=AXIS2_PLACEMENT_3D('',#18748,#14543,#14544);
#12254=AXIS2_PLACEMENT_3D('',#18754,#14548,#14549);
#12255=AXIS2_PLACEMENT_3D('',#18758,#14552,#14553);
#12256=AXIS2_PLACEMENT_3D('',#18762,#14556,#14557);
#12257=AXIS2_PLACEMENT_3D('',#18764,#14559,#14560);
#12258=AXIS2_PLACEMENT_3D('',#18765,#14561,#14562);
#12259=AXIS2_PLACEMENT_3D('',#18774,#14567,#14568);
#12260=AXIS2_PLACEMENT_3D('',#18780,#14572,#14573);
#12261=AXIS2_PLACEMENT_3D('',#18784,#14576,#14577);
#12262=AXIS2_PLACEMENT_3D('',#18788,#14580,#14581);
#12263=AXIS2_PLACEMENT_3D('',#18790,#14583,#14584);
#12264=AXIS2_PLACEMENT_3D('',#18791,#14585,#14586);
#12265=AXIS2_PLACEMENT_3D('',#18800,#14591,#14592);
#12266=AXIS2_PLACEMENT_3D('',#18806,#14596,#14597);
#12267=AXIS2_PLACEMENT_3D('',#18810,#14600,#14601);
#12268=AXIS2_PLACEMENT_3D('',#18814,#14604,#14605);
#12269=AXIS2_PLACEMENT_3D('',#18816,#14607,#14608);
#12270=AXIS2_PLACEMENT_3D('',#18817,#14609,#14610);
#12271=AXIS2_PLACEMENT_3D('',#18826,#14615,#14616);
#12272=AXIS2_PLACEMENT_3D('',#18832,#14620,#14621);
#12273=AXIS2_PLACEMENT_3D('',#18836,#14624,#14625);
#12274=AXIS2_PLACEMENT_3D('',#18840,#14628,#14629);
#12275=AXIS2_PLACEMENT_3D('',#18842,#14631,#14632);
#12276=AXIS2_PLACEMENT_3D('',#18843,#14633,#14634);
#12277=AXIS2_PLACEMENT_3D('',#18852,#14639,#14640);
#12278=AXIS2_PLACEMENT_3D('',#18858,#14644,#14645);
#12279=AXIS2_PLACEMENT_3D('',#18862,#14648,#14649);
#12280=AXIS2_PLACEMENT_3D('',#18866,#14652,#14653);
#12281=AXIS2_PLACEMENT_3D('',#18868,#14655,#14656);
#12282=AXIS2_PLACEMENT_3D('',#18869,#14657,#14658);
#12283=AXIS2_PLACEMENT_3D('',#18878,#14663,#14664);
#12284=AXIS2_PLACEMENT_3D('',#18884,#14668,#14669);
#12285=AXIS2_PLACEMENT_3D('',#18888,#14672,#14673);
#12286=AXIS2_PLACEMENT_3D('',#18892,#14676,#14677);
#12287=AXIS2_PLACEMENT_3D('',#18894,#14679,#14680);
#12288=AXIS2_PLACEMENT_3D('',#18895,#14681,#14682);
#12289=AXIS2_PLACEMENT_3D('',#18904,#14687,#14688);
#12290=AXIS2_PLACEMENT_3D('',#18910,#14692,#14693);
#12291=AXIS2_PLACEMENT_3D('',#18914,#14696,#14697);
#12292=AXIS2_PLACEMENT_3D('',#18918,#14700,#14701);
#12293=AXIS2_PLACEMENT_3D('',#18920,#14703,#14704);
#12294=AXIS2_PLACEMENT_3D('',#18921,#14705,#14706);
#12295=AXIS2_PLACEMENT_3D('',#18930,#14711,#14712);
#12296=AXIS2_PLACEMENT_3D('',#18936,#14716,#14717);
#12297=AXIS2_PLACEMENT_3D('',#18940,#14720,#14721);
#12298=AXIS2_PLACEMENT_3D('',#18944,#14724,#14725);
#12299=AXIS2_PLACEMENT_3D('',#18946,#14727,#14728);
#12300=AXIS2_PLACEMENT_3D('',#18947,#14729,#14730);
#12301=AXIS2_PLACEMENT_3D('',#18956,#14735,#14736);
#12302=AXIS2_PLACEMENT_3D('',#18962,#14740,#14741);
#12303=AXIS2_PLACEMENT_3D('',#18966,#14744,#14745);
#12304=AXIS2_PLACEMENT_3D('',#18970,#14748,#14749);
#12305=AXIS2_PLACEMENT_3D('',#18972,#14751,#14752);
#12306=AXIS2_PLACEMENT_3D('',#18973,#14753,#14754);
#12307=AXIS2_PLACEMENT_3D('',#18982,#14759,#14760);
#12308=AXIS2_PLACEMENT_3D('',#18988,#14764,#14765);
#12309=AXIS2_PLACEMENT_3D('',#18992,#14768,#14769);
#12310=AXIS2_PLACEMENT_3D('',#18996,#14772,#14773);
#12311=AXIS2_PLACEMENT_3D('',#18998,#14775,#14776);
#12312=AXIS2_PLACEMENT_3D('',#18999,#14777,#14778);
#12313=AXIS2_PLACEMENT_3D('',#19008,#14783,#14784);
#12314=AXIS2_PLACEMENT_3D('',#19014,#14788,#14789);
#12315=AXIS2_PLACEMENT_3D('',#19018,#14792,#14793);
#12316=AXIS2_PLACEMENT_3D('',#19022,#14796,#14797);
#12317=AXIS2_PLACEMENT_3D('',#19024,#14799,#14800);
#12318=AXIS2_PLACEMENT_3D('',#19025,#14801,#14802);
#12319=AXIS2_PLACEMENT_3D('',#19034,#14807,#14808);
#12320=AXIS2_PLACEMENT_3D('',#19040,#14812,#14813);
#12321=AXIS2_PLACEMENT_3D('',#19044,#14816,#14817);
#12322=AXIS2_PLACEMENT_3D('',#19048,#14820,#14821);
#12323=AXIS2_PLACEMENT_3D('',#19050,#14823,#14824);
#12324=AXIS2_PLACEMENT_3D('',#19051,#14825,#14826);
#12325=AXIS2_PLACEMENT_3D('',#19060,#14831,#14832);
#12326=AXIS2_PLACEMENT_3D('',#19066,#14836,#14837);
#12327=AXIS2_PLACEMENT_3D('',#19070,#14840,#14841);
#12328=AXIS2_PLACEMENT_3D('',#19074,#14844,#14845);
#12329=AXIS2_PLACEMENT_3D('',#19076,#14847,#14848);
#12330=AXIS2_PLACEMENT_3D('',#19077,#14849,#14850);
#12331=AXIS2_PLACEMENT_3D('',#19086,#14855,#14856);
#12332=AXIS2_PLACEMENT_3D('',#19092,#14860,#14861);
#12333=AXIS2_PLACEMENT_3D('',#19096,#14864,#14865);
#12334=AXIS2_PLACEMENT_3D('',#19100,#14868,#14869);
#12335=AXIS2_PLACEMENT_3D('',#19102,#14871,#14872);
#12336=AXIS2_PLACEMENT_3D('',#19103,#14873,#14874);
#12337=AXIS2_PLACEMENT_3D('',#19112,#14879,#14880);
#12338=AXIS2_PLACEMENT_3D('',#19118,#14884,#14885);
#12339=AXIS2_PLACEMENT_3D('',#19122,#14888,#14889);
#12340=AXIS2_PLACEMENT_3D('',#19126,#14892,#14893);
#12341=AXIS2_PLACEMENT_3D('',#19128,#14895,#14896);
#12342=AXIS2_PLACEMENT_3D('',#19129,#14897,#14898);
#12343=AXIS2_PLACEMENT_3D('',#19138,#14903,#14904);
#12344=AXIS2_PLACEMENT_3D('',#19144,#14908,#14909);
#12345=AXIS2_PLACEMENT_3D('',#19148,#14912,#14913);
#12346=AXIS2_PLACEMENT_3D('',#19152,#14916,#14917);
#12347=AXIS2_PLACEMENT_3D('',#19154,#14919,#14920);
#12348=AXIS2_PLACEMENT_3D('',#19155,#14921,#14922);
#12349=AXIS2_PLACEMENT_3D('',#19164,#14927,#14928);
#12350=AXIS2_PLACEMENT_3D('',#19170,#14932,#14933);
#12351=AXIS2_PLACEMENT_3D('',#19174,#14936,#14937);
#12352=AXIS2_PLACEMENT_3D('',#19178,#14940,#14941);
#12353=AXIS2_PLACEMENT_3D('',#19180,#14943,#14944);
#12354=AXIS2_PLACEMENT_3D('',#19181,#14945,#14946);
#12355=AXIS2_PLACEMENT_3D('',#19190,#14951,#14952);
#12356=AXIS2_PLACEMENT_3D('',#19196,#14956,#14957);
#12357=AXIS2_PLACEMENT_3D('',#19200,#14960,#14961);
#12358=AXIS2_PLACEMENT_3D('',#19204,#14964,#14965);
#12359=AXIS2_PLACEMENT_3D('',#19206,#14967,#14968);
#12360=AXIS2_PLACEMENT_3D('',#19207,#14969,#14970);
#12361=AXIS2_PLACEMENT_3D('',#19216,#14975,#14976);
#12362=AXIS2_PLACEMENT_3D('',#19222,#14980,#14981);
#12363=AXIS2_PLACEMENT_3D('',#19226,#14984,#14985);
#12364=AXIS2_PLACEMENT_3D('',#19230,#14988,#14989);
#12365=AXIS2_PLACEMENT_3D('',#19232,#14991,#14992);
#12366=AXIS2_PLACEMENT_3D('',#19233,#14993,#14994);
#12367=AXIS2_PLACEMENT_3D('',#19242,#14999,#15000);
#12368=AXIS2_PLACEMENT_3D('',#19248,#15004,#15005);
#12369=AXIS2_PLACEMENT_3D('',#19252,#15008,#15009);
#12370=AXIS2_PLACEMENT_3D('',#19256,#15012,#15013);
#12371=AXIS2_PLACEMENT_3D('',#19258,#15015,#15016);
#12372=AXIS2_PLACEMENT_3D('',#19259,#15017,#15018);
#12373=AXIS2_PLACEMENT_3D('',#19268,#15023,#15024);
#12374=AXIS2_PLACEMENT_3D('',#19274,#15028,#15029);
#12375=AXIS2_PLACEMENT_3D('',#19278,#15032,#15033);
#12376=AXIS2_PLACEMENT_3D('',#19282,#15036,#15037);
#12377=AXIS2_PLACEMENT_3D('',#19284,#15039,#15040);
#12378=AXIS2_PLACEMENT_3D('',#19285,#15041,#15042);
#12379=AXIS2_PLACEMENT_3D('',#19294,#15047,#15048);
#12380=AXIS2_PLACEMENT_3D('',#19300,#15052,#15053);
#12381=AXIS2_PLACEMENT_3D('',#19304,#15056,#15057);
#12382=AXIS2_PLACEMENT_3D('',#19308,#15060,#15061);
#12383=AXIS2_PLACEMENT_3D('',#19310,#15063,#15064);
#12384=AXIS2_PLACEMENT_3D('',#19311,#15065,#15066);
#12385=AXIS2_PLACEMENT_3D('',#19320,#15071,#15072);
#12386=AXIS2_PLACEMENT_3D('',#19326,#15076,#15077);
#12387=AXIS2_PLACEMENT_3D('',#19330,#15080,#15081);
#12388=AXIS2_PLACEMENT_3D('',#19334,#15084,#15085);
#12389=AXIS2_PLACEMENT_3D('',#19336,#15087,#15088);
#12390=AXIS2_PLACEMENT_3D('',#19337,#15089,#15090);
#12391=AXIS2_PLACEMENT_3D('',#19346,#15095,#15096);
#12392=AXIS2_PLACEMENT_3D('',#19352,#15100,#15101);
#12393=AXIS2_PLACEMENT_3D('',#19356,#15104,#15105);
#12394=AXIS2_PLACEMENT_3D('',#19360,#15108,#15109);
#12395=AXIS2_PLACEMENT_3D('',#19362,#15111,#15112);
#12396=AXIS2_PLACEMENT_3D('',#19363,#15113,#15114);
#12397=AXIS2_PLACEMENT_3D('',#19372,#15119,#15120);
#12398=AXIS2_PLACEMENT_3D('',#19378,#15124,#15125);
#12399=AXIS2_PLACEMENT_3D('',#19382,#15128,#15129);
#12400=AXIS2_PLACEMENT_3D('',#19386,#15132,#15133);
#12401=AXIS2_PLACEMENT_3D('',#19388,#15135,#15136);
#12402=AXIS2_PLACEMENT_3D('',#19389,#15137,#15138);
#12403=AXIS2_PLACEMENT_3D('',#19398,#15143,#15144);
#12404=AXIS2_PLACEMENT_3D('',#19404,#15148,#15149);
#12405=AXIS2_PLACEMENT_3D('',#19408,#15152,#15153);
#12406=AXIS2_PLACEMENT_3D('',#19412,#15156,#15157);
#12407=AXIS2_PLACEMENT_3D('',#19414,#15159,#15160);
#12408=AXIS2_PLACEMENT_3D('',#19415,#15161,#15162);
#12409=AXIS2_PLACEMENT_3D('',#19424,#15167,#15168);
#12410=AXIS2_PLACEMENT_3D('',#19430,#15172,#15173);
#12411=AXIS2_PLACEMENT_3D('',#19434,#15176,#15177);
#12412=AXIS2_PLACEMENT_3D('',#19438,#15180,#15181);
#12413=AXIS2_PLACEMENT_3D('',#19440,#15183,#15184);
#12414=AXIS2_PLACEMENT_3D('',#19441,#15185,#15186);
#12415=AXIS2_PLACEMENT_3D('',#19450,#15191,#15192);
#12416=AXIS2_PLACEMENT_3D('',#19456,#15196,#15197);
#12417=AXIS2_PLACEMENT_3D('',#19460,#15200,#15201);
#12418=AXIS2_PLACEMENT_3D('',#19464,#15204,#15205);
#12419=AXIS2_PLACEMENT_3D('',#19466,#15207,#15208);
#12420=AXIS2_PLACEMENT_3D('',#19467,#15209,#15210);
#12421=AXIS2_PLACEMENT_3D('',#19476,#15215,#15216);
#12422=AXIS2_PLACEMENT_3D('',#19482,#15220,#15221);
#12423=AXIS2_PLACEMENT_3D('',#19486,#15224,#15225);
#12424=AXIS2_PLACEMENT_3D('',#19490,#15228,#15229);
#12425=AXIS2_PLACEMENT_3D('',#19492,#15231,#15232);
#12426=AXIS2_PLACEMENT_3D('',#19493,#15233,#15234);
#12427=AXIS2_PLACEMENT_3D('',#19502,#15239,#15240);
#12428=AXIS2_PLACEMENT_3D('',#19508,#15244,#15245);
#12429=AXIS2_PLACEMENT_3D('',#19512,#15248,#15249);
#12430=AXIS2_PLACEMENT_3D('',#19516,#15252,#15253);
#12431=AXIS2_PLACEMENT_3D('',#19518,#15255,#15256);
#12432=AXIS2_PLACEMENT_3D('',#19519,#15257,#15258);
#12433=AXIS2_PLACEMENT_3D('',#19528,#15263,#15264);
#12434=AXIS2_PLACEMENT_3D('',#19534,#15268,#15269);
#12435=AXIS2_PLACEMENT_3D('',#19538,#15272,#15273);
#12436=AXIS2_PLACEMENT_3D('',#19542,#15276,#15277);
#12437=AXIS2_PLACEMENT_3D('',#19544,#15279,#15280);
#12438=AXIS2_PLACEMENT_3D('',#19545,#15281,#15282);
#12439=AXIS2_PLACEMENT_3D('',#19554,#15287,#15288);
#12440=AXIS2_PLACEMENT_3D('',#19560,#15292,#15293);
#12441=AXIS2_PLACEMENT_3D('',#19564,#15296,#15297);
#12442=AXIS2_PLACEMENT_3D('',#19568,#15300,#15301);
#12443=AXIS2_PLACEMENT_3D('',#19570,#15303,#15304);
#12444=AXIS2_PLACEMENT_3D('',#19571,#15305,#15306);
#12445=AXIS2_PLACEMENT_3D('',#19580,#15311,#15312);
#12446=AXIS2_PLACEMENT_3D('',#19586,#15316,#15317);
#12447=AXIS2_PLACEMENT_3D('',#19590,#15320,#15321);
#12448=AXIS2_PLACEMENT_3D('',#19594,#15324,#15325);
#12449=AXIS2_PLACEMENT_3D('',#19596,#15327,#15328);
#12450=AXIS2_PLACEMENT_3D('',#19597,#15329,#15330);
#12451=AXIS2_PLACEMENT_3D('',#19606,#15335,#15336);
#12452=AXIS2_PLACEMENT_3D('',#19612,#15340,#15341);
#12453=AXIS2_PLACEMENT_3D('',#19616,#15344,#15345);
#12454=AXIS2_PLACEMENT_3D('',#19620,#15348,#15349);
#12455=AXIS2_PLACEMENT_3D('',#19622,#15351,#15352);
#12456=AXIS2_PLACEMENT_3D('',#19623,#15353,#15354);
#12457=AXIS2_PLACEMENT_3D('',#19632,#15359,#15360);
#12458=AXIS2_PLACEMENT_3D('',#19638,#15364,#15365);
#12459=AXIS2_PLACEMENT_3D('',#19642,#15368,#15369);
#12460=AXIS2_PLACEMENT_3D('',#19646,#15372,#15373);
#12461=AXIS2_PLACEMENT_3D('',#19648,#15375,#15376);
#12462=AXIS2_PLACEMENT_3D('',#19649,#15377,#15378);
#12463=AXIS2_PLACEMENT_3D('',#19658,#15383,#15384);
#12464=AXIS2_PLACEMENT_3D('',#19664,#15388,#15389);
#12465=AXIS2_PLACEMENT_3D('',#19668,#15392,#15393);
#12466=AXIS2_PLACEMENT_3D('',#19672,#15396,#15397);
#12467=AXIS2_PLACEMENT_3D('',#19674,#15399,#15400);
#12468=AXIS2_PLACEMENT_3D('',#19675,#15401,#15402);
#12469=AXIS2_PLACEMENT_3D('',#19684,#15407,#15408);
#12470=AXIS2_PLACEMENT_3D('',#19690,#15412,#15413);
#12471=AXIS2_PLACEMENT_3D('',#19694,#15416,#15417);
#12472=AXIS2_PLACEMENT_3D('',#19698,#15420,#15421);
#12473=AXIS2_PLACEMENT_3D('',#19700,#15423,#15424);
#12474=AXIS2_PLACEMENT_3D('',#19701,#15425,#15426);
#12475=AXIS2_PLACEMENT_3D('',#19706,#15428,#15429);
#12476=AXIS2_PLACEMENT_3D('',#19710,#15431,#15432);
#12477=AXIS2_PLACEMENT_3D('',#19714,#15434,#15435);
#12478=AXIS2_PLACEMENT_3D('',#19717,#15437,#15438);
#12479=AXIS2_PLACEMENT_3D('',#19718,#15439,#15440);
#12480=AXIS2_PLACEMENT_3D('',#19727,#15445,#15446);
#12481=AXIS2_PLACEMENT_3D('',#19730,#15447,#15448);
#12482=AXIS2_PLACEMENT_3D('',#19734,#15450,#15451);
#12483=AXIS2_PLACEMENT_3D('',#19738,#15453,#15454);
#12484=AXIS2_PLACEMENT_3D('',#19742,#15456,#15457);
#12485=AXIS2_PLACEMENT_3D('',#19752,#15463,#15464);
#12486=AXIS2_PLACEMENT_3D('',#19755,#15467,#15468);
#12487=AXIS2_PLACEMENT_3D('',#19757,#15470,#15471);
#12488=AXIS2_PLACEMENT_3D('',#19759,#15473,#15474);
#12489=AXIS2_PLACEMENT_3D('',#19761,#15476,#15477);
#12490=AXIS2_PLACEMENT_3D('',#19764,#15480,#15481);
#12491=AXIS2_PLACEMENT_3D('',#19766,#15483,#15484);
#12492=AXIS2_PLACEMENT_3D('',#19768,#15486,#15487);
#12493=AXIS2_PLACEMENT_3D('',#19769,#15488,#15489);
#12494=AXIS2_PLACEMENT_3D('',#19771,#15491,#15492);
#12495=AXIS2_PLACEMENT_3D('',#19773,#15494,#15495);
#12496=AXIS2_PLACEMENT_3D('',#19775,#15497,#15498);
#12497=AXIS2_PLACEMENT_3D('',#19776,#15499,#15500);
#12498=AXIS2_PLACEMENT_3D('',#19777,#15501,#15502);
#12499=AXIS2_PLACEMENT_3D('',#19778,#15503,#15504);
#12500=AXIS2_PLACEMENT_3D('',#19779,#15505,#15506);
#12501=AXIS2_PLACEMENT_3D('',#19780,#15507,#15508);
#12502=AXIS2_PLACEMENT_3D('',#19781,#15509,#15510);
#12503=DIRECTION('axis',(0.,0.,1.));
#12504=DIRECTION('refdir',(1.,0.,0.));
#12505=DIRECTION('axis',(0.,0.,1.));
#12506=DIRECTION('refdir',(1.,0.,0.));
#12507=DIRECTION('center_axis',(0.,0.,-1.));
#12508=DIRECTION('ref_axis',(-1.,0.,0.));
#12509=DIRECTION('',(-4.44089209850063E-17,1.,0.));
#12510=DIRECTION('center_axis',(0.,0.,-1.));
#12511=DIRECTION('ref_axis',(-1.,1.11022302462516E-15,0.));
#12512=DIRECTION('',(-1.,0.,0.));
#12513=DIRECTION('center_axis',(0.,0.,-1.));
#12514=DIRECTION('ref_axis',(0.,-1.,0.));
#12515=DIRECTION('',(0.,-1.,0.));
#12516=DIRECTION('center_axis',(0.,0.,-1.));
#12517=DIRECTION('ref_axis',(1.,0.,0.));
#12518=DIRECTION('',(1.,0.,0.));
#12519=DIRECTION('center_axis',(0.,0.,-1.));
#12520=DIRECTION('ref_axis',(0.,1.,0.));
#12521=DIRECTION('center_axis',(0.,0.,-1.));
#12522=DIRECTION('ref_axis',(-1.,1.11022302462516E-15,0.));
#12523=DIRECTION('',(-4.44089209850063E-17,1.,0.));
#12524=DIRECTION('center_axis',(0.,0.,-1.));
#12525=DIRECTION('ref_axis',(0.,1.,0.));
#12526=DIRECTION('',(1.,0.,0.));
#12527=DIRECTION('center_axis',(0.,0.,-1.));
#12528=DIRECTION('ref_axis',(1.,0.,0.));
#12529=DIRECTION('',(0.,-1.,0.));
#12530=DIRECTION('center_axis',(0.,0.,-1.));
#12531=DIRECTION('ref_axis',(0.,-1.,0.));
#12532=DIRECTION('',(-1.,0.,0.));
#12533=DIRECTION('center_axis',(1.,0.,0.));
#12534=DIRECTION('ref_axis',(0.,1.,0.));
#12535=DIRECTION('',(0.,0.,1.));
#12536=DIRECTION('',(0.,1.,0.));
#12537=DIRECTION('',(0.,0.,1.));
#12538=DIRECTION('center_axis',(0.,0.,1.));
#12539=DIRECTION('ref_axis',(0.,-1.,0.));
#12540=DIRECTION('',(0.,0.,1.));
#12541=DIRECTION('center_axis',(0.,0.,1.));
#12542=DIRECTION('ref_axis',(0.,-1.,0.));
#12543=DIRECTION('center_axis',(0.,-1.,0.));
#12544=DIRECTION('ref_axis',(1.,0.,0.));
#12545=DIRECTION('',(0.,0.,1.));
#12546=DIRECTION('',(1.,0.,0.));
#12547=DIRECTION('center_axis',(0.,0.,1.));
#12548=DIRECTION('ref_axis',(-1.,1.11022302462516E-15,0.));
#12549=DIRECTION('',(0.,0.,1.));
#12550=DIRECTION('center_axis',(0.,0.,1.));
#12551=DIRECTION('ref_axis',(-1.,1.11022302462516E-15,0.));
#12552=DIRECTION('center_axis',(-1.,-4.44089209850063E-17,0.));
#12553=DIRECTION('ref_axis',(4.44089209850063E-17,-1.,0.));
#12554=DIRECTION('',(0.,0.,1.));
#12555=DIRECTION('',(4.44089209850063E-17,-1.,0.));
#12556=DIRECTION('center_axis',(0.,0.,1.));
#12557=DIRECTION('ref_axis',(0.,1.,0.));
#12558=DIRECTION('',(0.,0.,1.));
#12559=DIRECTION('center_axis',(0.,0.,1.));
#12560=DIRECTION('ref_axis',(0.,1.,0.));
#12561=DIRECTION('center_axis',(0.,1.,0.));
#12562=DIRECTION('ref_axis',(-1.,0.,0.));
#12563=DIRECTION('',(0.,0.,1.));
#12564=DIRECTION('',(-1.,0.,0.));
#12565=DIRECTION('center_axis',(0.,0.,1.));
#12566=DIRECTION('ref_axis',(1.,0.,0.));
#12567=DIRECTION('center_axis',(0.,0.,1.));
#12568=DIRECTION('ref_axis',(1.,0.,0.));
#12569=DIRECTION('center_axis',(0.,0.,1.));
#12570=DIRECTION('ref_axis',(1.,0.,0.));
#12571=DIRECTION('center_axis',(0.,0.,1.));
#12572=DIRECTION('ref_axis',(1.,0.,0.));
#12573=DIRECTION('center_axis',(0.,0.,-1.));
#12574=DIRECTION('ref_axis',(-1.,1.11022302462516E-15,0.));
#12575=DIRECTION('',(-1.,0.,0.));
#12576=DIRECTION('center_axis',(0.,0.,-1.));
#12577=DIRECTION('ref_axis',(0.,-1.,0.));
#12578=DIRECTION('',(0.,-1.,0.));
#12579=DIRECTION('center_axis',(0.,0.,-1.));
#12580=DIRECTION('ref_axis',(1.,0.,0.));
#12581=DIRECTION('',(1.,0.,0.));
#12582=DIRECTION('center_axis',(0.,0.,-1.));
#12583=DIRECTION('ref_axis',(0.,1.,0.));
#12584=DIRECTION('',(-4.44089209850063E-17,1.,0.));
#12585=DIRECTION('center_axis',(0.,0.,1.));
#12586=DIRECTION('ref_axis',(-1.,1.11022302462516E-15,0.));
#12587=DIRECTION('',(0.,0.,1.));
#12588=DIRECTION('',(0.,0.,1.));
#12589=DIRECTION('center_axis',(0.,-1.,0.));
#12590=DIRECTION('ref_axis',(1.,0.,0.));
#12591=DIRECTION('',(0.,0.,1.));
#12592=DIRECTION('center_axis',(0.,0.,1.));
#12593=DIRECTION('ref_axis',(0.,-1.,0.));
#12594=DIRECTION('',(0.,0.,1.));
#12595=DIRECTION('center_axis',(1.,0.,0.));
#12596=DIRECTION('ref_axis',(0.,1.,0.));
#12597=DIRECTION('',(0.,0.,1.));
#12598=DIRECTION('center_axis',(0.,0.,1.));
#12599=DIRECTION('ref_axis',(1.,0.,0.));
#12600=DIRECTION('',(0.,0.,1.));
#12601=DIRECTION('center_axis',(0.,1.,0.));
#12602=DIRECTION('ref_axis',(-1.,0.,0.));
#12603=DIRECTION('',(0.,0.,1.));
#12604=DIRECTION('center_axis',(0.,0.,1.));
#12605=DIRECTION('ref_axis',(0.,1.,0.));
#12606=DIRECTION('',(0.,0.,1.));
#12607=DIRECTION('center_axis',(-1.,-4.44089209850063E-17,0.));
#12608=DIRECTION('ref_axis',(4.44089209850063E-17,-1.,0.));
#12609=DIRECTION('axis',(0.,0.,1.));
#12610=DIRECTION('refdir',(1.,0.,0.));
#12611=DIRECTION('center_axis',(-1.,0.,0.));
#12612=DIRECTION('ref_axis',(0.,-1.,0.));
#12613=DIRECTION('',(0.,1.,0.));
#12614=DIRECTION('',(0.,0.,1.));
#12615=DIRECTION('',(0.,-1.,0.));
#12616=DIRECTION('',(0.,0.,1.));
#12617=DIRECTION('center_axis',(0.,1.,0.));
#12618=DIRECTION('ref_axis',(-1.,0.,0.));
#12619=DIRECTION('',(1.,0.,0.));
#12620=DIRECTION('',(1.,0.,0.));
#12621=DIRECTION('',(0.,0.,-1.));
#12622=DIRECTION('center_axis',(1.,0.,0.));
#12623=DIRECTION('ref_axis',(0.,1.,0.));
#12624=DIRECTION('',(0.,-1.,0.));
#12625=DIRECTION('',(0.,1.,0.));
#12626=DIRECTION('',(0.,0.,1.));
#12627=DIRECTION('center_axis',(0.,-1.,0.));
#12628=DIRECTION('ref_axis',(1.,0.,0.));
#12629=DIRECTION('',(-1.,0.,0.));
#12630=DIRECTION('',(1.,0.,0.));
#12631=DIRECTION('center_axis',(0.,0.,1.));
#12632=DIRECTION('ref_axis',(1.,0.,0.));
#12633=DIRECTION('center_axis',(0.,0.,1.));
#12634=DIRECTION('ref_axis',(-1.,0.,0.));
#12635=DIRECTION('axis',(0.,0.,1.));
#12636=DIRECTION('refdir',(1.,0.,0.));
#12637=DIRECTION('center_axis',(-1.,0.,0.));
#12638=DIRECTION('ref_axis',(0.,-1.,0.));
#12639=DIRECTION('',(0.,1.,0.));
#12640=DIRECTION('',(0.,0.,1.));
#12641=DIRECTION('',(0.,-1.,0.));
#12642=DIRECTION('',(0.,0.,1.));
#12643=DIRECTION('center_axis',(0.,1.,0.));
#12644=DIRECTION('ref_axis',(-1.,0.,0.));
#12645=DIRECTION('',(1.,0.,0.));
#12646=DIRECTION('',(-1.,0.,0.));
#12647=DIRECTION('',(0.,0.,1.));
#12648=DIRECTION('center_axis',(1.,0.,0.));
#12649=DIRECTION('ref_axis',(0.,1.,0.));
#12650=DIRECTION('',(0.,-1.,0.));
#12651=DIRECTION('',(0.,1.,0.));
#12652=DIRECTION('',(0.,0.,1.));
#12653=DIRECTION('center_axis',(0.,-1.,0.));
#12654=DIRECTION('ref_axis',(1.,0.,0.));
#12655=DIRECTION('',(-1.,0.,0.));
#12656=DIRECTION('',(1.,0.,0.));
#12657=DIRECTION('center_axis',(0.,0.,1.));
#12658=DIRECTION('ref_axis',(1.,0.,0.));
#12659=DIRECTION('center_axis',(0.,0.,1.));
#12660=DIRECTION('ref_axis',(-1.,0.,0.));
#12661=DIRECTION('axis',(0.,0.,1.));
#12662=DIRECTION('refdir',(1.,0.,0.));
#12663=DIRECTION('axis',(0.,0.,1.));
#12664=DIRECTION('refdir',(1.,0.,0.));
#12665=DIRECTION('axis',(0.,0.,1.));
#12666=DIRECTION('refdir',(1.,0.,0.));
#12667=DIRECTION('center_axis',(-5.53326450964285E-15,1.,-5.66101576595357E-15));
#12668=DIRECTION('ref_axis',(0.715129851242829,-9.11728664023677E-26,-0.698991627890785));
#12669=DIRECTION('',(0.,1.,0.));
#12670=DIRECTION('center_axis',(0.,1.,0.));
#12671=DIRECTION('ref_axis',(0.715129851242792,0.,-0.698991627890823));
#12672=DIRECTION('',(0.,1.,0.));
#12673=DIRECTION('center_axis',(0.,1.,0.));
#12674=DIRECTION('ref_axis',(0.,0.,1.));
#12675=DIRECTION('center_axis',(0.,1.,0.));
#12676=DIRECTION('ref_axis',(0.,0.,1.));
#12677=DIRECTION('',(0.,1.,0.));
#12678=DIRECTION('center_axis',(0.,1.,0.));
#12679=DIRECTION('ref_axis',(0.,0.,1.));
#12680=DIRECTION('center_axis',(0.,1.,0.));
#12681=DIRECTION('ref_axis',(0.,0.,1.));
#12682=DIRECTION('center_axis',(0.,1.,0.));
#12683=DIRECTION('ref_axis',(0.,0.,1.));
#12684=DIRECTION('',(0.,1.,0.));
#12685=DIRECTION('center_axis',(0.,1.,0.));
#12686=DIRECTION('ref_axis',(0.,0.,1.));
#12687=DIRECTION('center_axis',(0.,1.,0.));
#12688=DIRECTION('ref_axis',(0.,0.,1.));
#12689=DIRECTION('center_axis',(0.,1.,0.));
#12690=DIRECTION('ref_axis',(0.,0.,1.));
#12691=DIRECTION('',(0.,1.,0.));
#12692=DIRECTION('center_axis',(0.,1.,0.));
#12693=DIRECTION('ref_axis',(0.,0.,1.));
#12694=DIRECTION('center_axis',(0.,1.,0.));
#12695=DIRECTION('ref_axis',(0.,0.,1.));
#12696=DIRECTION('center_axis',(0.,1.,0.));
#12697=DIRECTION('ref_axis',(0.,0.,1.));
#12698=DIRECTION('',(0.,1.,0.));
#12699=DIRECTION('center_axis',(0.,1.,0.));
#12700=DIRECTION('ref_axis',(0.,0.,1.));
#12701=DIRECTION('center_axis',(0.,0.,1.));
#12702=DIRECTION('ref_axis',(1.,0.,0.));
#12703=DIRECTION('center_axis',(0.,0.,-1.));
#12704=DIRECTION('ref_axis',(1.,1.23908820031066E-15,0.));
#12705=DIRECTION('',(0.,0.,1.));
#12706=DIRECTION('center_axis',(0.,0.,1.));
#12707=DIRECTION('ref_axis',(1.,0.,0.));
#12708=DIRECTION('',(0.,0.,1.));
#12709=DIRECTION('center_axis',(0.,1.,0.));
#12710=DIRECTION('ref_axis',(0.,0.,1.));
#12711=DIRECTION('center_axis',(0.,1.,0.));
#12712=DIRECTION('ref_axis',(0.,0.,1.));
#12713=DIRECTION('',(0.,1.,0.));
#12714=DIRECTION('center_axis',(0.,1.,0.));
#12715=DIRECTION('ref_axis',(0.,0.,1.));
#12716=DIRECTION('center_axis',(0.,1.,0.));
#12717=DIRECTION('ref_axis',(0.,0.,1.));
#12718=DIRECTION('center_axis',(0.,1.,0.));
#12719=DIRECTION('ref_axis',(0.,0.,1.));
#12720=DIRECTION('',(0.,1.,0.));
#12721=DIRECTION('center_axis',(0.,1.,0.));
#12722=DIRECTION('ref_axis',(0.,0.,1.));
#12723=DIRECTION('center_axis',(0.,1.,0.));
#12724=DIRECTION('ref_axis',(0.,0.,1.));
#12725=DIRECTION('center_axis',(0.,1.,0.));
#12726=DIRECTION('ref_axis',(0.,0.,1.));
#12727=DIRECTION('',(0.,1.,0.));
#12728=DIRECTION('center_axis',(0.,1.,0.));
#12729=DIRECTION('ref_axis',(0.,0.,1.));
#12730=DIRECTION('center_axis',(0.,1.,0.));
#12731=DIRECTION('ref_axis',(0.,0.,1.));
#12732=DIRECTION('center_axis',(0.,1.,0.));
#12733=DIRECTION('ref_axis',(0.,0.,1.));
#12734=DIRECTION('',(0.,1.,0.));
#12735=DIRECTION('center_axis',(0.,1.,0.));
#12736=DIRECTION('ref_axis',(0.,0.,1.));
#12737=DIRECTION('center_axis',(0.,1.,0.));
#12738=DIRECTION('ref_axis',(0.,0.,1.));
#12739=DIRECTION('center_axis',(0.,1.,0.));
#12740=DIRECTION('ref_axis',(0.,0.,1.));
#12741=DIRECTION('',(0.,1.,0.));
#12742=DIRECTION('center_axis',(0.,1.,0.));
#12743=DIRECTION('ref_axis',(0.,0.,1.));
#12744=DIRECTION('center_axis',(0.,1.,0.));
#12745=DIRECTION('ref_axis',(0.,0.,1.));
#12746=DIRECTION('center_axis',(0.,1.,0.));
#12747=DIRECTION('ref_axis',(0.,0.,1.));
#12748=DIRECTION('',(0.,1.,0.));
#12749=DIRECTION('center_axis',(0.,1.,0.));
#12750=DIRECTION('ref_axis',(0.,0.,1.));
#12751=DIRECTION('center_axis',(0.,1.,0.));
#12752=DIRECTION('ref_axis',(0.,0.,1.));
#12753=DIRECTION('center_axis',(0.,1.,0.));
#12754=DIRECTION('ref_axis',(0.,0.,1.));
#12755=DIRECTION('',(0.,1.,0.));
#12756=DIRECTION('center_axis',(0.,1.,0.));
#12757=DIRECTION('ref_axis',(0.,0.,1.));
#12758=DIRECTION('center_axis',(0.,1.,0.));
#12759=DIRECTION('ref_axis',(0.,0.,1.));
#12760=DIRECTION('center_axis',(0.,1.,0.));
#12761=DIRECTION('ref_axis',(0.,0.,1.));
#12762=DIRECTION('',(0.,1.,0.));
#12763=DIRECTION('center_axis',(0.,1.,0.));
#12764=DIRECTION('ref_axis',(0.,0.,1.));
#12765=DIRECTION('center_axis',(0.,1.,0.));
#12766=DIRECTION('ref_axis',(0.,0.,1.));
#12767=DIRECTION('center_axis',(0.,1.,0.));
#12768=DIRECTION('ref_axis',(0.,0.,1.));
#12769=DIRECTION('',(0.,1.,0.));
#12770=DIRECTION('center_axis',(0.,1.,0.));
#12771=DIRECTION('ref_axis',(0.,0.,1.));
#12772=DIRECTION('center_axis',(0.,1.,0.));
#12773=DIRECTION('ref_axis',(0.,0.,1.));
#12774=DIRECTION('center_axis',(0.,1.,0.));
#12775=DIRECTION('ref_axis',(0.,0.,1.));
#12776=DIRECTION('',(0.,1.,0.));
#12777=DIRECTION('center_axis',(0.,1.,0.));
#12778=DIRECTION('ref_axis',(0.,0.,1.));
#12779=DIRECTION('center_axis',(0.,1.,0.));
#12780=DIRECTION('ref_axis',(0.,0.,1.));
#12781=DIRECTION('center_axis',(0.,1.,0.));
#12782=DIRECTION('ref_axis',(0.,0.,1.));
#12783=DIRECTION('',(0.,1.,0.));
#12784=DIRECTION('center_axis',(0.,1.,0.));
#12785=DIRECTION('ref_axis',(0.,0.,1.));
#12786=DIRECTION('center_axis',(0.,1.,0.));
#12787=DIRECTION('ref_axis',(0.,0.,1.));
#12788=DIRECTION('center_axis',(0.,1.,0.));
#12789=DIRECTION('ref_axis',(0.,0.,1.));
#12790=DIRECTION('',(0.,1.,0.));
#12791=DIRECTION('center_axis',(0.,1.,0.));
#12792=DIRECTION('ref_axis',(0.,0.,1.));
#12793=DIRECTION('center_axis',(0.,1.,0.));
#12794=DIRECTION('ref_axis',(0.,0.,1.));
#12795=DIRECTION('center_axis',(0.,1.,0.));
#12796=DIRECTION('ref_axis',(0.,0.,1.));
#12797=DIRECTION('',(0.,1.,0.));
#12798=DIRECTION('center_axis',(0.,1.,0.));
#12799=DIRECTION('ref_axis',(0.,0.,1.));
#12800=DIRECTION('center_axis',(0.,1.,0.));
#12801=DIRECTION('ref_axis',(0.,0.,1.));
#12802=DIRECTION('center_axis',(0.,1.,0.));
#12803=DIRECTION('ref_axis',(0.,0.,1.));
#12804=DIRECTION('',(0.,1.,0.));
#12805=DIRECTION('center_axis',(0.,1.,0.));
#12806=DIRECTION('ref_axis',(0.,0.,1.));
#12807=DIRECTION('center_axis',(0.,1.,0.));
#12808=DIRECTION('ref_axis',(0.,0.,1.));
#12809=DIRECTION('center_axis',(0.,1.,0.));
#12810=DIRECTION('ref_axis',(0.,0.,1.));
#12811=DIRECTION('',(0.,1.,0.));
#12812=DIRECTION('center_axis',(0.,1.,0.));
#12813=DIRECTION('ref_axis',(0.,0.,1.));
#12814=DIRECTION('center_axis',(0.,1.,0.));
#12815=DIRECTION('ref_axis',(0.,0.,1.));
#12816=DIRECTION('center_axis',(0.,1.,0.));
#12817=DIRECTION('ref_axis',(0.,0.,1.));
#12818=DIRECTION('',(0.,1.,0.));
#12819=DIRECTION('center_axis',(0.,1.,0.));
#12820=DIRECTION('ref_axis',(0.,0.,1.));
#12821=DIRECTION('center_axis',(0.,1.,0.));
#12822=DIRECTION('ref_axis',(0.,0.,1.));
#12823=DIRECTION('center_axis',(0.,1.,0.));
#12824=DIRECTION('ref_axis',(0.,0.,1.));
#12825=DIRECTION('',(0.,1.,0.));
#12826=DIRECTION('center_axis',(0.,1.,0.));
#12827=DIRECTION('ref_axis',(0.,0.,1.));
#12828=DIRECTION('center_axis',(0.,1.,0.));
#12829=DIRECTION('ref_axis',(0.,0.,1.));
#12830=DIRECTION('center_axis',(0.,1.,0.));
#12831=DIRECTION('ref_axis',(0.,0.,1.));
#12832=DIRECTION('',(0.,1.,0.));
#12833=DIRECTION('center_axis',(0.,1.,0.));
#12834=DIRECTION('ref_axis',(0.,0.,1.));
#12835=DIRECTION('center_axis',(0.,1.,0.));
#12836=DIRECTION('ref_axis',(0.,0.,1.));
#12837=DIRECTION('center_axis',(0.,1.,0.));
#12838=DIRECTION('ref_axis',(0.,0.,1.));
#12839=DIRECTION('',(0.,1.,0.));
#12840=DIRECTION('center_axis',(0.,1.,0.));
#12841=DIRECTION('ref_axis',(0.,0.,1.));
#12842=DIRECTION('center_axis',(0.,1.,0.));
#12843=DIRECTION('ref_axis',(0.,0.,1.));
#12844=DIRECTION('center_axis',(0.,1.,0.));
#12845=DIRECTION('ref_axis',(0.,0.,1.));
#12846=DIRECTION('',(0.,1.,0.));
#12847=DIRECTION('center_axis',(0.,1.,0.));
#12848=DIRECTION('ref_axis',(0.,0.,1.));
#12849=DIRECTION('center_axis',(0.,1.,0.));
#12850=DIRECTION('ref_axis',(0.,0.,1.));
#12851=DIRECTION('center_axis',(0.,1.,0.));
#12852=DIRECTION('ref_axis',(0.,0.,1.));
#12853=DIRECTION('',(0.,1.,0.));
#12854=DIRECTION('center_axis',(0.,1.,0.));
#12855=DIRECTION('ref_axis',(0.,0.,1.));
#12856=DIRECTION('center_axis',(0.,1.,0.));
#12857=DIRECTION('ref_axis',(0.,0.,1.));
#12858=DIRECTION('center_axis',(0.,1.,0.));
#12859=DIRECTION('ref_axis',(0.,0.,1.));
#12860=DIRECTION('',(0.,1.,0.));
#12861=DIRECTION('center_axis',(0.,1.,0.));
#12862=DIRECTION('ref_axis',(0.,0.,1.));
#12863=DIRECTION('center_axis',(0.,1.,0.));
#12864=DIRECTION('ref_axis',(0.,0.,1.));
#12865=DIRECTION('center_axis',(0.,1.,0.));
#12866=DIRECTION('ref_axis',(0.,0.,1.));
#12867=DIRECTION('',(0.,1.,0.));
#12868=DIRECTION('center_axis',(0.,1.,0.));
#12869=DIRECTION('ref_axis',(0.,0.,1.));
#12870=DIRECTION('center_axis',(0.,1.,0.));
#12871=DIRECTION('ref_axis',(0.,0.,1.));
#12872=DIRECTION('center_axis',(0.,1.,0.));
#12873=DIRECTION('ref_axis',(0.,0.,1.));
#12874=DIRECTION('',(0.,1.,0.));
#12875=DIRECTION('center_axis',(0.,1.,0.));
#12876=DIRECTION('ref_axis',(0.,0.,1.));
#12877=DIRECTION('center_axis',(0.,1.,0.));
#12878=DIRECTION('ref_axis',(0.,0.,1.));
#12879=DIRECTION('center_axis',(0.,1.,0.));
#12880=DIRECTION('ref_axis',(0.,0.,1.));
#12881=DIRECTION('',(0.,1.,0.));
#12882=DIRECTION('center_axis',(0.,1.,0.));
#12883=DIRECTION('ref_axis',(0.,0.,1.));
#12884=DIRECTION('center_axis',(0.,1.,0.));
#12885=DIRECTION('ref_axis',(0.,0.,1.));
#12886=DIRECTION('center_axis',(0.,1.,0.));
#12887=DIRECTION('ref_axis',(0.,0.,1.));
#12888=DIRECTION('',(0.,1.,0.));
#12889=DIRECTION('center_axis',(0.,1.,0.));
#12890=DIRECTION('ref_axis',(0.,0.,1.));
#12891=DIRECTION('center_axis',(0.,1.,0.));
#12892=DIRECTION('ref_axis',(0.,0.,1.));
#12893=DIRECTION('center_axis',(0.,1.,0.));
#12894=DIRECTION('ref_axis',(0.,0.,1.));
#12895=DIRECTION('',(0.,1.,0.));
#12896=DIRECTION('center_axis',(0.,1.,0.));
#12897=DIRECTION('ref_axis',(0.,0.,1.));
#12898=DIRECTION('center_axis',(0.,1.,0.));
#12899=DIRECTION('ref_axis',(0.,0.,1.));
#12900=DIRECTION('center_axis',(0.,1.,0.));
#12901=DIRECTION('ref_axis',(0.,0.,1.));
#12902=DIRECTION('',(0.,1.,0.));
#12903=DIRECTION('center_axis',(0.,1.,0.));
#12904=DIRECTION('ref_axis',(0.,0.,1.));
#12905=DIRECTION('center_axis',(0.,1.,0.));
#12906=DIRECTION('ref_axis',(0.,0.,1.));
#12907=DIRECTION('center_axis',(0.,1.,0.));
#12908=DIRECTION('ref_axis',(0.,0.,1.));
#12909=DIRECTION('',(0.,1.,0.));
#12910=DIRECTION('center_axis',(0.,1.,0.));
#12911=DIRECTION('ref_axis',(0.,0.,1.));
#12912=DIRECTION('center_axis',(0.,1.,0.));
#12913=DIRECTION('ref_axis',(0.,0.,1.));
#12914=DIRECTION('center_axis',(0.,1.,0.));
#12915=DIRECTION('ref_axis',(0.,0.,1.));
#12916=DIRECTION('',(0.,1.,0.));
#12917=DIRECTION('center_axis',(0.,1.,0.));
#12918=DIRECTION('ref_axis',(0.,0.,1.));
#12919=DIRECTION('center_axis',(0.,1.,0.));
#12920=DIRECTION('ref_axis',(0.,0.,1.));
#12921=DIRECTION('center_axis',(0.,1.,0.));
#12922=DIRECTION('ref_axis',(0.,0.,1.));
#12923=DIRECTION('',(0.,1.,0.));
#12924=DIRECTION('center_axis',(0.,1.,0.));
#12925=DIRECTION('ref_axis',(0.,0.,1.));
#12926=DIRECTION('center_axis',(0.,1.,0.));
#12927=DIRECTION('ref_axis',(0.,0.,1.));
#12928=DIRECTION('center_axis',(0.,1.,0.));
#12929=DIRECTION('ref_axis',(0.,0.,1.));
#12930=DIRECTION('',(0.,1.,0.));
#12931=DIRECTION('center_axis',(0.,1.,0.));
#12932=DIRECTION('ref_axis',(0.,0.,1.));
#12933=DIRECTION('center_axis',(0.,1.,0.));
#12934=DIRECTION('ref_axis',(0.,0.,1.));
#12935=DIRECTION('center_axis',(0.,1.,0.));
#12936=DIRECTION('ref_axis',(0.,0.,1.));
#12937=DIRECTION('',(0.,1.,0.));
#12938=DIRECTION('center_axis',(0.,1.,0.));
#12939=DIRECTION('ref_axis',(0.,0.,1.));
#12940=DIRECTION('center_axis',(0.,1.,0.));
#12941=DIRECTION('ref_axis',(0.,0.,1.));
#12942=DIRECTION('center_axis',(0.,1.,0.));
#12943=DIRECTION('ref_axis',(0.,0.,1.));
#12944=DIRECTION('',(0.,1.,0.));
#12945=DIRECTION('center_axis',(0.,1.,0.));
#12946=DIRECTION('ref_axis',(0.,0.,1.));
#12947=DIRECTION('center_axis',(0.,1.,0.));
#12948=DIRECTION('ref_axis',(0.,0.,1.));
#12949=DIRECTION('center_axis',(0.,1.,0.));
#12950=DIRECTION('ref_axis',(0.,0.,1.));
#12951=DIRECTION('',(0.,1.,0.));
#12952=DIRECTION('center_axis',(0.,1.,0.));
#12953=DIRECTION('ref_axis',(0.,0.,1.));
#12954=DIRECTION('center_axis',(0.,1.,0.));
#12955=DIRECTION('ref_axis',(0.,0.,1.));
#12956=DIRECTION('center_axis',(0.,1.,0.));
#12957=DIRECTION('ref_axis',(0.,0.,1.));
#12958=DIRECTION('',(0.,1.,0.));
#12959=DIRECTION('center_axis',(0.,1.,0.));
#12960=DIRECTION('ref_axis',(0.,0.,1.));
#12961=DIRECTION('center_axis',(0.,1.,0.));
#12962=DIRECTION('ref_axis',(0.,0.,1.));
#12963=DIRECTION('center_axis',(0.,1.,0.));
#12964=DIRECTION('ref_axis',(0.,0.,1.));
#12965=DIRECTION('',(0.,1.,0.));
#12966=DIRECTION('center_axis',(0.,1.,0.));
#12967=DIRECTION('ref_axis',(0.,0.,1.));
#12968=DIRECTION('center_axis',(0.,1.,0.));
#12969=DIRECTION('ref_axis',(0.,0.,1.));
#12970=DIRECTION('center_axis',(0.,1.,0.));
#12971=DIRECTION('ref_axis',(0.,0.,1.));
#12972=DIRECTION('',(0.,1.,0.));
#12973=DIRECTION('center_axis',(0.,1.,0.));
#12974=DIRECTION('ref_axis',(0.,0.,1.));
#12975=DIRECTION('center_axis',(0.,1.,0.));
#12976=DIRECTION('ref_axis',(0.,0.,1.));
#12977=DIRECTION('center_axis',(0.,1.,0.));
#12978=DIRECTION('ref_axis',(0.,0.,1.));
#12979=DIRECTION('',(0.,1.,0.));
#12980=DIRECTION('center_axis',(0.,1.,0.));
#12981=DIRECTION('ref_axis',(0.,0.,1.));
#12982=DIRECTION('center_axis',(0.,1.,0.));
#12983=DIRECTION('ref_axis',(0.,0.,1.));
#12984=DIRECTION('center_axis',(0.,1.,0.));
#12985=DIRECTION('ref_axis',(0.,0.,1.));
#12986=DIRECTION('',(0.,1.,0.));
#12987=DIRECTION('center_axis',(0.,1.,0.));
#12988=DIRECTION('ref_axis',(0.,0.,1.));
#12989=DIRECTION('center_axis',(0.,1.,0.));
#12990=DIRECTION('ref_axis',(0.,0.,1.));
#12991=DIRECTION('center_axis',(0.,1.,0.));
#12992=DIRECTION('ref_axis',(0.,0.,1.));
#12993=DIRECTION('',(0.,1.,0.));
#12994=DIRECTION('center_axis',(0.,1.,0.));
#12995=DIRECTION('ref_axis',(0.,0.,1.));
#12996=DIRECTION('center_axis',(0.,1.,0.));
#12997=DIRECTION('ref_axis',(0.,0.,1.));
#12998=DIRECTION('center_axis',(0.,1.,0.));
#12999=DIRECTION('ref_axis',(0.,0.,1.));
#13000=DIRECTION('',(0.,1.,0.));
#13001=DIRECTION('center_axis',(0.,1.,0.));
#13002=DIRECTION('ref_axis',(0.,0.,1.));
#13003=DIRECTION('center_axis',(0.,1.,0.));
#13004=DIRECTION('ref_axis',(0.,0.,1.));
#13005=DIRECTION('center_axis',(0.,1.,0.));
#13006=DIRECTION('ref_axis',(0.,0.,1.));
#13007=DIRECTION('',(0.,1.,0.));
#13008=DIRECTION('center_axis',(0.,1.,0.));
#13009=DIRECTION('ref_axis',(0.,0.,1.));
#13010=DIRECTION('center_axis',(0.,1.,0.));
#13011=DIRECTION('ref_axis',(0.,0.,1.));
#13012=DIRECTION('center_axis',(0.,1.,0.));
#13013=DIRECTION('ref_axis',(0.,0.,1.));
#13014=DIRECTION('',(0.,1.,0.));
#13015=DIRECTION('center_axis',(0.,1.,0.));
#13016=DIRECTION('ref_axis',(0.,0.,1.));
#13017=DIRECTION('center_axis',(0.,1.,0.));
#13018=DIRECTION('ref_axis',(0.,0.,1.));
#13019=DIRECTION('center_axis',(0.,1.,0.));
#13020=DIRECTION('ref_axis',(0.,0.,1.));
#13021=DIRECTION('',(0.,1.,0.));
#13022=DIRECTION('center_axis',(0.,1.,0.));
#13023=DIRECTION('ref_axis',(0.,0.,1.));
#13024=DIRECTION('center_axis',(0.,1.,0.));
#13025=DIRECTION('ref_axis',(0.,0.,1.));
#13026=DIRECTION('center_axis',(0.,1.,0.));
#13027=DIRECTION('ref_axis',(0.,0.,1.));
#13028=DIRECTION('',(0.,1.,0.));
#13029=DIRECTION('center_axis',(0.,1.,0.));
#13030=DIRECTION('ref_axis',(0.,0.,1.));
#13031=DIRECTION('center_axis',(0.,1.,0.));
#13032=DIRECTION('ref_axis',(0.,0.,1.));
#13033=DIRECTION('center_axis',(0.,1.,0.));
#13034=DIRECTION('ref_axis',(0.,0.,1.));
#13035=DIRECTION('',(0.,1.,0.));
#13036=DIRECTION('center_axis',(0.,1.,0.));
#13037=DIRECTION('ref_axis',(0.,0.,1.));
#13038=DIRECTION('center_axis',(0.,1.,0.));
#13039=DIRECTION('ref_axis',(0.,0.,1.));
#13040=DIRECTION('center_axis',(0.,1.,0.));
#13041=DIRECTION('ref_axis',(0.,0.,1.));
#13042=DIRECTION('',(0.,1.,0.));
#13043=DIRECTION('center_axis',(0.,1.,0.));
#13044=DIRECTION('ref_axis',(0.,0.,1.));
#13045=DIRECTION('center_axis',(0.,1.,0.));
#13046=DIRECTION('ref_axis',(0.,0.,1.));
#13047=DIRECTION('center_axis',(0.,1.,0.));
#13048=DIRECTION('ref_axis',(0.,0.,1.));
#13049=DIRECTION('',(0.,1.,0.));
#13050=DIRECTION('center_axis',(0.,1.,0.));
#13051=DIRECTION('ref_axis',(0.,0.,1.));
#13052=DIRECTION('center_axis',(0.,1.,0.));
#13053=DIRECTION('ref_axis',(0.,0.,1.));
#13054=DIRECTION('center_axis',(0.,1.,0.));
#13055=DIRECTION('ref_axis',(0.,0.,1.));
#13056=DIRECTION('',(0.,1.,0.));
#13057=DIRECTION('center_axis',(0.,1.,0.));
#13058=DIRECTION('ref_axis',(0.,0.,1.));
#13059=DIRECTION('center_axis',(0.,1.,0.));
#13060=DIRECTION('ref_axis',(0.,0.,1.));
#13061=DIRECTION('center_axis',(0.,1.,0.));
#13062=DIRECTION('ref_axis',(0.,0.,1.));
#13063=DIRECTION('',(0.,1.,0.));
#13064=DIRECTION('center_axis',(0.,1.,0.));
#13065=DIRECTION('ref_axis',(0.,0.,1.));
#13066=DIRECTION('center_axis',(0.,1.,0.));
#13067=DIRECTION('ref_axis',(0.,0.,1.));
#13068=DIRECTION('center_axis',(0.,1.,0.));
#13069=DIRECTION('ref_axis',(0.,0.,1.));
#13070=DIRECTION('',(0.,1.,0.));
#13071=DIRECTION('center_axis',(0.,1.,0.));
#13072=DIRECTION('ref_axis',(0.,0.,1.));
#13073=DIRECTION('center_axis',(0.,1.,0.));
#13074=DIRECTION('ref_axis',(0.,0.,1.));
#13075=DIRECTION('center_axis',(0.,1.,0.));
#13076=DIRECTION('ref_axis',(0.,0.,1.));
#13077=DIRECTION('',(0.,1.,0.));
#13078=DIRECTION('center_axis',(0.,1.,0.));
#13079=DIRECTION('ref_axis',(0.,0.,1.));
#13080=DIRECTION('center_axis',(0.,1.,0.));
#13081=DIRECTION('ref_axis',(0.,0.,1.));
#13082=DIRECTION('center_axis',(0.,1.,0.));
#13083=DIRECTION('ref_axis',(0.,0.,1.));
#13084=DIRECTION('',(0.,1.,0.));
#13085=DIRECTION('center_axis',(0.,1.,0.));
#13086=DIRECTION('ref_axis',(0.,0.,1.));
#13087=DIRECTION('center_axis',(0.,1.,0.));
#13088=DIRECTION('ref_axis',(0.,0.,1.));
#13089=DIRECTION('center_axis',(0.,1.,0.));
#13090=DIRECTION('ref_axis',(0.,0.,1.));
#13091=DIRECTION('',(0.,1.,0.));
#13092=DIRECTION('center_axis',(0.,1.,0.));
#13093=DIRECTION('ref_axis',(0.,0.,1.));
#13094=DIRECTION('center_axis',(0.,1.,0.));
#13095=DIRECTION('ref_axis',(0.,0.,1.));
#13096=DIRECTION('center_axis',(0.,1.,0.));
#13097=DIRECTION('ref_axis',(0.,0.,1.));
#13098=DIRECTION('',(0.,1.,0.));
#13099=DIRECTION('center_axis',(0.,1.,0.));
#13100=DIRECTION('ref_axis',(0.,0.,1.));
#13101=DIRECTION('center_axis',(0.,1.,0.));
#13102=DIRECTION('ref_axis',(0.,0.,1.));
#13103=DIRECTION('center_axis',(0.,1.,0.));
#13104=DIRECTION('ref_axis',(0.,0.,1.));
#13105=DIRECTION('',(0.,1.,0.));
#13106=DIRECTION('center_axis',(0.,1.,0.));
#13107=DIRECTION('ref_axis',(0.,0.,1.));
#13108=DIRECTION('center_axis',(0.,1.,0.));
#13109=DIRECTION('ref_axis',(0.,0.,1.));
#13110=DIRECTION('center_axis',(0.,1.,0.));
#13111=DIRECTION('ref_axis',(0.,0.,1.));
#13112=DIRECTION('',(0.,1.,0.));
#13113=DIRECTION('center_axis',(0.,1.,0.));
#13114=DIRECTION('ref_axis',(0.,0.,1.));
#13115=DIRECTION('center_axis',(0.,1.,0.));
#13116=DIRECTION('ref_axis',(0.,0.,1.));
#13117=DIRECTION('center_axis',(0.,1.,0.));
#13118=DIRECTION('ref_axis',(0.,0.,1.));
#13119=DIRECTION('',(0.,1.,0.));
#13120=DIRECTION('center_axis',(0.,1.,0.));
#13121=DIRECTION('ref_axis',(0.,0.,1.));
#13122=DIRECTION('center_axis',(0.,1.,0.));
#13123=DIRECTION('ref_axis',(0.,0.,1.));
#13124=DIRECTION('center_axis',(0.,1.,0.));
#13125=DIRECTION('ref_axis',(0.,0.,1.));
#13126=DIRECTION('',(0.,1.,0.));
#13127=DIRECTION('center_axis',(0.,1.,0.));
#13128=DIRECTION('ref_axis',(0.,0.,1.));
#13129=DIRECTION('center_axis',(0.,1.,0.));
#13130=DIRECTION('ref_axis',(0.,0.,1.));
#13131=DIRECTION('center_axis',(0.,1.,0.));
#13132=DIRECTION('ref_axis',(0.,0.,1.));
#13133=DIRECTION('',(0.,1.,0.));
#13134=DIRECTION('center_axis',(0.,1.,0.));
#13135=DIRECTION('ref_axis',(0.,0.,1.));
#13136=DIRECTION('center_axis',(0.,1.,0.));
#13137=DIRECTION('ref_axis',(0.,0.,1.));
#13138=DIRECTION('center_axis',(0.,1.,0.));
#13139=DIRECTION('ref_axis',(0.,0.,1.));
#13140=DIRECTION('',(0.,1.,0.));
#13141=DIRECTION('center_axis',(0.,1.,0.));
#13142=DIRECTION('ref_axis',(0.,0.,1.));
#13143=DIRECTION('center_axis',(0.,1.,0.));
#13144=DIRECTION('ref_axis',(0.,0.,1.));
#13145=DIRECTION('',(1.,0.,0.));
#13146=DIRECTION('',(0.,0.,1.));
#13147=DIRECTION('',(-1.,0.,0.));
#13148=DIRECTION('',(0.,0.,1.));
#13149=DIRECTION('',(-0.963176133406502,0.,-0.268871225749614));
#13150=DIRECTION('',(-0.960538193063635,0.,-0.278148125404518));
#13151=DIRECTION('',(0.,0.,-1.));
#13152=DIRECTION('',(0.96053819306363,0.,0.278148125404535));
#13153=DIRECTION('',(0.964336943813618,0.,0.26467765073049));
#13154=DIRECTION('',(0.,0.,1.));
#13155=DIRECTION('',(0.9631761334065,0.,0.268871225749622));
#13156=DIRECTION('',(0.,0.,1.));
#13157=DIRECTION('',(-0.963176133406505,0.,-0.268871225749603));
#13158=DIRECTION('',(3.77325917448301E-16,0.,1.));
#13159=DIRECTION('',(0.968959870034508,0.,0.247218062169231));
#13160=DIRECTION('',(0.,0.,-1.));
#13161=DIRECTION('',(0.963176133406506,0.,0.268871225749602));
#13162=DIRECTION('',(-9.78812567851972E-16,0.,1.));
#13163=DIRECTION('',(-0.963176133406505,0.,-0.268871225749603));
#13164=DIRECTION('',(0.,0.,-1.));
#13165=DIRECTION('',(-0.964634710948134,0.,-0.263590353454009));
#13166=DIRECTION('',(0.,0.,-1.));
#13167=DIRECTION('',(-0.96053819306363,0.,-0.278148125404535));
#13168=DIRECTION('',(0.,0.,-1.));
#13169=DIRECTION('',(0.960538193063635,0.,0.278148125404518));
#13170=DIRECTION('',(0.963515712573591,0.,0.267651773063071));
#13171=DIRECTION('',(2.44174184104137E-16,0.,-1.));
#13172=DIRECTION('',(-0.96053819306363,0.,-0.278148125404535));
#13173=DIRECTION('',(0.,0.,-1.));
#13174=DIRECTION('',(0.96053819306363,0.,0.278148125404535));
#13175=DIRECTION('',(0.964367912807602,0.,0.264564791208332));
#13176=DIRECTION('',(0.963176133406503,0.,0.268871225749609));
#13177=DIRECTION('',(1.07229869808321E-15,0.,1.));
#13178=DIRECTION('',(-0.963176133406506,0.,-0.268871225749601));
#13179=DIRECTION('',(-0.960538193063635,0.,-0.278148125404517));
#13180=DIRECTION('',(4.89569535960823E-16,0.,-1.));
#13181=DIRECTION('',(0.960538193063635,0.,0.278148125404518));
#13182=DIRECTION('',(0.963176133406499,0.,0.268871225749625));
#13183=DIRECTION('',(0.,0.,1.));
#13184=DIRECTION('',(-0.998939482813197,0.,0.0460424768762741));
#13185=DIRECTION('',(-0.96053819306363,0.,-0.278148125404535));
#13186=DIRECTION('',(5.39703207876847E-16,0.,-1.));
#13187=DIRECTION('',(0.96053819306363,0.,0.278148125404535));
#13188=DIRECTION('',(-0.999825556267802,0.,0.0186777148971739));
#13189=DIRECTION('',(-0.864518622551759,0.,-0.502600787167319));
#13190=DIRECTION('',(-0.96053819306363,0.,-0.278148125404535));
#13191=DIRECTION('',(0.,0.,-1.));
#13192=DIRECTION('',(0.960538193063635,0.,0.278148125404518));
#13193=DIRECTION('',(-0.999825556267802,0.,0.018677714897174));
#13194=DIRECTION('',(-0.960538193063625,0.,-0.278148125404553));
#13195=DIRECTION('',(0.,0.,-1.));
#13196=DIRECTION('',(0.960538193063635,0.,0.278148125404517));
#13197=DIRECTION('',(0.863470133611889,0.,0.504399968636266));
#13198=DIRECTION('',(0.,0.,1.));
#13199=DIRECTION('',(-0.998152689145374,0.,0.0607553220043965));
#13200=DIRECTION('',(0.82780626184993,0.,0.56101407544022));
#13201=DIRECTION('',(3.55280987925243E-16,0.,1.));
#13202=DIRECTION('',(0.,0.,1.));
#13203=DIRECTION('',(-0.905458935958867,0.,-0.424433876230722));
#13204=DIRECTION('',(0.903414225979016,0.,-0.428768861158007));
#13205=DIRECTION('',(0.,0.,1.));
#13206=DIRECTION('',(1.,0.,0.));
#13207=DIRECTION('',(-2.44825416275972E-16,0.,1.));
#13208=DIRECTION('',(-1.,0.,0.));
#13209=DIRECTION('',(-0.963176133406506,0.,-0.268871225749601));
#13210=DIRECTION('',(-0.960538193063625,0.,-0.278148125404553));
#13211=DIRECTION('',(0.,0.,-1.));
#13212=DIRECTION('',(0.894734624032143,0.,-0.446598200352465));
#13213=DIRECTION('',(-0.960538193063634,0.,-0.278148125404521));
#13214=DIRECTION('',(0.,0.,-1.));
#13215=DIRECTION('',(0.960538193063638,0.,0.278148125404506));
#13216=DIRECTION('',(0.963176133406503,0.,0.26887122574961));
#13217=DIRECTION('',(2.08737030649107E-15,0.,1.));
#13218=DIRECTION('',(-0.893987247929397,0.,0.448092401787424));
#13219=DIRECTION('',(0.963176133406505,0.,0.268871225749605));
#13220=DIRECTION('',(0.,0.,1.));
#13221=DIRECTION('',(0.,0.,1.));
#13222=DIRECTION('',(-0.905139588935928,0.,-0.425114484040358));
#13223=DIRECTION('',(0.904457362196017,0.,-0.42656403970497));
#13224=DIRECTION('',(-3.45406661849186E-16,0.,1.));
#13225=DIRECTION('',(1.,0.,0.));
#13226=DIRECTION('',(-2.44869295863647E-16,0.,1.));
#13227=DIRECTION('',(-1.,0.,0.));
#13228=DIRECTION('center_axis',(0.,1.,0.));
#13229=DIRECTION('ref_axis',(0.715129851250428,0.,-0.698991627883011));
#13230=DIRECTION('center_axis',(0.,-1.,0.));
#13231=DIRECTION('ref_axis',(0.,0.,-1.));
#13232=DIRECTION('center_axis',(0.,-1.,0.));
#13233=DIRECTION('ref_axis',(0.,0.,-1.));
#13234=DIRECTION('center_axis',(0.,-1.,0.));
#13235=DIRECTION('ref_axis',(0.,0.,-1.));
#13236=DIRECTION('center_axis',(0.,-1.,0.));
#13237=DIRECTION('ref_axis',(0.,0.,-1.));
#13238=DIRECTION('center_axis',(0.,-1.,0.));
#13239=DIRECTION('ref_axis',(0.,0.,-1.));
#13240=DIRECTION('center_axis',(0.,-1.,0.));
#13241=DIRECTION('ref_axis',(0.,0.,-1.));
#13242=DIRECTION('center_axis',(0.,-1.,0.));
#13243=DIRECTION('ref_axis',(0.,0.,-1.));
#13244=DIRECTION('center_axis',(0.,-1.,0.));
#13245=DIRECTION('ref_axis',(0.,0.,-1.));
#13246=DIRECTION('center_axis',(0.,-1.,0.));
#13247=DIRECTION('ref_axis',(0.,0.,-1.));
#13248=DIRECTION('center_axis',(0.,-1.,0.));
#13249=DIRECTION('ref_axis',(0.,0.,-1.));
#13250=DIRECTION('center_axis',(0.,-1.,0.));
#13251=DIRECTION('ref_axis',(0.,0.,-1.));
#13252=DIRECTION('center_axis',(0.,-1.,0.));
#13253=DIRECTION('ref_axis',(0.,0.,-1.));
#13254=DIRECTION('center_axis',(0.,-1.,0.));
#13255=DIRECTION('ref_axis',(0.,0.,-1.));
#13256=DIRECTION('center_axis',(0.,-1.,0.));
#13257=DIRECTION('ref_axis',(0.,0.,-1.));
#13258=DIRECTION('center_axis',(0.,-1.,0.));
#13259=DIRECTION('ref_axis',(0.,0.,-1.));
#13260=DIRECTION('center_axis',(0.,-1.,0.));
#13261=DIRECTION('ref_axis',(0.,0.,-1.));
#13262=DIRECTION('center_axis',(0.,-1.,0.));
#13263=DIRECTION('ref_axis',(0.,0.,-1.));
#13264=DIRECTION('center_axis',(0.,-1.,0.));
#13265=DIRECTION('ref_axis',(0.,0.,-1.));
#13266=DIRECTION('center_axis',(0.,-1.,0.));
#13267=DIRECTION('ref_axis',(0.,0.,-1.));
#13268=DIRECTION('center_axis',(0.,-1.,0.));
#13269=DIRECTION('ref_axis',(0.,0.,-1.));
#13270=DIRECTION('center_axis',(0.,-1.,0.));
#13271=DIRECTION('ref_axis',(0.,0.,-1.));
#13272=DIRECTION('center_axis',(0.,-1.,0.));
#13273=DIRECTION('ref_axis',(0.,0.,-1.));
#13274=DIRECTION('center_axis',(0.,-1.,0.));
#13275=DIRECTION('ref_axis',(0.,0.,-1.));
#13276=DIRECTION('center_axis',(0.,-1.,0.));
#13277=DIRECTION('ref_axis',(0.,0.,-1.));
#13278=DIRECTION('center_axis',(0.,-1.,0.));
#13279=DIRECTION('ref_axis',(0.,0.,-1.));
#13280=DIRECTION('center_axis',(0.,-1.,0.));
#13281=DIRECTION('ref_axis',(0.,0.,-1.));
#13282=DIRECTION('center_axis',(0.,-1.,0.));
#13283=DIRECTION('ref_axis',(0.,0.,-1.));
#13284=DIRECTION('center_axis',(0.,-1.,0.));
#13285=DIRECTION('ref_axis',(0.,0.,-1.));
#13286=DIRECTION('center_axis',(0.,-1.,0.));
#13287=DIRECTION('ref_axis',(0.,0.,-1.));
#13288=DIRECTION('center_axis',(0.,-1.,0.));
#13289=DIRECTION('ref_axis',(0.,0.,-1.));
#13290=DIRECTION('center_axis',(0.,-1.,0.));
#13291=DIRECTION('ref_axis',(0.,0.,-1.));
#13292=DIRECTION('center_axis',(0.,0.,1.));
#13293=DIRECTION('ref_axis',(1.,0.,0.));
#13294=DIRECTION('',(0.,0.,1.));
#13295=DIRECTION('center_axis',(0.,0.,-1.));
#13296=DIRECTION('ref_axis',(1.,0.,0.));
#13297=DIRECTION('',(0.,0.,1.));
#13298=DIRECTION('center_axis',(0.,0.,1.));
#13299=DIRECTION('ref_axis',(1.,0.,0.));
#13300=DIRECTION('center_axis',(0.,0.,1.));
#13301=DIRECTION('ref_axis',(1.,0.,0.));
#13302=DIRECTION('center_axis',(0.,0.,-1.));
#13303=DIRECTION('ref_axis',(1.,0.,0.));
#13304=DIRECTION('center_axis',(0.,0.,1.));
#13305=DIRECTION('ref_axis',(1.,0.,0.));
#13306=DIRECTION('',(0.,0.,1.));
#13307=DIRECTION('center_axis',(0.,1.,0.));
#13308=DIRECTION('ref_axis',(0.,0.,1.));
#13309=DIRECTION('',(1.,0.,0.));
#13310=DIRECTION('',(-1.,0.,0.));
#13311=DIRECTION('center_axis',(0.,-1.,0.));
#13312=DIRECTION('ref_axis',(0.,0.,-1.));
#13313=DIRECTION('',(-1.,0.,0.));
#13314=DIRECTION('',(1.,0.,0.));
#13315=DIRECTION('',(0.,0.,1.));
#13316=DIRECTION('center_axis',(0.,0.,1.));
#13317=DIRECTION('ref_axis',(1.,0.,0.));
#13318=DIRECTION('center_axis',(0.,0.,-1.));
#13319=DIRECTION('ref_axis',(1.,0.,0.));
#13320=DIRECTION('center_axis',(0.,0.,1.));
#13321=DIRECTION('ref_axis',(1.,0.,0.));
#13322=DIRECTION('',(0.,0.,1.));
#13323=DIRECTION('center_axis',(0.,0.,1.));
#13324=DIRECTION('ref_axis',(1.,0.,0.));
#13325=DIRECTION('',(0.,0.,1.));
#13326=DIRECTION('center_axis',(0.,0.,-1.));
#13327=DIRECTION('ref_axis',(1.,0.,0.));
#13328=DIRECTION('center_axis',(0.,0.,1.));
#13329=DIRECTION('ref_axis',(1.,0.,0.));
#13330=DIRECTION('center_axis',(0.,0.,1.));
#13331=DIRECTION('ref_axis',(-0.857492911586493,-0.514495778970944,0.));
#13332=DIRECTION('center_axis',(0.,0.,-1.));
#13333=DIRECTION('ref_axis',(1.,0.,0.));
#13334=DIRECTION('center_axis',(0.,0.,1.));
#13335=DIRECTION('ref_axis',(1.,0.,0.));
#13336=DIRECTION('',(0.,0.,1.));
#13337=DIRECTION('center_axis',(-1.,0.,0.));
#13338=DIRECTION('ref_axis',(0.,0.,1.));
#13339=DIRECTION('',(0.,1.,0.));
#13340=DIRECTION('',(0.,-1.,0.));
#13341=DIRECTION('',(0.,0.,1.));
#13342=DIRECTION('center_axis',(-0.791284998254511,0.611447505136262,0.));
#13343=DIRECTION('ref_axis',(-0.611447505136262,-0.791284998254511,0.));
#13344=DIRECTION('',(0.611447505136262,0.791284998254511,0.));
#13345=DIRECTION('',(-0.611447505136262,-0.791284998254511,0.));
#13346=DIRECTION('center_axis',(0.791284998254511,0.611447505136262,0.));
#13347=DIRECTION('ref_axis',(-0.611447505136262,0.791284998254511,0.));
#13348=DIRECTION('',(0.611447505136262,-0.791284998254511,0.));
#13349=DIRECTION('',(-0.611447505136262,0.791284998254511,0.));
#13350=DIRECTION('',(0.,0.,1.));
#13351=DIRECTION('center_axis',(1.,0.,0.));
#13352=DIRECTION('ref_axis',(0.,0.,-1.));
#13353=DIRECTION('',(0.,-1.,0.));
#13354=DIRECTION('',(0.,1.,0.));
#13355=DIRECTION('',(0.,0.,1.));
#13356=DIRECTION('center_axis',(0.,0.,1.));
#13357=DIRECTION('ref_axis',(1.,0.,0.));
#13358=DIRECTION('center_axis',(0.,0.,-1.));
#13359=DIRECTION('ref_axis',(1.,0.,0.));
#13360=DIRECTION('center_axis',(0.,0.,1.));
#13361=DIRECTION('ref_axis',(1.,0.,0.));
#13362=DIRECTION('',(0.,0.,1.));
#13363=DIRECTION('center_axis',(0.,0.,1.));
#13364=DIRECTION('ref_axis',(1.,0.,0.));
#13365=DIRECTION('',(0.,0.,1.));
#13366=DIRECTION('center_axis',(0.,0.,-1.));
#13367=DIRECTION('ref_axis',(1.,0.,0.));
#13368=DIRECTION('center_axis',(0.,0.,1.));
#13369=DIRECTION('ref_axis',(1.,0.,0.));
#13370=DIRECTION('center_axis',(0.,0.,1.));
#13371=DIRECTION('ref_axis',(1.,0.,0.));
#13372=DIRECTION('center_axis',(0.,0.,-1.));
#13373=DIRECTION('ref_axis',(1.,0.,0.));
#13374=DIRECTION('center_axis',(0.,0.,1.));
#13375=DIRECTION('ref_axis',(1.,0.,0.));
#13376=DIRECTION('',(0.,0.,1.));
#13377=DIRECTION('center_axis',(0.,-1.,0.));
#13378=DIRECTION('ref_axis',(0.,0.,-1.));
#13379=DIRECTION('',(-1.,0.,0.));
#13380=DIRECTION('',(1.,0.,0.));
#13381=DIRECTION('',(0.,0.,1.));
#13382=DIRECTION('center_axis',(0.,0.,1.));
#13383=DIRECTION('ref_axis',(-1.,-1.64502889796455E-12,0.));
#13384=DIRECTION('',(0.,0.,1.));
#13385=DIRECTION('center_axis',(0.,0.,-1.));
#13386=DIRECTION('ref_axis',(1.,0.,0.));
#13387=DIRECTION('center_axis',(0.,0.,1.));
#13388=DIRECTION('ref_axis',(1.,0.,0.));
#13389=DIRECTION('center_axis',(0.,1.,0.));
#13390=DIRECTION('ref_axis',(0.,0.,1.));
#13391=DIRECTION('',(1.,0.,0.));
#13392=DIRECTION('',(-1.,0.,0.));
#13393=DIRECTION('',(0.,0.,1.));
#13394=DIRECTION('center_axis',(0.,0.,1.));
#13395=DIRECTION('ref_axis',(1.,0.,0.));
#13396=DIRECTION('center_axis',(0.,0.,-1.));
#13397=DIRECTION('ref_axis',(1.,0.,0.));
#13398=DIRECTION('center_axis',(0.,0.,1.));
#13399=DIRECTION('ref_axis',(1.,0.,0.));
#13400=DIRECTION('',(0.,0.,1.));
#13401=DIRECTION('center_axis',(0.,0.,1.));
#13402=DIRECTION('ref_axis',(1.,0.,0.));
#13403=DIRECTION('',(0.,0.,1.));
#13404=DIRECTION('center_axis',(0.,0.,-1.));
#13405=DIRECTION('ref_axis',(1.,4.33680841540731E-15,0.));
#13406=DIRECTION('center_axis',(0.,0.,1.));
#13407=DIRECTION('ref_axis',(1.,0.,0.));
#13408=DIRECTION('center_axis',(0.,0.,1.));
#13409=DIRECTION('ref_axis',(1.,0.,0.));
#13410=DIRECTION('center_axis',(0.,0.,-1.));
#13411=DIRECTION('ref_axis',(1.,0.,0.));
#13412=DIRECTION('center_axis',(0.,0.,1.));
#13413=DIRECTION('ref_axis',(1.,0.,0.));
#13414=DIRECTION('',(0.,0.,1.));
#13415=DIRECTION('center_axis',(1.,-2.22400445324411E-16,0.));
#13416=DIRECTION('ref_axis',(2.22400445324411E-16,1.,0.));
#13417=DIRECTION('',(-2.22400445324411E-16,-1.,0.));
#13418=DIRECTION('',(2.22400445324411E-16,1.,0.));
#13419=DIRECTION('',(0.,0.,1.));
#13420=DIRECTION('center_axis',(0.707106781186548,-0.707106781186548,0.));
#13421=DIRECTION('ref_axis',(0.707106781186548,0.707106781186548,0.));
#13422=DIRECTION('',(-0.707106781186548,-0.707106781186548,0.));
#13423=DIRECTION('',(0.707106781186548,0.707106781186548,0.));
#13424=DIRECTION('',(0.,0.,1.));
#13425=DIRECTION('center_axis',(1.39897054514259E-16,-1.,0.));
#13426=DIRECTION('ref_axis',(1.,1.39897054514259E-16,0.));
#13427=DIRECTION('',(-1.,-1.39897054514259E-16,0.));
#13428=DIRECTION('',(1.,1.39897054514259E-16,0.));
#13429=DIRECTION('',(0.,0.,1.));
#13430=DIRECTION('center_axis',(-0.707106781186548,-0.707106781186547,0.));
#13431=DIRECTION('ref_axis',(0.707106781186547,-0.707106781186548,0.));
#13432=DIRECTION('',(-0.707106781186547,0.707106781186548,0.));
#13433=DIRECTION('',(0.707106781186547,-0.707106781186548,0.));
#13434=DIRECTION('',(0.,0.,1.));
#13435=DIRECTION('center_axis',(-1.,0.,0.));
#13436=DIRECTION('ref_axis',(0.,0.,1.));
#13437=DIRECTION('',(0.,1.,0.));
#13438=DIRECTION('',(0.,-1.,0.));
#13439=DIRECTION('',(0.,0.,1.));
#13440=DIRECTION('center_axis',(0.,0.,1.));
#13441=DIRECTION('ref_axis',(1.,0.,0.));
#13442=DIRECTION('center_axis',(0.,0.,-1.));
#13443=DIRECTION('ref_axis',(1.,0.,0.));
#13444=DIRECTION('center_axis',(0.,0.,1.));
#13445=DIRECTION('ref_axis',(1.,0.,0.));
#13446=DIRECTION('center_axis',(0.,0.,1.));
#13447=DIRECTION('ref_axis',(1.,0.,0.));
#13448=DIRECTION('center_axis',(0.,0.,1.));
#13449=DIRECTION('ref_axis',(1.,0.,0.));
#13450=DIRECTION('center_axis',(0.,-1.,0.));
#13451=DIRECTION('ref_axis',(0.,0.,-1.));
#13452=DIRECTION('center_axis',(0.,-1.,0.));
#13453=DIRECTION('ref_axis',(0.,0.,-1.));
#13454=DIRECTION('',(0.,1.,0.));
#13455=DIRECTION('',(0.,1.,0.));
#13456=DIRECTION('center_axis',(0.278148125404518,0.,-0.960538193063635));
#13457=DIRECTION('ref_axis',(-0.960538193063635,0.,-0.278148125404518));
#13458=DIRECTION('',(-0.960538193063635,0.,-0.278148125404518));
#13459=DIRECTION('',(0.,1.,0.));
#13460=DIRECTION('center_axis',(1.,0.,0.));
#13461=DIRECTION('ref_axis',(0.,0.,-1.));
#13462=DIRECTION('',(0.,0.,-1.));
#13463=DIRECTION('',(0.,1.,0.));
#13464=DIRECTION('center_axis',(-0.278148125404535,0.,0.96053819306363));
#13465=DIRECTION('ref_axis',(0.96053819306363,0.,0.278148125404535));
#13466=DIRECTION('',(0.96053819306363,0.,0.278148125404535));
#13467=DIRECTION('',(0.,1.,0.));
#13468=DIRECTION('',(0.,1.,0.));
#13469=DIRECTION('center_axis',(-0.26467765073049,0.,0.964336943813618));
#13470=DIRECTION('ref_axis',(0.964336943813618,0.,0.26467765073049));
#13471=DIRECTION('',(0.964336943813618,0.,0.26467765073049));
#13472=DIRECTION('',(0.,1.,0.));
#13473=DIRECTION('',(0.,1.,0.));
#13474=DIRECTION('center_axis',(-1.,0.,0.));
#13475=DIRECTION('ref_axis',(0.,0.,1.));
#13476=DIRECTION('',(0.,0.,1.));
#13477=DIRECTION('',(0.,1.,0.));
#13478=DIRECTION('center_axis',(-0.268871225749622,0.,0.9631761334065));
#13479=DIRECTION('ref_axis',(0.9631761334065,0.,0.268871225749622));
#13480=DIRECTION('',(0.9631761334065,0.,0.268871225749622));
#13481=DIRECTION('',(0.,1.,0.));
#13482=DIRECTION('center_axis',(-1.,0.,0.));
#13483=DIRECTION('ref_axis',(0.,0.,1.));
#13484=DIRECTION('',(0.,0.,1.));
#13485=DIRECTION('',(0.,1.,0.));
#13486=DIRECTION('center_axis',(0.268871225749614,0.,-0.963176133406502));
#13487=DIRECTION('ref_axis',(-0.963176133406502,0.,-0.268871225749614));
#13488=DIRECTION('',(-0.963176133406502,0.,-0.268871225749614));
#13489=DIRECTION('center_axis',(0.,1.,0.));
#13490=DIRECTION('ref_axis',(0.,0.,1.));
#13491=DIRECTION('',(0.,1.,0.));
#13492=DIRECTION('',(0.,1.,0.));
#13493=DIRECTION('center_axis',(-1.,0.,3.77325917448301E-16));
#13494=DIRECTION('ref_axis',(3.77325917448301E-16,0.,1.));
#13495=DIRECTION('',(3.77325917448301E-16,0.,1.));
#13496=DIRECTION('',(0.,1.,0.));
#13497=DIRECTION('',(0.,1.,0.));
#13498=DIRECTION('center_axis',(-0.247218062169231,0.,0.968959870034508));
#13499=DIRECTION('ref_axis',(0.968959870034508,0.,0.247218062169231));
#13500=DIRECTION('',(0.968959870034508,0.,0.247218062169231));
#13501=DIRECTION('',(0.,1.,0.));
#13502=DIRECTION('',(0.,1.,0.));
#13503=DIRECTION('center_axis',(1.,0.,0.));
#13504=DIRECTION('ref_axis',(0.,0.,-1.));
#13505=DIRECTION('',(0.,0.,-1.));
#13506=DIRECTION('',(0.,1.,0.));
#13507=DIRECTION('center_axis',(-0.268871225749602,0.,0.963176133406506));
#13508=DIRECTION('ref_axis',(0.963176133406506,0.,0.268871225749602));
#13509=DIRECTION('',(0.963176133406506,0.,0.268871225749602));
#13510=DIRECTION('',(0.,1.,0.));
#13511=DIRECTION('center_axis',(-1.,0.,-9.78812567851972E-16));
#13512=DIRECTION('ref_axis',(-9.78812567851972E-16,0.,1.));
#13513=DIRECTION('',(-9.78812567851972E-16,0.,1.));
#13514=DIRECTION('',(0.,1.,0.));
#13515=DIRECTION('center_axis',(0.268871225749603,0.,-0.963176133406505));
#13516=DIRECTION('ref_axis',(-0.963176133406505,0.,-0.268871225749603));
#13517=DIRECTION('',(-0.963176133406505,0.,-0.268871225749603));
#13518=DIRECTION('',(0.,1.,0.));
#13519=DIRECTION('center_axis',(1.,0.,0.));
#13520=DIRECTION('ref_axis',(0.,0.,-1.));
#13521=DIRECTION('',(0.,0.,-1.));
#13522=DIRECTION('',(0.,1.,0.));
#13523=DIRECTION('',(0.,1.,0.));
#13524=DIRECTION('center_axis',(0.263590353454009,0.,-0.964634710948134));
#13525=DIRECTION('ref_axis',(-0.964634710948134,0.,-0.263590353454009));
#13526=DIRECTION('',(-0.964634710948134,0.,-0.263590353454009));
#13527=DIRECTION('',(0.,1.,0.));
#13528=DIRECTION('',(0.,1.,0.));
#13529=DIRECTION('center_axis',(1.,0.,0.));
#13530=DIRECTION('ref_axis',(0.,0.,-1.));
#13531=DIRECTION('',(0.,0.,-1.));
#13532=DIRECTION('',(0.,1.,0.));
#13533=DIRECTION('center_axis',(0.278148125404535,0.,-0.96053819306363));
#13534=DIRECTION('ref_axis',(-0.96053819306363,0.,-0.278148125404535));
#13535=DIRECTION('',(-0.96053819306363,0.,-0.278148125404535));
#13536=DIRECTION('',(0.,1.,0.));
#13537=DIRECTION('center_axis',(1.,0.,0.));
#13538=DIRECTION('ref_axis',(0.,0.,-1.));
#13539=DIRECTION('',(0.,0.,-1.));
#13540=DIRECTION('',(0.,1.,0.));
#13541=DIRECTION('center_axis',(-0.278148125404518,0.,0.960538193063635));
#13542=DIRECTION('ref_axis',(0.960538193063635,0.,0.278148125404518));
#13543=DIRECTION('',(0.960538193063635,0.,0.278148125404518));
#13544=DIRECTION('',(0.,1.,0.));
#13545=DIRECTION('',(0.,1.,0.));
#13546=DIRECTION('center_axis',(-0.267651773063071,0.,0.963515712573591));
#13547=DIRECTION('ref_axis',(0.963515712573591,0.,0.267651773063071));
#13548=DIRECTION('',(0.963515712573591,0.,0.267651773063071));
#13549=DIRECTION('',(0.,1.,0.));
#13550=DIRECTION('center_axis',(1.,0.,2.44174184104137E-16));
#13551=DIRECTION('ref_axis',(2.44174184104137E-16,0.,-1.));
#13552=DIRECTION('',(2.44174184104137E-16,0.,-1.));
#13553=DIRECTION('',(0.,1.,0.));
#13554=DIRECTION('',(0.,1.,0.));
#13555=DIRECTION('center_axis',(0.278148125404535,0.,-0.96053819306363));
#13556=DIRECTION('ref_axis',(-0.96053819306363,0.,-0.278148125404535));
#13557=DIRECTION('',(-0.96053819306363,0.,-0.278148125404535));
#13558=DIRECTION('',(0.,1.,0.));
#13559=DIRECTION('center_axis',(1.,0.,0.));
#13560=DIRECTION('ref_axis',(0.,0.,-1.));
#13561=DIRECTION('',(0.,0.,-1.));
#13562=DIRECTION('',(0.,1.,0.));
#13563=DIRECTION('center_axis',(-0.278148125404535,0.,0.96053819306363));
#13564=DIRECTION('ref_axis',(0.96053819306363,0.,0.278148125404535));
#13565=DIRECTION('',(0.96053819306363,0.,0.278148125404535));
#13566=DIRECTION('',(0.,1.,0.));
#13567=DIRECTION('',(0.,1.,0.));
#13568=DIRECTION('center_axis',(-0.264564791208332,0.,0.964367912807603));
#13569=DIRECTION('ref_axis',(0.964367912807603,0.,0.264564791208332));
#13570=DIRECTION('',(0.964367912807602,0.,0.264564791208332));
#13571=DIRECTION('',(0.,1.,0.));
#13572=DIRECTION('',(0.,1.,0.));
#13573=DIRECTION('center_axis',(-0.26887122574961,0.,0.963176133406503));
#13574=DIRECTION('ref_axis',(0.963176133406504,0.,0.26887122574961));
#13575=DIRECTION('',(0.963176133406503,0.,0.268871225749609));
#13576=DIRECTION('',(0.,1.,0.));
#13577=DIRECTION('center_axis',(-1.,0.,1.07229869808321E-15));
#13578=DIRECTION('ref_axis',(1.07229869808321E-15,0.,1.));
#13579=DIRECTION('',(1.07229869808321E-15,0.,1.));
#13580=DIRECTION('',(0.,1.,0.));
#13581=DIRECTION('center_axis',(0.268871225749603,0.,-0.963176133406505));
#13582=DIRECTION('ref_axis',(-0.963176133406505,0.,-0.268871225749603));
#13583=DIRECTION('',(-0.963176133406505,0.,-0.268871225749603));
#13584=DIRECTION('center_axis',(0.,1.,0.));
#13585=DIRECTION('ref_axis',(0.,0.,1.));
#13586=DIRECTION('',(0.,1.,0.));
#13587=DIRECTION('',(0.,1.,0.));
#13588=DIRECTION('center_axis',(0.278148125404517,0.,-0.960538193063635));
#13589=DIRECTION('ref_axis',(-0.960538193063635,0.,-0.278148125404517));
#13590=DIRECTION('',(-0.960538193063635,0.,-0.278148125404517));
#13591=DIRECTION('',(0.,1.,0.));
#13592=DIRECTION('center_axis',(1.,0.,4.89569535960823E-16));
#13593=DIRECTION('ref_axis',(4.89569535960823E-16,0.,-1.));
#13594=DIRECTION('',(4.89569535960823E-16,0.,-1.));
#13595=DIRECTION('',(0.,1.,0.));
#13596=DIRECTION('center_axis',(-0.278148125404518,0.,0.960538193063635));
#13597=DIRECTION('ref_axis',(0.960538193063635,0.,0.278148125404518));
#13598=DIRECTION('',(0.960538193063635,0.,0.278148125404518));
#13599=DIRECTION('',(0.,1.,0.));
#13600=DIRECTION('',(0.,1.,0.));
#13601=DIRECTION('center_axis',(-0.268871225749625,0.,0.963176133406499));
#13602=DIRECTION('ref_axis',(0.963176133406499,0.,0.268871225749625));
#13603=DIRECTION('',(0.963176133406499,0.,0.268871225749625));
#13604=DIRECTION('',(0.,1.,0.));
#13605=DIRECTION('center_axis',(-1.,0.,0.));
#13606=DIRECTION('ref_axis',(0.,0.,1.));
#13607=DIRECTION('',(0.,0.,1.));
#13608=DIRECTION('',(0.,1.,0.));
#13609=DIRECTION('center_axis',(0.268871225749601,0.,-0.963176133406506));
#13610=DIRECTION('ref_axis',(-0.963176133406506,0.,-0.268871225749601));
#13611=DIRECTION('',(-0.963176133406506,0.,-0.268871225749601));
#13612=DIRECTION('center_axis',(0.,1.,0.));
#13613=DIRECTION('ref_axis',(0.,0.,1.));
#13614=DIRECTION('',(0.,1.,0.));
#13615=DIRECTION('',(0.,1.,0.));
#13616=DIRECTION('center_axis',(0.278148125404535,0.,-0.96053819306363));
#13617=DIRECTION('ref_axis',(-0.96053819306363,0.,-0.278148125404535));
#13618=DIRECTION('',(-0.96053819306363,0.,-0.278148125404535));
#13619=DIRECTION('',(0.,1.,0.));
#13620=DIRECTION('center_axis',(1.,0.,5.39703207876847E-16));
#13621=DIRECTION('ref_axis',(5.39703207876847E-16,0.,-1.));
#13622=DIRECTION('',(5.39703207876847E-16,0.,-1.));
#13623=DIRECTION('',(0.,1.,0.));
#13624=DIRECTION('center_axis',(-0.278148125404535,0.,0.96053819306363));
#13625=DIRECTION('ref_axis',(0.96053819306363,0.,0.278148125404535));
#13626=DIRECTION('',(0.96053819306363,0.,0.278148125404535));
#13627=DIRECTION('',(0.,1.,0.));
#13628=DIRECTION('',(0.,1.,0.));
#13629=DIRECTION('center_axis',(-0.0186777148971739,0.,-0.999825556267802));
#13630=DIRECTION('ref_axis',(-0.999825556267802,0.,0.018677714897174));
#13631=DIRECTION('',(-0.999825556267802,0.,0.0186777148971739));
#13632=DIRECTION('',(0.,1.,0.));
#13633=DIRECTION('center_axis',(0.502600787167319,0.,-0.864518622551759));
#13634=DIRECTION('ref_axis',(-0.864518622551759,0.,-0.502600787167319));
#13635=DIRECTION('',(-0.864518622551759,0.,-0.502600787167319));
#13636=DIRECTION('',(0.,1.,0.));
#13637=DIRECTION('',(0.,1.,0.));
#13638=DIRECTION('center_axis',(0.278148125404535,0.,-0.96053819306363));
#13639=DIRECTION('ref_axis',(-0.96053819306363,0.,-0.278148125404535));
#13640=DIRECTION('',(-0.96053819306363,0.,-0.278148125404535));
#13641=DIRECTION('',(0.,1.,0.));
#13642=DIRECTION('center_axis',(1.,0.,0.));
#13643=DIRECTION('ref_axis',(0.,0.,-1.));
#13644=DIRECTION('',(0.,0.,-1.));
#13645=DIRECTION('',(0.,1.,0.));
#13646=DIRECTION('center_axis',(-0.278148125404518,0.,0.960538193063635));
#13647=DIRECTION('ref_axis',(0.960538193063635,0.,0.278148125404518));
#13648=DIRECTION('',(0.960538193063635,0.,0.278148125404518));
#13649=DIRECTION('',(0.,1.,0.));
#13650=DIRECTION('',(0.,1.,0.));
#13651=DIRECTION('center_axis',(-0.018677714897174,0.,-0.999825556267802));
#13652=DIRECTION('ref_axis',(-0.999825556267802,0.,0.018677714897174));
#13653=DIRECTION('',(-0.999825556267802,0.,0.018677714897174));
#13654=DIRECTION('',(0.,1.,0.));
#13655=DIRECTION('',(0.,1.,0.));
#13656=DIRECTION('center_axis',(0.278148125404553,0.,-0.960538193063625));
#13657=DIRECTION('ref_axis',(-0.960538193063625,0.,-0.278148125404553));
#13658=DIRECTION('',(-0.960538193063625,0.,-0.278148125404553));
#13659=DIRECTION('',(0.,1.,0.));
#13660=DIRECTION('center_axis',(1.,0.,0.));
#13661=DIRECTION('ref_axis',(0.,0.,-1.));
#13662=DIRECTION('',(0.,0.,-1.));
#13663=DIRECTION('',(0.,1.,0.));
#13664=DIRECTION('center_axis',(-0.278148125404517,0.,0.960538193063635));
#13665=DIRECTION('ref_axis',(0.960538193063635,0.,0.278148125404517));
#13666=DIRECTION('',(0.960538193063635,0.,0.278148125404517));
#13667=DIRECTION('',(0.,1.,0.));
#13668=DIRECTION('',(0.,1.,0.));
#13669=DIRECTION('center_axis',(-0.504399968636266,0.,0.863470133611889));
#13670=DIRECTION('ref_axis',(0.863470133611889,0.,0.504399968636266));
#13671=DIRECTION('',(0.863470133611889,0.,0.504399968636266));
#13672=DIRECTION('',(0.,1.,0.));
#13673=DIRECTION('center_axis',(-1.,0.,0.));
#13674=DIRECTION('ref_axis',(0.,0.,1.));
#13675=DIRECTION('',(0.,0.,1.));
#13676=DIRECTION('',(0.,1.,0.));
#13677=DIRECTION('center_axis',(-0.0607553220043965,0.,-0.998152689145374));
#13678=DIRECTION('ref_axis',(-0.998152689145374,0.,0.0607553220043965));
#13679=DIRECTION('',(-0.998152689145374,0.,0.0607553220043965));
#13680=DIRECTION('',(0.,1.,0.));
#13681=DIRECTION('center_axis',(-0.56101407544022,0.,0.82780626184993));
#13682=DIRECTION('ref_axis',(0.82780626184993,0.,0.56101407544022));
#13683=DIRECTION('',(0.82780626184993,0.,0.56101407544022));
#13684=DIRECTION('',(0.,1.,0.));
#13685=DIRECTION('center_axis',(-1.,0.,3.55280987925243E-16));
#13686=DIRECTION('ref_axis',(3.55280987925243E-16,0.,1.));
#13687=DIRECTION('',(3.55280987925243E-16,0.,1.));
#13688=DIRECTION('',(0.,1.,0.));
#13689=DIRECTION('center_axis',(-0.0460424768762741,0.,-0.998939482813197));
#13690=DIRECTION('ref_axis',(-0.998939482813197,0.,0.0460424768762741));
#13691=DIRECTION('',(-0.998939482813197,0.,0.0460424768762741));
#13692=DIRECTION('center_axis',(0.,1.,0.));
#13693=DIRECTION('ref_axis',(0.,0.,1.));
#13694=DIRECTION('center_axis',(0.424433876230722,0.,-0.905458935958867));
#13695=DIRECTION('ref_axis',(-0.905458935958867,0.,-0.424433876230722));
#13696=DIRECTION('',(0.,1.,0.));
#13697=DIRECTION('',(-0.905458935958867,0.,-0.424433876230722));
#13698=DIRECTION('',(0.,1.,0.));
#13699=DIRECTION('center_axis',(0.428768861158007,0.,0.903414225979016));
#13700=DIRECTION('ref_axis',(0.903414225979016,0.,-0.428768861158007));
#13701=DIRECTION('',(0.903414225979016,0.,-0.428768861158007));
#13702=DIRECTION('',(0.,1.,0.));
#13703=DIRECTION('center_axis',(-1.,0.,0.));
#13704=DIRECTION('ref_axis',(0.,0.,1.));
#13705=DIRECTION('',(0.,0.,1.));
#13706=DIRECTION('',(0.,1.,0.));
#13707=DIRECTION('center_axis',(0.,0.,1.));
#13708=DIRECTION('ref_axis',(1.,0.,0.));
#13709=DIRECTION('',(1.,0.,0.));
#13710=DIRECTION('',(0.,1.,0.));
#13711=DIRECTION('center_axis',(-1.,0.,-2.44825416275972E-16));
#13712=DIRECTION('ref_axis',(-2.44825416275972E-16,0.,1.));
#13713=DIRECTION('',(-2.44825416275972E-16,0.,1.));
#13714=DIRECTION('',(0.,1.,0.));
#13715=DIRECTION('center_axis',(0.,0.,-1.));
#13716=DIRECTION('ref_axis',(-1.,0.,0.));
#13717=DIRECTION('',(-1.,0.,0.));
#13718=DIRECTION('',(0.,1.,0.));
#13719=DIRECTION('center_axis',(-1.,0.,0.));
#13720=DIRECTION('ref_axis',(0.,0.,1.));
#13721=DIRECTION('',(0.,0.,1.));
#13722=DIRECTION('center_axis',(0.,1.,0.));
#13723=DIRECTION('ref_axis',(0.,0.,1.));
#13724=DIRECTION('',(0.,1.,0.));
#13725=DIRECTION('',(0.,1.,0.));
#13726=DIRECTION('center_axis',(0.278148125404553,0.,-0.960538193063625));
#13727=DIRECTION('ref_axis',(-0.960538193063625,0.,-0.278148125404553));
#13728=DIRECTION('',(-0.960538193063625,0.,-0.278148125404553));
#13729=DIRECTION('',(0.,1.,0.));
#13730=DIRECTION('center_axis',(1.,0.,0.));
#13731=DIRECTION('ref_axis',(0.,0.,-1.));
#13732=DIRECTION('',(0.,0.,-1.));
#13733=DIRECTION('',(0.,1.,0.));
#13734=DIRECTION('center_axis',(0.446598200352465,0.,0.894734624032143));
#13735=DIRECTION('ref_axis',(0.894734624032143,0.,-0.446598200352465));
#13736=DIRECTION('',(0.894734624032143,0.,-0.446598200352465));
#13737=DIRECTION('',(0.,1.,0.));
#13738=DIRECTION('',(0.,1.,0.));
#13739=DIRECTION('center_axis',(0.278148125404521,0.,-0.960538193063634));
#13740=DIRECTION('ref_axis',(-0.960538193063634,0.,-0.278148125404521));
#13741=DIRECTION('',(-0.960538193063634,0.,-0.278148125404521));
#13742=DIRECTION('',(0.,1.,0.));
#13743=DIRECTION('center_axis',(1.,0.,0.));
#13744=DIRECTION('ref_axis',(0.,0.,-1.));
#13745=DIRECTION('',(0.,0.,-1.));
#13746=DIRECTION('',(0.,1.,0.));
#13747=DIRECTION('center_axis',(-0.278148125404506,0.,0.960538193063638));
#13748=DIRECTION('ref_axis',(0.960538193063638,0.,0.278148125404506));
#13749=DIRECTION('',(0.960538193063638,0.,0.278148125404506));
#13750=DIRECTION('',(0.,1.,0.));
#13751=DIRECTION('',(0.,1.,0.));
#13752=DIRECTION('center_axis',(-0.26887122574961,0.,0.963176133406503));
#13753=DIRECTION('ref_axis',(0.963176133406503,0.,0.26887122574961));
#13754=DIRECTION('',(0.963176133406503,0.,0.26887122574961));
#13755=DIRECTION('',(0.,1.,0.));
#13756=DIRECTION('center_axis',(-1.,0.,2.08737030649107E-15));
#13757=DIRECTION('ref_axis',(2.08737030649107E-15,0.,1.));
#13758=DIRECTION('',(2.08737030649107E-15,0.,1.));
#13759=DIRECTION('',(0.,1.,0.));
#13760=DIRECTION('center_axis',(-0.448092401787424,0.,-0.893987247929397));
#13761=DIRECTION('ref_axis',(-0.893987247929397,0.,0.448092401787424));
#13762=DIRECTION('',(-0.893987247929397,0.,0.448092401787424));
#13763=DIRECTION('',(0.,1.,0.));
#13764=DIRECTION('',(0.,1.,0.));
#13765=DIRECTION('center_axis',(-0.268871225749605,0.,0.963176133406505));
#13766=DIRECTION('ref_axis',(0.963176133406505,0.,0.268871225749605));
#13767=DIRECTION('',(0.963176133406505,0.,0.268871225749605));
#13768=DIRECTION('',(0.,1.,0.));
#13769=DIRECTION('center_axis',(-1.,0.,0.));
#13770=DIRECTION('ref_axis',(0.,0.,1.));
#13771=DIRECTION('',(0.,0.,1.));
#13772=DIRECTION('',(0.,1.,0.));
#13773=DIRECTION('center_axis',(0.268871225749601,0.,-0.963176133406506));
#13774=DIRECTION('ref_axis',(-0.963176133406506,0.,-0.268871225749601));
#13775=DIRECTION('',(-0.963176133406506,0.,-0.268871225749601));
#13776=DIRECTION('center_axis',(0.,1.,0.));
#13777=DIRECTION('ref_axis',(0.,0.,1.));
#13778=DIRECTION('center_axis',(1.,0.,0.));
#13779=DIRECTION('ref_axis',(0.,0.,-1.));
#13780=DIRECTION('',(0.,0.,-1.));
#13781=DIRECTION('',(0.,1.,0.));
#13782=DIRECTION('',(0.,0.,-1.));
#13783=DIRECTION('',(0.,1.,0.));
#13784=DIRECTION('center_axis',(0.,0.,-1.));
#13785=DIRECTION('ref_axis',(-1.,0.,0.));
#13786=DIRECTION('',(-1.,0.,0.));
#13787=DIRECTION('',(-1.,0.,0.));
#13788=DIRECTION('',(0.,1.,0.));
#13789=DIRECTION('center_axis',(-1.,0.,0.));
#13790=DIRECTION('ref_axis',(0.,0.,1.));
#13791=DIRECTION('',(0.,0.,1.));
#13792=DIRECTION('',(0.,0.,1.));
#13793=DIRECTION('',(0.,1.,0.));
#13794=DIRECTION('center_axis',(0.,0.,1.));
#13795=DIRECTION('ref_axis',(1.,0.,0.));
#13796=DIRECTION('',(1.,0.,0.));
#13797=DIRECTION('',(1.,0.,0.));
#13798=DIRECTION('',(0.,1.,0.));
#13799=DIRECTION('center_axis',(1.,0.,0.));
#13800=DIRECTION('ref_axis',(0.,0.,-1.));
#13801=DIRECTION('',(0.,0.,-1.));
#13802=DIRECTION('',(0.,0.,-1.));
#13803=DIRECTION('',(0.,1.,0.));
#13804=DIRECTION('center_axis',(-0.454023774795194,0.,-0.890989568918022));
#13805=DIRECTION('ref_axis',(-0.890989568918023,0.,0.454023774795194));
#13806=DIRECTION('',(-0.890989568918022,0.,0.454023774795194));
#13807=DIRECTION('',(-0.890989568918022,0.,0.454023774795194));
#13808=DIRECTION('',(0.,1.,0.));
#13809=DIRECTION('center_axis',(-1.,0.,0.));
#13810=DIRECTION('ref_axis',(0.,0.,1.));
#13811=DIRECTION('',(0.,0.,1.));
#13812=DIRECTION('',(0.,0.,1.));
#13813=DIRECTION('',(0.,1.,0.));
#13814=DIRECTION('center_axis',(0.486634894988987,0.,0.87360544811663));
#13815=DIRECTION('ref_axis',(0.87360544811663,0.,-0.486634894988987));
#13816=DIRECTION('',(0.87360544811663,0.,-0.486634894988987));
#13817=DIRECTION('',(0.87360544811663,0.,-0.486634894988987));
#13818=DIRECTION('',(0.,1.,0.));
#13819=DIRECTION('center_axis',(0.,1.,0.));
#13820=DIRECTION('ref_axis',(-2.69669771209391E-14,0.,-1.));
#13821=DIRECTION('center_axis',(0.,-1.,0.));
#13822=DIRECTION('ref_axis',(0.,0.,1.));
#13823=DIRECTION('center_axis',(0.,-1.,0.));
#13824=DIRECTION('ref_axis',(0.,0.,1.));
#13825=DIRECTION('center_axis',(0.,1.,0.));
#13826=DIRECTION('ref_axis',(0.715129851250428,0.,-0.698991627883011));
#13827=DIRECTION('center_axis',(0.,1.,0.));
#13828=DIRECTION('ref_axis',(0.,0.,1.));
#13829=DIRECTION('center_axis',(0.425114484040358,0.,-0.905139588935928));
#13830=DIRECTION('ref_axis',(-0.905139588935928,0.,-0.425114484040358));
#13831=DIRECTION('',(0.,1.,0.));
#13832=DIRECTION('',(-0.905139588935928,0.,-0.425114484040358));
#13833=DIRECTION('',(0.,1.,0.));
#13834=DIRECTION('center_axis',(0.42656403970497,0.,0.904457362196017));
#13835=DIRECTION('ref_axis',(0.904457362196017,0.,-0.42656403970497));
#13836=DIRECTION('',(0.904457362196017,0.,-0.42656403970497));
#13837=DIRECTION('',(0.,1.,0.));
#13838=DIRECTION('center_axis',(-1.,0.,-3.45406661849186E-16));
#13839=DIRECTION('ref_axis',(-3.45406661849186E-16,0.,1.));
#13840=DIRECTION('',(-3.45406661849186E-16,0.,1.));
#13841=DIRECTION('',(0.,1.,0.));
#13842=DIRECTION('center_axis',(0.,0.,1.));
#13843=DIRECTION('ref_axis',(1.,0.,0.));
#13844=DIRECTION('',(1.,0.,0.));
#13845=DIRECTION('',(0.,1.,0.));
#13846=DIRECTION('center_axis',(-1.,0.,-2.44869295863647E-16));
#13847=DIRECTION('ref_axis',(-2.44869295863647E-16,0.,1.));
#13848=DIRECTION('',(-2.44869295863647E-16,0.,1.));
#13849=DIRECTION('',(0.,1.,0.));
#13850=DIRECTION('center_axis',(0.,0.,-1.));
#13851=DIRECTION('ref_axis',(-1.,0.,0.));
#13852=DIRECTION('',(-1.,0.,0.));
#13853=DIRECTION('',(0.,1.,0.));
#13854=DIRECTION('center_axis',(-1.,0.,0.));
#13855=DIRECTION('ref_axis',(0.,0.,1.));
#13856=DIRECTION('',(0.,0.,1.));
#13857=DIRECTION('center_axis',(0.,1.,0.));
#13858=DIRECTION('ref_axis',(0.,0.,1.));
#13859=DIRECTION('center_axis',(0.,1.,0.));
#13860=DIRECTION('ref_axis',(0.,0.,1.));
#13861=DIRECTION('',(0.,0.,-1.));
#13862=DIRECTION('',(1.,0.,0.));
#13863=DIRECTION('',(0.,0.,1.));
#13864=DIRECTION('center_axis',(0.,1.,0.));
#13865=DIRECTION('ref_axis',(0.,0.,1.));
#13866=DIRECTION('center_axis',(1.,0.,0.));
#13867=DIRECTION('ref_axis',(0.,0.,-1.));
#13868=DIRECTION('',(0.,1.,0.));
#13869=DIRECTION('',(0.,0.,-1.));
#13870=DIRECTION('',(0.,1.,0.));
#13871=DIRECTION('center_axis',(0.,0.,1.));
#13872=DIRECTION('ref_axis',(1.,0.,0.));
#13873=DIRECTION('',(1.,0.,0.));
#13874=DIRECTION('',(0.,1.,0.));
#13875=DIRECTION('center_axis',(-1.,0.,0.));
#13876=DIRECTION('ref_axis',(0.,0.,1.));
#13877=DIRECTION('',(0.,0.,1.));
#13878=DIRECTION('',(0.,1.,0.));
#13879=DIRECTION('center_axis',(0.,1.,0.));
#13880=DIRECTION('ref_axis',(1.22464679914735E-16,0.,-1.));
#13881=DIRECTION('center_axis',(0.,1.,0.));
#13882=DIRECTION('ref_axis',(0.,0.,1.));
#13883=DIRECTION('center_axis',(0.,1.,0.));
#13884=DIRECTION('ref_axis',(0.,0.,1.));
#13885=DIRECTION('',(-1.92284845647619E-30,0.,1.));
#13886=DIRECTION('',(1.,-2.2204460492503E-16,1.41748443906898E-30));
#13887=DIRECTION('',(-2.48984223210379E-30,7.88860905221012E-31,1.));
#13888=DIRECTION('',(1.,-2.22044604925034E-16,1.41748443906901E-30));
#13889=DIRECTION('center_axis',(0.,-1.,0.));
#13890=DIRECTION('ref_axis',(1.,0.,0.));
#13891=DIRECTION('',(-1.,0.,0.));
#13892=DIRECTION('',(0.,0.,1.));
#13893=DIRECTION('',(-1.,0.,0.));
#13894=DIRECTION('',(0.,0.,-1.));
#13895=DIRECTION('center_axis',(-1.,0.,0.));
#13896=DIRECTION('ref_axis',(0.,-1.,0.));
#13897=DIRECTION('',(0.,1.,0.));
#13898=DIRECTION('',(0.,1.,0.));
#13899=DIRECTION('',(0.,0.,-1.));
#13900=DIRECTION('center_axis',(0.,0.,1.));
#13901=DIRECTION('ref_axis',(1.,0.,0.));
#13902=DIRECTION('',(0.,-1.,0.));
#13903=DIRECTION('',(1.,0.,0.));
#13904=DIRECTION('center_axis',(0.,1.,0.));
#13905=DIRECTION('ref_axis',(-1.,0.,0.));
#13906=DIRECTION('',(1.,0.,0.));
#13907=DIRECTION('',(0.,0.,-1.));
#13908=DIRECTION('center_axis',(1.,0.,0.));
#13909=DIRECTION('ref_axis',(0.,1.,0.));
#13910=DIRECTION('',(0.,-1.,0.));
#13911=DIRECTION('center_axis',(0.,0.,-1.));
#13912=DIRECTION('ref_axis',(-1.,0.,0.));
#13913=DIRECTION('center_axis',(0.,-1.,0.));
#13914=DIRECTION('ref_axis',(1.,0.,0.));
#13915=DIRECTION('',(-1.,0.,0.));
#13916=DIRECTION('',(0.,0.,1.));
#13917=DIRECTION('',(-1.,0.,0.));
#13918=DIRECTION('',(0.,0.,-1.));
#13919=DIRECTION('center_axis',(-1.,0.,0.));
#13920=DIRECTION('ref_axis',(0.,-1.,0.));
#13921=DIRECTION('',(0.,1.,0.));
#13922=DIRECTION('',(0.,1.,0.));
#13923=DIRECTION('',(0.,0.,-1.));
#13924=DIRECTION('center_axis',(0.,0.,1.));
#13925=DIRECTION('ref_axis',(1.,0.,0.));
#13926=DIRECTION('',(0.,1.,0.));
#13927=DIRECTION('',(1.,0.,0.));
#13928=DIRECTION('center_axis',(0.,1.,0.));
#13929=DIRECTION('ref_axis',(-1.,0.,0.));
#13930=DIRECTION('',(1.,0.,0.));
#13931=DIRECTION('',(0.,0.,-1.));
#13932=DIRECTION('center_axis',(-1.,0.,0.));
#13933=DIRECTION('ref_axis',(0.,-1.,0.));
#13934=DIRECTION('',(0.,-1.,0.));
#13935=DIRECTION('center_axis',(0.,0.,-1.));
#13936=DIRECTION('ref_axis',(-1.,0.,0.));
#13937=DIRECTION('center_axis',(0.,-1.,0.));
#13938=DIRECTION('ref_axis',(1.,0.,0.));
#13939=DIRECTION('',(-1.,0.,0.));
#13940=DIRECTION('',(0.,0.,1.));
#13941=DIRECTION('',(-1.,0.,0.));
#13942=DIRECTION('',(0.,0.,-1.));
#13943=DIRECTION('center_axis',(0.,0.,1.));
#13944=DIRECTION('ref_axis',(1.,0.,0.));
#13945=DIRECTION('',(0.,1.,0.));
#13946=DIRECTION('',(1.,0.,0.));
#13947=DIRECTION('',(0.,1.,0.));
#13948=DIRECTION('center_axis',(-1.,0.,0.));
#13949=DIRECTION('ref_axis',(0.,-1.,0.));
#13950=DIRECTION('',(0.,-1.,0.));
#13951=DIRECTION('',(0.,0.,-1.));
#13952=DIRECTION('center_axis',(-1.,0.,0.));
#13953=DIRECTION('ref_axis',(0.,-1.,0.));
#13954=DIRECTION('',(0.,1.,0.));
#13955=DIRECTION('',(0.,0.,-1.));
#13956=DIRECTION('center_axis',(0.,1.,0.));
#13957=DIRECTION('ref_axis',(-1.,0.,0.));
#13958=DIRECTION('',(1.,0.,0.));
#13959=DIRECTION('center_axis',(0.,0.,-1.));
#13960=DIRECTION('ref_axis',(-1.,0.,0.));
#13961=DIRECTION('center_axis',(0.,-1.,0.));
#13962=DIRECTION('ref_axis',(1.,0.,0.));
#13963=DIRECTION('',(-1.,0.,0.));
#13964=DIRECTION('',(0.,0.,1.));
#13965=DIRECTION('',(-1.,0.,0.));
#13966=DIRECTION('',(0.,0.,-1.));
#13967=DIRECTION('center_axis',(-1.,0.,0.));
#13968=DIRECTION('ref_axis',(0.,-1.,0.));
#13969=DIRECTION('',(0.,-1.,0.));
#13970=DIRECTION('',(0.,0.,-1.));
#13971=DIRECTION('',(0.,1.,0.));
#13972=DIRECTION('center_axis',(0.,0.,1.));
#13973=DIRECTION('ref_axis',(1.,0.,0.));
#13974=DIRECTION('',(1.,0.,0.));
#13975=DIRECTION('',(0.,1.,0.));
#13976=DIRECTION('center_axis',(-1.,0.,0.));
#13977=DIRECTION('ref_axis',(0.,-1.,0.));
#13978=DIRECTION('',(0.,1.,0.));
#13979=DIRECTION('',(0.,0.,-1.));
#13980=DIRECTION('center_axis',(0.,1.,0.));
#13981=DIRECTION('ref_axis',(-1.,0.,0.));
#13982=DIRECTION('',(1.,0.,0.));
#13983=DIRECTION('center_axis',(0.,0.,-1.));
#13984=DIRECTION('ref_axis',(-1.,0.,0.));
#13985=DIRECTION('center_axis',(0.,-1.,0.));
#13986=DIRECTION('ref_axis',(1.,0.,0.));
#13987=DIRECTION('',(-1.,0.,0.));
#13988=DIRECTION('',(0.,0.,1.));
#13989=DIRECTION('',(-1.,0.,0.));
#13990=DIRECTION('',(0.,0.,-1.));
#13991=DIRECTION('center_axis',(-1.,-8.88178419700125E-17,0.));
#13992=DIRECTION('ref_axis',(8.88178419700125E-17,-1.,0.));
#13993=DIRECTION('',(-8.88178419700125E-17,1.,0.));
#13994=DIRECTION('',(-8.88178419700125E-17,1.,0.));
#13995=DIRECTION('',(0.,0.,-1.));
#13996=DIRECTION('center_axis',(0.,0.,1.));
#13997=DIRECTION('ref_axis',(1.,0.,0.));
#13998=DIRECTION('',(0.,1.,0.));
#13999=DIRECTION('',(1.,0.,0.));
#14000=DIRECTION('center_axis',(0.,1.,0.));
#14001=DIRECTION('ref_axis',(-1.,0.,0.));
#14002=DIRECTION('',(1.,0.,0.));
#14003=DIRECTION('',(0.,0.,-1.));
#14004=DIRECTION('center_axis',(-1.,0.,0.));
#14005=DIRECTION('ref_axis',(0.,-1.,0.));
#14006=DIRECTION('',(0.,-1.,0.));
#14007=DIRECTION('center_axis',(0.,0.,-1.));
#14008=DIRECTION('ref_axis',(-1.,0.,0.));
#14009=DIRECTION('center_axis',(0.,-1.,0.));
#14010=DIRECTION('ref_axis',(1.,0.,0.));
#14011=DIRECTION('',(-1.,0.,0.));
#14012=DIRECTION('',(0.,0.,1.));
#14013=DIRECTION('',(-1.,0.,0.));
#14014=DIRECTION('',(0.,0.,-1.));
#14015=DIRECTION('center_axis',(-1.,0.,0.));
#14016=DIRECTION('ref_axis',(0.,-1.,0.));
#14017=DIRECTION('',(0.,-1.,0.));
#14018=DIRECTION('',(0.,0.,-1.));
#14019=DIRECTION('',(0.,1.,0.));
#14020=DIRECTION('center_axis',(0.,0.,1.));
#14021=DIRECTION('ref_axis',(1.,0.,0.));
#14022=DIRECTION('',(1.,0.,0.));
#14023=DIRECTION('',(0.,1.,0.));
#14024=DIRECTION('center_axis',(-1.,0.,0.));
#14025=DIRECTION('ref_axis',(0.,-1.,0.));
#14026=DIRECTION('',(0.,1.,0.));
#14027=DIRECTION('',(0.,0.,-1.));
#14028=DIRECTION('center_axis',(0.,1.,0.));
#14029=DIRECTION('ref_axis',(-1.,0.,0.));
#14030=DIRECTION('',(1.,0.,0.));
#14031=DIRECTION('center_axis',(0.,0.,-1.));
#14032=DIRECTION('ref_axis',(-1.,0.,0.));
#14033=DIRECTION('center_axis',(0.,-1.,0.));
#14034=DIRECTION('ref_axis',(1.,0.,0.));
#14035=DIRECTION('',(-1.,0.,0.));
#14036=DIRECTION('',(0.,0.,1.));
#14037=DIRECTION('',(-1.,0.,0.));
#14038=DIRECTION('',(0.,0.,-1.));
#14039=DIRECTION('center_axis',(-1.,-8.88178419700125E-17,0.));
#14040=DIRECTION('ref_axis',(8.88178419700125E-17,-1.,0.));
#14041=DIRECTION('',(8.88178419700125E-17,-1.,0.));
#14042=DIRECTION('',(0.,0.,-1.));
#14043=DIRECTION('',(-8.88178419700125E-17,1.,0.));
#14044=DIRECTION('center_axis',(0.,0.,1.));
#14045=DIRECTION('ref_axis',(1.,0.,0.));
#14046=DIRECTION('',(1.,0.,0.));
#14047=DIRECTION('',(0.,1.,0.));
#14048=DIRECTION('center_axis',(-1.,0.,0.));
#14049=DIRECTION('ref_axis',(0.,-1.,0.));
#14050=DIRECTION('',(0.,1.,0.));
#14051=DIRECTION('',(0.,0.,-1.));
#14052=DIRECTION('center_axis',(0.,1.,0.));
#14053=DIRECTION('ref_axis',(-1.,0.,0.));
#14054=DIRECTION('',(1.,0.,0.));
#14055=DIRECTION('center_axis',(0.,0.,-1.));
#14056=DIRECTION('ref_axis',(-1.,0.,0.));
#14057=DIRECTION('center_axis',(0.,-1.,0.));
#14058=DIRECTION('ref_axis',(1.,0.,0.));
#14059=DIRECTION('',(-1.,0.,0.));
#14060=DIRECTION('',(0.,0.,1.));
#14061=DIRECTION('',(-1.,0.,0.));
#14062=DIRECTION('',(0.,0.,-1.));
#14063=DIRECTION('center_axis',(-1.,-8.88178419700125E-17,0.));
#14064=DIRECTION('ref_axis',(8.88178419700125E-17,-1.,0.));
#14065=DIRECTION('',(8.88178419700125E-17,-1.,0.));
#14066=DIRECTION('',(0.,0.,-1.));
#14067=DIRECTION('',(-8.88178419700125E-17,1.,0.));
#14068=DIRECTION('center_axis',(0.,0.,1.));
#14069=DIRECTION('ref_axis',(1.,0.,0.));
#14070=DIRECTION('',(1.,0.,0.));
#14071=DIRECTION('',(-8.88178419700125E-17,1.,0.));
#14072=DIRECTION('center_axis',(-1.,-8.88178419700125E-17,0.));
#14073=DIRECTION('ref_axis',(8.88178419700125E-17,-1.,0.));
#14074=DIRECTION('',(-8.88178419700125E-17,1.,0.));
#14075=DIRECTION('',(0.,0.,-1.));
#14076=DIRECTION('center_axis',(0.,1.,0.));
#14077=DIRECTION('ref_axis',(-1.,0.,0.));
#14078=DIRECTION('',(1.,0.,0.));
#14079=DIRECTION('center_axis',(0.,0.,-1.));
#14080=DIRECTION('ref_axis',(-1.,0.,0.));
#14081=DIRECTION('center_axis',(0.,0.,1.));
#14082=DIRECTION('ref_axis',(1.,0.,0.));
#14083=DIRECTION('',(-1.,0.,0.));
#14084=DIRECTION('',(0.,1.,0.));
#14085=DIRECTION('',(-1.,0.,0.));
#14086=DIRECTION('',(-8.88178419700125E-17,1.,0.));
#14087=DIRECTION('center_axis',(0.,-1.,0.));
#14088=DIRECTION('ref_axis',(1.,0.,0.));
#14089=DIRECTION('',(-1.,0.,0.));
#14090=DIRECTION('',(0.,0.,1.));
#14091=DIRECTION('',(0.,0.,-1.));
#14092=DIRECTION('center_axis',(-1.,0.,0.));
#14093=DIRECTION('ref_axis',(0.,-1.,0.));
#14094=DIRECTION('',(0.,1.,0.));
#14095=DIRECTION('',(0.,0.,-1.));
#14096=DIRECTION('center_axis',(0.,-1.,0.));
#14097=DIRECTION('ref_axis',(1.,0.,0.));
#14098=DIRECTION('',(1.,0.,0.));
#14099=DIRECTION('',(0.,0.,1.));
#14100=DIRECTION('center_axis',(-1.,-8.88178419700125E-17,0.));
#14101=DIRECTION('ref_axis',(8.88178419700125E-17,-1.,0.));
#14102=DIRECTION('',(8.88178419700125E-17,-1.,0.));
#14103=DIRECTION('center_axis',(0.,0.,-1.));
#14104=DIRECTION('ref_axis',(-1.,0.,0.));
#14105=DIRECTION('center_axis',(0.,-1.,0.));
#14106=DIRECTION('ref_axis',(1.,0.,0.));
#14107=DIRECTION('',(-1.,0.,0.));
#14108=DIRECTION('',(0.,0.,1.));
#14109=DIRECTION('',(-1.,0.,0.));
#14110=DIRECTION('',(0.,0.,-1.));
#14111=DIRECTION('center_axis',(0.,0.,1.));
#14112=DIRECTION('ref_axis',(1.,0.,0.));
#14113=DIRECTION('',(-8.88178419700125E-17,1.,0.));
#14114=DIRECTION('',(-1.,0.,0.));
#14115=DIRECTION('',(0.,1.,0.));
#14116=DIRECTION('center_axis',(-1.,-8.88178419700125E-17,0.));
#14117=DIRECTION('ref_axis',(8.88178419700125E-17,-1.,0.));
#14118=DIRECTION('',(8.88178419700125E-17,-1.,0.));
#14119=DIRECTION('',(0.,0.,1.));
#14120=DIRECTION('center_axis',(-1.,0.,0.));
#14121=DIRECTION('ref_axis',(0.,-1.,0.));
#14122=DIRECTION('',(0.,1.,0.));
#14123=DIRECTION('',(0.,0.,-1.));
#14124=DIRECTION('center_axis',(0.,-1.,0.));
#14125=DIRECTION('ref_axis',(1.,0.,0.));
#14126=DIRECTION('',(1.,0.,0.));
#14127=DIRECTION('center_axis',(0.,0.,-1.));
#14128=DIRECTION('ref_axis',(-1.,0.,0.));
#14129=DIRECTION('center_axis',(0.,-1.,0.));
#14130=DIRECTION('ref_axis',(1.,0.,0.));
#14131=DIRECTION('',(-1.,0.,0.));
#14132=DIRECTION('',(0.,0.,1.));
#14133=DIRECTION('',(-1.,0.,0.));
#14134=DIRECTION('',(0.,0.,-1.));
#14135=DIRECTION('center_axis',(-1.,-8.88178419700125E-17,0.));
#14136=DIRECTION('ref_axis',(8.88178419700125E-17,-1.,0.));
#14137=DIRECTION('',(8.88178419700125E-17,-1.,0.));
#14138=DIRECTION('',(0.,0.,1.));
#14139=DIRECTION('',(-8.88178419700125E-17,1.,0.));
#14140=DIRECTION('center_axis',(0.,0.,1.));
#14141=DIRECTION('ref_axis',(1.,0.,0.));
#14142=DIRECTION('',(-1.,0.,0.));
#14143=DIRECTION('',(0.,1.,0.));
#14144=DIRECTION('center_axis',(-1.,0.,0.));
#14145=DIRECTION('ref_axis',(0.,-1.,0.));
#14146=DIRECTION('',(0.,1.,0.));
#14147=DIRECTION('',(0.,0.,-1.));
#14148=DIRECTION('center_axis',(0.,-1.,0.));
#14149=DIRECTION('ref_axis',(1.,0.,0.));
#14150=DIRECTION('',(1.,0.,0.));
#14151=DIRECTION('center_axis',(0.,0.,-1.));
#14152=DIRECTION('ref_axis',(-1.,0.,0.));
#14153=DIRECTION('center_axis',(-1.,0.,0.));
#14154=DIRECTION('ref_axis',(0.,-1.,0.));
#14155=DIRECTION('',(0.,1.,0.));
#14156=DIRECTION('',(0.,0.,-1.));
#14157=DIRECTION('',(0.,1.,0.));
#14158=DIRECTION('',(0.,0.,-1.));
#14159=DIRECTION('center_axis',(0.,0.,1.));
#14160=DIRECTION('ref_axis',(1.,0.,0.));
#14161=DIRECTION('',(-1.,0.,0.));
#14162=DIRECTION('',(-8.88178419700125E-17,1.,0.));
#14163=DIRECTION('',(-1.,0.,0.));
#14164=DIRECTION('center_axis',(0.,-1.,0.));
#14165=DIRECTION('ref_axis',(1.,0.,0.));
#14166=DIRECTION('',(1.,0.,0.));
#14167=DIRECTION('',(0.,0.,1.));
#14168=DIRECTION('center_axis',(-1.,-8.88178419700125E-17,0.));
#14169=DIRECTION('ref_axis',(8.88178419700125E-17,-1.,0.));
#14170=DIRECTION('',(8.88178419700125E-17,-1.,0.));
#14171=DIRECTION('',(0.,0.,1.));
#14172=DIRECTION('center_axis',(0.,-1.,0.));
#14173=DIRECTION('ref_axis',(1.,0.,0.));
#14174=DIRECTION('',(-1.,0.,0.));
#14175=DIRECTION('center_axis',(0.,0.,-1.));
#14176=DIRECTION('ref_axis',(-1.,0.,0.));
#14177=DIRECTION('center_axis',(0.,-1.,0.));
#14178=DIRECTION('ref_axis',(1.,0.,0.));
#14179=DIRECTION('',(-1.,0.,0.));
#14180=DIRECTION('',(0.,0.,1.));
#14181=DIRECTION('',(-1.,0.,0.));
#14182=DIRECTION('',(0.,0.,-1.));
#14183=DIRECTION('center_axis',(0.,0.,1.));
#14184=DIRECTION('ref_axis',(1.,0.,0.));
#14185=DIRECTION('',(-1.,0.,0.));
#14186=DIRECTION('',(0.,1.,0.));
#14187=DIRECTION('',(-8.88178419700125E-17,1.,0.));
#14188=DIRECTION('center_axis',(-1.,0.,0.));
#14189=DIRECTION('ref_axis',(0.,-1.,0.));
#14190=DIRECTION('',(0.,1.,0.));
#14191=DIRECTION('',(0.,0.,-1.));
#14192=DIRECTION('center_axis',(0.,-1.,0.));
#14193=DIRECTION('ref_axis',(1.,0.,0.));
#14194=DIRECTION('',(1.,0.,0.));
#14195=DIRECTION('',(0.,0.,1.));
#14196=DIRECTION('center_axis',(-1.,-8.88178419700125E-17,0.));
#14197=DIRECTION('ref_axis',(8.88178419700125E-17,-1.,0.));
#14198=DIRECTION('',(8.88178419700125E-17,-1.,0.));
#14199=DIRECTION('center_axis',(0.,0.,-1.));
#14200=DIRECTION('ref_axis',(-1.,0.,0.));
#14201=DIRECTION('center_axis',(0.,-1.,0.));
#14202=DIRECTION('ref_axis',(1.,0.,0.));
#14203=DIRECTION('',(-1.,0.,0.));
#14204=DIRECTION('',(0.,0.,1.));
#14205=DIRECTION('',(-1.,0.,0.));
#14206=DIRECTION('',(0.,0.,-1.));
#14207=DIRECTION('center_axis',(-1.,0.,0.));
#14208=DIRECTION('ref_axis',(0.,-1.,0.));
#14209=DIRECTION('',(0.,1.,0.));
#14210=DIRECTION('',(0.,1.,0.));
#14211=DIRECTION('',(0.,0.,-1.));
#14212=DIRECTION('center_axis',(0.,0.,1.));
#14213=DIRECTION('ref_axis',(1.,0.,0.));
#14214=DIRECTION('',(-1.,0.,0.));
#14215=DIRECTION('',(-8.88178419700125E-17,1.,0.));
#14216=DIRECTION('center_axis',(0.,-1.,0.));
#14217=DIRECTION('ref_axis',(1.,0.,0.));
#14218=DIRECTION('',(1.,0.,0.));
#14219=DIRECTION('',(0.,0.,1.));
#14220=DIRECTION('center_axis',(-1.,-8.88178419700125E-17,0.));
#14221=DIRECTION('ref_axis',(8.88178419700125E-17,-1.,0.));
#14222=DIRECTION('',(8.88178419700125E-17,-1.,0.));
#14223=DIRECTION('center_axis',(0.,0.,-1.));
#14224=DIRECTION('ref_axis',(-1.,0.,0.));
#14225=DIRECTION('center_axis',(0.,-1.,0.));
#14226=DIRECTION('ref_axis',(1.,0.,0.));
#14227=DIRECTION('',(-1.,0.,0.));
#14228=DIRECTION('',(0.,0.,1.));
#14229=DIRECTION('',(-1.,0.,0.));
#14230=DIRECTION('',(0.,0.,-1.));
#14231=DIRECTION('center_axis',(-1.,0.,0.));
#14232=DIRECTION('ref_axis',(0.,-1.,0.));
#14233=DIRECTION('',(0.,1.,0.));
#14234=DIRECTION('',(0.,1.,0.));
#14235=DIRECTION('',(0.,0.,-1.));
#14236=DIRECTION('center_axis',(0.,0.,1.));
#14237=DIRECTION('ref_axis',(1.,0.,0.));
#14238=DIRECTION('',(-1.,0.,0.));
#14239=DIRECTION('',(-8.88178419700125E-17,1.,0.));
#14240=DIRECTION('center_axis',(0.,-1.,0.));
#14241=DIRECTION('ref_axis',(1.,0.,0.));
#14242=DIRECTION('',(1.,0.,0.));
#14243=DIRECTION('',(0.,0.,1.));
#14244=DIRECTION('center_axis',(-1.,-8.88178419700125E-17,0.));
#14245=DIRECTION('ref_axis',(8.88178419700125E-17,-1.,0.));
#14246=DIRECTION('',(8.88178419700125E-17,-1.,0.));
#14247=DIRECTION('center_axis',(0.,0.,-1.));
#14248=DIRECTION('ref_axis',(-1.,0.,0.));
#14249=DIRECTION('center_axis',(0.,0.,1.));
#14250=DIRECTION('ref_axis',(1.,0.,0.));
#14251=DIRECTION('',(-1.,0.,0.));
#14252=DIRECTION('',(-8.88178419700125E-17,1.,0.));
#14253=DIRECTION('',(-1.,0.,0.));
#14254=DIRECTION('',(-8.88178419700125E-17,1.,0.));
#14255=DIRECTION('center_axis',(0.,-1.,0.));
#14256=DIRECTION('ref_axis',(1.,0.,0.));
#14257=DIRECTION('',(-1.,0.,0.));
#14258=DIRECTION('',(0.,0.,1.));
#14259=DIRECTION('',(0.,0.,1.));
#14260=DIRECTION('center_axis',(-1.,-8.88178419700125E-17,0.));
#14261=DIRECTION('ref_axis',(8.88178419700125E-17,-1.,0.));
#14262=DIRECTION('',(-8.88178419700125E-17,1.,0.));
#14263=DIRECTION('',(0.,0.,-1.));
#14264=DIRECTION('center_axis',(0.,-1.,0.));
#14265=DIRECTION('ref_axis',(1.,0.,0.));
#14266=DIRECTION('',(1.,0.,0.));
#14267=DIRECTION('',(0.,0.,1.));
#14268=DIRECTION('center_axis',(-1.,-8.88178419700125E-17,0.));
#14269=DIRECTION('ref_axis',(8.88178419700125E-17,-1.,0.));
#14270=DIRECTION('',(8.88178419700125E-17,-1.,0.));
#14271=DIRECTION('center_axis',(0.,0.,-1.));
#14272=DIRECTION('ref_axis',(-1.,0.,0.));
#14273=DIRECTION('center_axis',(0.,-1.,0.));
#14274=DIRECTION('ref_axis',(1.,0.,0.));
#14275=DIRECTION('',(-1.,0.,0.));
#14276=DIRECTION('',(0.,0.,1.));
#14277=DIRECTION('',(-1.,0.,0.));
#14278=DIRECTION('',(0.,0.,-1.));
#14279=DIRECTION('center_axis',(0.,0.,1.));
#14280=DIRECTION('ref_axis',(1.,0.,0.));
#14281=DIRECTION('',(-8.88178419700125E-17,1.,0.));
#14282=DIRECTION('',(-1.,0.,0.));
#14283=DIRECTION('',(-8.88178419700125E-17,1.,0.));
#14284=DIRECTION('center_axis',(-1.,-8.88178419700125E-17,0.));
#14285=DIRECTION('ref_axis',(8.88178419700125E-17,-1.,0.));
#14286=DIRECTION('',(8.88178419700125E-17,-1.,0.));
#14287=DIRECTION('',(0.,0.,1.));
#14288=DIRECTION('center_axis',(-1.,-8.88178419700125E-17,0.));
#14289=DIRECTION('ref_axis',(8.88178419700125E-17,-1.,0.));
#14290=DIRECTION('',(-8.88178419700125E-17,1.,0.));
#14291=DIRECTION('',(0.,0.,-1.));
#14292=DIRECTION('center_axis',(0.,-1.,0.));
#14293=DIRECTION('ref_axis',(1.,0.,0.));
#14294=DIRECTION('',(1.,0.,0.));
#14295=DIRECTION('center_axis',(0.,0.,-1.));
#14296=DIRECTION('ref_axis',(-1.,0.,0.));
#14297=DIRECTION('center_axis',(0.,-1.,0.));
#14298=DIRECTION('ref_axis',(1.,0.,0.));
#14299=DIRECTION('',(-1.,0.,0.));
#14300=DIRECTION('',(0.,0.,1.));
#14301=DIRECTION('',(-1.,0.,0.));
#14302=DIRECTION('',(0.,0.,-1.));
#14303=DIRECTION('center_axis',(-1.,-8.88178419700125E-17,0.));
#14304=DIRECTION('ref_axis',(8.88178419700125E-17,-1.,0.));
#14305=DIRECTION('',(8.88178419700125E-17,-1.,0.));
#14306=DIRECTION('',(0.,0.,1.));
#14307=DIRECTION('',(-8.88178419700125E-17,1.,0.));
#14308=DIRECTION('center_axis',(0.,0.,1.));
#14309=DIRECTION('ref_axis',(1.,0.,0.));
#14310=DIRECTION('',(-1.,0.,0.));
#14311=DIRECTION('',(-8.88178419700125E-17,1.,0.));
#14312=DIRECTION('center_axis',(-1.,-8.88178419700125E-17,0.));
#14313=DIRECTION('ref_axis',(8.88178419700125E-17,-1.,0.));
#14314=DIRECTION('',(-8.88178419700125E-17,1.,0.));
#14315=DIRECTION('',(0.,0.,-1.));
#14316=DIRECTION('center_axis',(0.,-1.,0.));
#14317=DIRECTION('ref_axis',(1.,0.,0.));
#14318=DIRECTION('',(1.,0.,0.));
#14319=DIRECTION('center_axis',(0.,0.,-1.));
#14320=DIRECTION('ref_axis',(-1.,0.,0.));
#14321=DIRECTION('center_axis',(-1.,-8.88178419700125E-17,0.));
#14322=DIRECTION('ref_axis',(8.88178419700125E-17,-1.,0.));
#14323=DIRECTION('',(-8.88178419700125E-17,1.,0.));
#14324=DIRECTION('',(0.,0.,-1.));
#14325=DIRECTION('',(-8.88178419700125E-17,1.,0.));
#14326=DIRECTION('',(0.,0.,-1.));
#14327=DIRECTION('center_axis',(0.,0.,1.));
#14328=DIRECTION('ref_axis',(1.,0.,0.));
#14329=DIRECTION('',(-1.,0.,0.));
#14330=DIRECTION('',(-8.88178419700125E-17,1.,0.));
#14331=DIRECTION('',(-1.,0.,0.));
#14332=DIRECTION('center_axis',(0.,-1.,0.));
#14333=DIRECTION('ref_axis',(1.,0.,0.));
#14334=DIRECTION('',(1.,0.,0.));
#14335=DIRECTION('',(0.,0.,1.));
#14336=DIRECTION('center_axis',(-1.,-8.88178419700125E-17,0.));
#14337=DIRECTION('ref_axis',(8.88178419700125E-17,-1.,0.));
#14338=DIRECTION('',(8.88178419700125E-17,-1.,0.));
#14339=DIRECTION('',(0.,0.,1.));
#14340=DIRECTION('center_axis',(0.,-1.,0.));
#14341=DIRECTION('ref_axis',(1.,0.,0.));
#14342=DIRECTION('',(-1.,0.,0.));
#14343=DIRECTION('center_axis',(0.,0.,-1.));
#14344=DIRECTION('ref_axis',(-1.,0.,0.));
#14345=DIRECTION('center_axis',(0.,-1.,0.));
#14346=DIRECTION('ref_axis',(1.,0.,0.));
#14347=DIRECTION('',(-1.,0.,0.));
#14348=DIRECTION('',(0.,0.,1.));
#14349=DIRECTION('',(-1.,0.,0.));
#14350=DIRECTION('',(0.,0.,-1.));
#14351=DIRECTION('center_axis',(0.,0.,1.));
#14352=DIRECTION('ref_axis',(1.,0.,0.));
#14353=DIRECTION('',(-1.,0.,0.));
#14354=DIRECTION('',(-8.88178419700125E-17,1.,0.));
#14355=DIRECTION('',(-8.88178419700125E-17,1.,0.));
#14356=DIRECTION('center_axis',(-1.,-8.88178419700125E-17,0.));
#14357=DIRECTION('ref_axis',(8.88178419700125E-17,-1.,0.));
#14358=DIRECTION('',(-8.88178419700125E-17,1.,0.));
#14359=DIRECTION('',(0.,0.,-1.));
#14360=DIRECTION('center_axis',(0.,-1.,0.));
#14361=DIRECTION('ref_axis',(1.,0.,0.));
#14362=DIRECTION('',(1.,0.,0.));
#14363=DIRECTION('',(0.,0.,1.));
#14364=DIRECTION('center_axis',(-1.,-8.88178419700125E-17,0.));
#14365=DIRECTION('ref_axis',(8.88178419700125E-17,-1.,0.));
#14366=DIRECTION('',(8.88178419700125E-17,-1.,0.));
#14367=DIRECTION('center_axis',(0.,0.,-1.));
#14368=DIRECTION('ref_axis',(-1.,0.,0.));
#14369=DIRECTION('center_axis',(0.,-1.,0.));
#14370=DIRECTION('ref_axis',(1.,0.,0.));
#14371=DIRECTION('',(-1.,0.,0.));
#14372=DIRECTION('',(0.,0.,1.));
#14373=DIRECTION('',(-1.,0.,0.));
#14374=DIRECTION('',(0.,0.,-1.));
#14375=DIRECTION('center_axis',(-1.,-8.88178419700125E-17,0.));
#14376=DIRECTION('ref_axis',(8.88178419700125E-17,-1.,0.));
#14377=DIRECTION('',(-8.88178419700125E-17,1.,0.));
#14378=DIRECTION('',(-8.88178419700125E-17,1.,0.));
#14379=DIRECTION('',(0.,0.,-1.));
#14380=DIRECTION('center_axis',(0.,0.,1.));
#14381=DIRECTION('ref_axis',(1.,0.,0.));
#14382=DIRECTION('',(-1.,0.,0.));
#14383=DIRECTION('',(-8.88178419700125E-17,1.,0.));
#14384=DIRECTION('center_axis',(0.,-1.,0.));
#14385=DIRECTION('ref_axis',(1.,0.,0.));
#14386=DIRECTION('',(1.,0.,0.));
#14387=DIRECTION('',(0.,0.,1.));
#14388=DIRECTION('center_axis',(-1.,-8.88178419700125E-17,0.));
#14389=DIRECTION('ref_axis',(8.88178419700125E-17,-1.,0.));
#14390=DIRECTION('',(8.88178419700125E-17,-1.,0.));
#14391=DIRECTION('center_axis',(0.,0.,-1.));
#14392=DIRECTION('ref_axis',(-1.,0.,0.));
#14393=DIRECTION('center_axis',(0.,-1.,0.));
#14394=DIRECTION('ref_axis',(1.,0.,0.));
#14395=DIRECTION('',(-1.,0.,0.));
#14396=DIRECTION('',(0.,0.,1.));
#14397=DIRECTION('',(-1.,0.,0.));
#14398=DIRECTION('',(0.,0.,-1.));
#14399=DIRECTION('center_axis',(-1.,-8.88178419700125E-17,0.));
#14400=DIRECTION('ref_axis',(8.88178419700125E-17,-1.,0.));
#14401=DIRECTION('',(-8.88178419700125E-17,1.,0.));
#14402=DIRECTION('',(-8.88178419700125E-17,1.,0.));
#14403=DIRECTION('',(0.,0.,-1.));
#14404=DIRECTION('center_axis',(0.,0.,1.));
#14405=DIRECTION('ref_axis',(1.,0.,0.));
#14406=DIRECTION('',(-1.,0.,0.));
#14407=DIRECTION('',(-8.88178419700125E-17,1.,0.));
#14408=DIRECTION('center_axis',(0.,-1.,0.));
#14409=DIRECTION('ref_axis',(1.,0.,0.));
#14410=DIRECTION('',(1.,0.,0.));
#14411=DIRECTION('',(0.,0.,1.));
#14412=DIRECTION('center_axis',(-1.,-8.88178419700125E-17,0.));
#14413=DIRECTION('ref_axis',(8.88178419700125E-17,-1.,0.));
#14414=DIRECTION('',(8.88178419700125E-17,-1.,0.));
#14415=DIRECTION('center_axis',(0.,0.,-1.));
#14416=DIRECTION('ref_axis',(-1.,0.,0.));
#14417=DIRECTION('center_axis',(-1.,-8.88178419700125E-17,0.));
#14418=DIRECTION('ref_axis',(8.88178419700125E-17,-1.,0.));
#14419=DIRECTION('',(-8.88178419700125E-17,1.,0.));
#14420=DIRECTION('',(0.,0.,-1.));
#14421=DIRECTION('',(-8.88178419700125E-17,1.,0.));
#14422=DIRECTION('',(0.,0.,-1.));
#14423=DIRECTION('center_axis',(0.,0.,1.));
#14424=DIRECTION('ref_axis',(1.,0.,0.));
#14425=DIRECTION('',(-1.,0.,0.));
#14426=DIRECTION('',(0.,1.,0.));
#14427=DIRECTION('',(-1.,0.,0.));
#14428=DIRECTION('center_axis',(0.,-1.,0.));
#14429=DIRECTION('ref_axis',(1.,0.,0.));
#14430=DIRECTION('',(1.,0.,0.));
#14431=DIRECTION('',(0.,0.,1.));
#14432=DIRECTION('center_axis',(-1.,0.,0.));
#14433=DIRECTION('ref_axis',(0.,-1.,0.));
#14434=DIRECTION('',(0.,-1.,0.));
#14435=DIRECTION('',(0.,0.,1.));
#14436=DIRECTION('center_axis',(0.,-1.,0.));
#14437=DIRECTION('ref_axis',(1.,0.,0.));
#14438=DIRECTION('',(-1.,0.,0.));
#14439=DIRECTION('center_axis',(0.,0.,-1.));
#14440=DIRECTION('ref_axis',(-1.,0.,0.));
#14441=DIRECTION('center_axis',(0.,-1.,0.));
#14442=DIRECTION('ref_axis',(1.,0.,0.));
#14443=DIRECTION('',(-1.,0.,0.));
#14444=DIRECTION('',(0.,0.,1.));
#14445=DIRECTION('',(-1.,0.,0.));
#14446=DIRECTION('',(0.,0.,-1.));
#14447=DIRECTION('center_axis',(0.,0.,1.));
#14448=DIRECTION('ref_axis',(1.,0.,0.));
#14449=DIRECTION('',(0.,1.,0.));
#14450=DIRECTION('',(-1.,0.,0.));
#14451=DIRECTION('',(-8.88178419700125E-17,1.,0.));
#14452=DIRECTION('center_axis',(-1.,0.,0.));
#14453=DIRECTION('ref_axis',(0.,-1.,0.));
#14454=DIRECTION('',(0.,-1.,0.));
#14455=DIRECTION('',(0.,0.,1.));
#14456=DIRECTION('center_axis',(-1.,-8.88178419700125E-17,0.));
#14457=DIRECTION('ref_axis',(8.88178419700125E-17,-1.,0.));
#14458=DIRECTION('',(-8.88178419700125E-17,1.,0.));
#14459=DIRECTION('',(0.,0.,-1.));
#14460=DIRECTION('center_axis',(0.,-1.,0.));
#14461=DIRECTION('ref_axis',(1.,0.,0.));
#14462=DIRECTION('',(1.,0.,0.));
#14463=DIRECTION('center_axis',(0.,0.,-1.));
#14464=DIRECTION('ref_axis',(-1.,0.,0.));
#14465=DIRECTION('center_axis',(0.,-1.,0.));
#14466=DIRECTION('ref_axis',(1.,0.,0.));
#14467=DIRECTION('',(-1.,0.,0.));
#14468=DIRECTION('',(0.,0.,1.));
#14469=DIRECTION('',(-1.,0.,0.));
#14470=DIRECTION('',(0.,0.,-1.));
#14471=DIRECTION('center_axis',(0.,0.,1.));
#14472=DIRECTION('ref_axis',(1.,0.,0.));
#14473=DIRECTION('',(-1.,0.,0.));
#14474=DIRECTION('',(-8.88178419700125E-17,1.,0.));
#14475=DIRECTION('',(0.,1.,0.));
#14476=DIRECTION('center_axis',(-1.,-8.88178419700125E-17,0.));
#14477=DIRECTION('ref_axis',(8.88178419700125E-17,-1.,0.));
#14478=DIRECTION('',(-8.88178419700125E-17,1.,0.));
#14479=DIRECTION('',(0.,0.,-1.));
#14480=DIRECTION('center_axis',(0.,-1.,0.));
#14481=DIRECTION('ref_axis',(1.,0.,0.));
#14482=DIRECTION('',(1.,0.,0.));
#14483=DIRECTION('',(0.,0.,1.));
#14484=DIRECTION('center_axis',(-1.,0.,0.));
#14485=DIRECTION('ref_axis',(0.,-1.,0.));
#14486=DIRECTION('',(0.,-1.,0.));
#14487=DIRECTION('center_axis',(0.,0.,-1.));
#14488=DIRECTION('ref_axis',(-1.,0.,0.));
#14489=DIRECTION('center_axis',(-1.,-8.88178419700125E-17,0.));
#14490=DIRECTION('ref_axis',(8.88178419700125E-17,-1.,0.));
#14491=DIRECTION('',(-8.88178419700125E-17,1.,0.));
#14492=DIRECTION('',(0.,0.,-1.));
#14493=DIRECTION('',(-8.88178419700125E-17,1.,0.));
#14494=DIRECTION('',(0.,0.,-1.));
#14495=DIRECTION('center_axis',(0.,0.,1.));
#14496=DIRECTION('ref_axis',(1.,0.,0.));
#14497=DIRECTION('',(-1.,0.,0.));
#14498=DIRECTION('',(0.,1.,0.));
#14499=DIRECTION('',(-1.,0.,0.));
#14500=DIRECTION('center_axis',(0.,-1.,0.));
#14501=DIRECTION('ref_axis',(1.,0.,0.));
#14502=DIRECTION('',(1.,0.,0.));
#14503=DIRECTION('',(0.,0.,1.));
#14504=DIRECTION('center_axis',(-1.,0.,0.));
#14505=DIRECTION('ref_axis',(0.,-1.,0.));
#14506=DIRECTION('',(0.,-1.,0.));
#14507=DIRECTION('',(0.,0.,1.));
#14508=DIRECTION('center_axis',(0.,-1.,0.));
#14509=DIRECTION('ref_axis',(1.,0.,0.));
#14510=DIRECTION('',(-1.,0.,0.));
#14511=DIRECTION('center_axis',(0.,0.,-1.));
#14512=DIRECTION('ref_axis',(-1.,0.,0.));
#14513=DIRECTION('center_axis',(0.,-1.,0.));
#14514=DIRECTION('ref_axis',(1.,0.,0.));
#14515=DIRECTION('',(-1.,0.,0.));
#14516=DIRECTION('',(0.,0.,1.));
#14517=DIRECTION('',(-1.,0.,0.));
#14518=DIRECTION('',(0.,0.,1.));
#14519=DIRECTION('center_axis',(-1.,-8.88178419700125E-17,0.));
#14520=DIRECTION('ref_axis',(8.88178419700125E-17,-1.,0.));
#14521=DIRECTION('',(-8.88178419700125E-17,1.,0.));
#14522=DIRECTION('',(-8.88178419700125E-17,1.,0.));
#14523=DIRECTION('',(0.,0.,-1.));
#14524=DIRECTION('center_axis',(0.,0.,1.));
#14525=DIRECTION('ref_axis',(1.,0.,0.));
#14526=DIRECTION('',(-1.,0.,0.));
#14527=DIRECTION('',(0.,1.,0.));
#14528=DIRECTION('center_axis',(0.,-1.,0.));
#14529=DIRECTION('ref_axis',(1.,0.,0.));
#14530=DIRECTION('',(1.,0.,0.));
#14531=DIRECTION('',(0.,0.,1.));
#14532=DIRECTION('center_axis',(-1.,0.,0.));
#14533=DIRECTION('ref_axis',(0.,-1.,0.));
#14534=DIRECTION('',(0.,-1.,0.));
#14535=DIRECTION('center_axis',(0.,0.,-1.));
#14536=DIRECTION('ref_axis',(-1.,0.,0.));
#14537=DIRECTION('center_axis',(0.,-1.,0.));
#14538=DIRECTION('ref_axis',(1.,0.,0.));
#14539=DIRECTION('',(-1.,0.,0.));
#14540=DIRECTION('',(0.,0.,1.));
#14541=DIRECTION('',(-1.,0.,0.));
#14542=DIRECTION('',(0.,0.,-1.));
#14543=DIRECTION('center_axis',(0.,0.,1.));
#14544=DIRECTION('ref_axis',(1.,0.,0.));
#14545=DIRECTION('',(-1.,0.,0.));
#14546=DIRECTION('',(-8.88178419700125E-17,1.,0.));
#14547=DIRECTION('',(0.,1.,0.));
#14548=DIRECTION('center_axis',(-1.,-8.88178419700125E-17,0.));
#14549=DIRECTION('ref_axis',(8.88178419700125E-17,-1.,0.));
#14550=DIRECTION('',(-8.88178419700125E-17,1.,0.));
#14551=DIRECTION('',(0.,0.,-1.));
#14552=DIRECTION('center_axis',(0.,-1.,0.));
#14553=DIRECTION('ref_axis',(1.,0.,0.));
#14554=DIRECTION('',(1.,0.,0.));
#14555=DIRECTION('',(0.,0.,1.));
#14556=DIRECTION('center_axis',(-1.,0.,0.));
#14557=DIRECTION('ref_axis',(0.,-1.,0.));
#14558=DIRECTION('',(0.,-1.,0.));
#14559=DIRECTION('center_axis',(0.,0.,-1.));
#14560=DIRECTION('ref_axis',(-1.,0.,0.));
#14561=DIRECTION('center_axis',(0.,-1.,0.));
#14562=DIRECTION('ref_axis',(1.,0.,0.));
#14563=DIRECTION('',(-1.,0.,0.));
#14564=DIRECTION('',(0.,0.,1.));
#14565=DIRECTION('',(-1.,0.,0.));
#14566=DIRECTION('',(0.,0.,-1.));
#14567=DIRECTION('center_axis',(-1.,-8.88178419700125E-17,0.));
#14568=DIRECTION('ref_axis',(8.88178419700125E-17,-1.,0.));
#14569=DIRECTION('',(-8.88178419700125E-17,1.,0.));
#14570=DIRECTION('',(-8.88178419700125E-17,1.,0.));
#14571=DIRECTION('',(0.,0.,-1.));
#14572=DIRECTION('center_axis',(0.,0.,1.));
#14573=DIRECTION('ref_axis',(1.,0.,0.));
#14574=DIRECTION('',(-1.,0.,0.));
#14575=DIRECTION('',(0.,1.,0.));
#14576=DIRECTION('center_axis',(0.,-1.,0.));
#14577=DIRECTION('ref_axis',(1.,0.,0.));
#14578=DIRECTION('',(1.,0.,0.));
#14579=DIRECTION('',(0.,0.,1.));
#14580=DIRECTION('center_axis',(-1.,0.,0.));
#14581=DIRECTION('ref_axis',(0.,-1.,0.));
#14582=DIRECTION('',(0.,-1.,0.));
#14583=DIRECTION('center_axis',(0.,0.,-1.));
#14584=DIRECTION('ref_axis',(-1.,0.,0.));
#14585=DIRECTION('center_axis',(0.,-1.,0.));
#14586=DIRECTION('ref_axis',(1.,0.,0.));
#14587=DIRECTION('',(-1.,0.,0.));
#14588=DIRECTION('',(0.,0.,1.));
#14589=DIRECTION('',(-1.,0.,0.));
#14590=DIRECTION('',(0.,0.,1.));
#14591=DIRECTION('center_axis',(-1.,0.,0.));
#14592=DIRECTION('ref_axis',(0.,-1.,0.));
#14593=DIRECTION('',(0.,1.,0.));
#14594=DIRECTION('',(0.,1.,0.));
#14595=DIRECTION('',(0.,0.,-1.));
#14596=DIRECTION('center_axis',(0.,0.,1.));
#14597=DIRECTION('ref_axis',(1.,0.,0.));
#14598=DIRECTION('',(-1.,0.,0.));
#14599=DIRECTION('',(0.,-1.,0.));
#14600=DIRECTION('center_axis',(0.,-1.,0.));
#14601=DIRECTION('ref_axis',(1.,0.,0.));
#14602=DIRECTION('',(1.,0.,0.));
#14603=DIRECTION('',(0.,0.,1.));
#14604=DIRECTION('center_axis',(1.,0.,0.));
#14605=DIRECTION('ref_axis',(0.,1.,0.));
#14606=DIRECTION('',(0.,-1.,0.));
#14607=DIRECTION('center_axis',(0.,0.,-1.));
#14608=DIRECTION('ref_axis',(-1.,0.,0.));
#14609=DIRECTION('center_axis',(0.,-1.,0.));
#14610=DIRECTION('ref_axis',(1.,0.,0.));
#14611=DIRECTION('',(-1.,0.,0.));
#14612=DIRECTION('',(0.,0.,1.));
#14613=DIRECTION('',(-1.,0.,0.));
#14614=DIRECTION('',(0.,0.,-1.));
#14615=DIRECTION('center_axis',(0.,0.,1.));
#14616=DIRECTION('ref_axis',(1.,0.,0.));
#14617=DIRECTION('',(0.,-1.,0.));
#14618=DIRECTION('',(-1.,0.,0.));
#14619=DIRECTION('',(0.,1.,0.));
#14620=DIRECTION('center_axis',(1.,0.,0.));
#14621=DIRECTION('ref_axis',(0.,1.,0.));
#14622=DIRECTION('',(0.,-1.,0.));
#14623=DIRECTION('',(0.,0.,1.));
#14624=DIRECTION('center_axis',(-1.,0.,0.));
#14625=DIRECTION('ref_axis',(0.,-1.,0.));
#14626=DIRECTION('',(0.,1.,0.));
#14627=DIRECTION('',(0.,0.,-1.));
#14628=DIRECTION('center_axis',(0.,-1.,0.));
#14629=DIRECTION('ref_axis',(1.,0.,0.));
#14630=DIRECTION('',(1.,0.,0.));
#14631=DIRECTION('center_axis',(0.,0.,-1.));
#14632=DIRECTION('ref_axis',(-1.,0.,0.));
#14633=DIRECTION('center_axis',(-1.,0.,0.));
#14634=DIRECTION('ref_axis',(0.,-1.,0.));
#14635=DIRECTION('',(0.,1.,0.));
#14636=DIRECTION('',(0.,0.,-1.));
#14637=DIRECTION('',(0.,1.,0.));
#14638=DIRECTION('',(0.,0.,-1.));
#14639=DIRECTION('center_axis',(0.,-1.,0.));
#14640=DIRECTION('ref_axis',(1.,0.,0.));
#14641=DIRECTION('',(1.,0.,0.));
#14642=DIRECTION('',(-1.,0.,0.));
#14643=DIRECTION('',(0.,0.,1.));
#14644=DIRECTION('center_axis',(0.,0.,1.));
#14645=DIRECTION('ref_axis',(1.,0.,0.));
#14646=DIRECTION('',(-1.,0.,0.));
#14647=DIRECTION('',(0.,-1.,0.));
#14648=DIRECTION('center_axis',(1.,0.,0.));
#14649=DIRECTION('ref_axis',(0.,1.,0.));
#14650=DIRECTION('',(0.,-1.,0.));
#14651=DIRECTION('',(0.,0.,1.));
#14652=DIRECTION('center_axis',(0.,-1.,0.));
#14653=DIRECTION('ref_axis',(1.,0.,0.));
#14654=DIRECTION('',(-1.,0.,0.));
#14655=DIRECTION('center_axis',(0.,0.,-1.));
#14656=DIRECTION('ref_axis',(-1.,0.,0.));
#14657=DIRECTION('center_axis',(-1.,0.,0.));
#14658=DIRECTION('ref_axis',(0.,-1.,0.));
#14659=DIRECTION('',(0.,1.,0.));
#14660=DIRECTION('',(0.,0.,-1.));
#14661=DIRECTION('',(0.,1.,0.));
#14662=DIRECTION('',(0.,0.,-1.));
#14663=DIRECTION('center_axis',(0.,0.,1.));
#14664=DIRECTION('ref_axis',(1.,0.,0.));
#14665=DIRECTION('',(-1.,0.,0.));
#14666=DIRECTION('',(0.,-1.,0.));
#14667=DIRECTION('',(-1.,0.,0.));
#14668=DIRECTION('center_axis',(0.,-1.,0.));
#14669=DIRECTION('ref_axis',(1.,0.,0.));
#14670=DIRECTION('',(1.,0.,0.));
#14671=DIRECTION('',(0.,0.,1.));
#14672=DIRECTION('center_axis',(1.,0.,0.));
#14673=DIRECTION('ref_axis',(0.,1.,0.));
#14674=DIRECTION('',(0.,-1.,0.));
#14675=DIRECTION('',(0.,0.,1.));
#14676=DIRECTION('center_axis',(0.,-1.,0.));
#14677=DIRECTION('ref_axis',(1.,0.,0.));
#14678=DIRECTION('',(-1.,0.,0.));
#14679=DIRECTION('center_axis',(0.,0.,-1.));
#14680=DIRECTION('ref_axis',(-1.,0.,0.));
#14681=DIRECTION('center_axis',(0.,-1.,0.));
#14682=DIRECTION('ref_axis',(1.,0.,0.));
#14683=DIRECTION('',(-1.,0.,0.));
#14684=DIRECTION('',(0.,0.,1.));
#14685=DIRECTION('',(-1.,0.,0.));
#14686=DIRECTION('',(0.,0.,-1.));
#14687=DIRECTION('center_axis',(0.,0.,1.));
#14688=DIRECTION('ref_axis',(1.,0.,0.));
#14689=DIRECTION('',(-1.,0.,0.));
#14690=DIRECTION('',(0.,1.,0.));
#14691=DIRECTION('',(0.,-1.,0.));
#14692=DIRECTION('center_axis',(-1.,0.,0.));
#14693=DIRECTION('ref_axis',(0.,-1.,0.));
#14694=DIRECTION('',(0.,1.,0.));
#14695=DIRECTION('',(0.,0.,-1.));
#14696=DIRECTION('center_axis',(0.,-1.,0.));
#14697=DIRECTION('ref_axis',(1.,0.,0.));
#14698=DIRECTION('',(1.,0.,0.));
#14699=DIRECTION('',(0.,0.,1.));
#14700=DIRECTION('center_axis',(1.,0.,0.));
#14701=DIRECTION('ref_axis',(0.,1.,0.));
#14702=DIRECTION('',(0.,-1.,0.));
#14703=DIRECTION('center_axis',(0.,0.,-1.));
#14704=DIRECTION('ref_axis',(-1.,0.,0.));
#14705=DIRECTION('center_axis',(0.,-1.,0.));
#14706=DIRECTION('ref_axis',(1.,0.,0.));
#14707=DIRECTION('',(-1.,0.,0.));
#14708=DIRECTION('',(0.,0.,1.));
#14709=DIRECTION('',(-1.,0.,0.));
#14710=DIRECTION('',(0.,0.,-1.));
#14711=DIRECTION('center_axis',(-1.,0.,0.));
#14712=DIRECTION('ref_axis',(0.,-1.,0.));
#14713=DIRECTION('',(0.,1.,0.));
#14714=DIRECTION('',(0.,1.,0.));
#14715=DIRECTION('',(0.,0.,-1.));
#14716=DIRECTION('center_axis',(0.,0.,1.));
#14717=DIRECTION('ref_axis',(1.,0.,0.));
#14718=DIRECTION('',(-1.,0.,0.));
#14719=DIRECTION('',(0.,-1.,0.));
#14720=DIRECTION('center_axis',(0.,-1.,0.));
#14721=DIRECTION('ref_axis',(1.,0.,0.));
#14722=DIRECTION('',(1.,0.,0.));
#14723=DIRECTION('',(0.,0.,1.));
#14724=DIRECTION('center_axis',(1.,0.,0.));
#14725=DIRECTION('ref_axis',(0.,1.,0.));
#14726=DIRECTION('',(0.,-1.,0.));
#14727=DIRECTION('center_axis',(0.,0.,-1.));
#14728=DIRECTION('ref_axis',(-1.,0.,0.));
#14729=DIRECTION('center_axis',(0.,-1.,0.));
#14730=DIRECTION('ref_axis',(1.,0.,0.));
#14731=DIRECTION('',(-1.,0.,0.));
#14732=DIRECTION('',(0.,0.,1.));
#14733=DIRECTION('',(-1.,0.,0.));
#14734=DIRECTION('',(0.,0.,-1.));
#14735=DIRECTION('center_axis',(-1.,0.,0.));
#14736=DIRECTION('ref_axis',(0.,-1.,0.));
#14737=DIRECTION('',(0.,1.,0.));
#14738=DIRECTION('',(0.,1.,0.));
#14739=DIRECTION('',(0.,0.,-1.));
#14740=DIRECTION('center_axis',(0.,0.,1.));
#14741=DIRECTION('ref_axis',(1.,0.,0.));
#14742=DIRECTION('',(-1.,0.,0.));
#14743=DIRECTION('',(0.,-1.,0.));
#14744=DIRECTION('center_axis',(0.,-1.,0.));
#14745=DIRECTION('ref_axis',(1.,0.,0.));
#14746=DIRECTION('',(1.,0.,0.));
#14747=DIRECTION('',(0.,0.,1.));
#14748=DIRECTION('center_axis',(1.,0.,0.));
#14749=DIRECTION('ref_axis',(0.,1.,0.));
#14750=DIRECTION('',(0.,-1.,0.));
#14751=DIRECTION('center_axis',(0.,0.,-1.));
#14752=DIRECTION('ref_axis',(-1.,0.,0.));
#14753=DIRECTION('center_axis',(0.,-1.,0.));
#14754=DIRECTION('ref_axis',(1.,0.,0.));
#14755=DIRECTION('',(-1.,0.,0.));
#14756=DIRECTION('',(0.,0.,1.));
#14757=DIRECTION('',(-1.,0.,0.));
#14758=DIRECTION('',(0.,0.,1.));
#14759=DIRECTION('center_axis',(-1.,0.,0.));
#14760=DIRECTION('ref_axis',(0.,-1.,0.));
#14761=DIRECTION('',(0.,1.,0.));
#14762=DIRECTION('',(0.,1.,0.));
#14763=DIRECTION('',(0.,0.,-1.));
#14764=DIRECTION('center_axis',(0.,0.,1.));
#14765=DIRECTION('ref_axis',(1.,0.,0.));
#14766=DIRECTION('',(-1.,0.,0.));
#14767=DIRECTION('',(0.,1.,0.));
#14768=DIRECTION('center_axis',(0.,-1.,0.));
#14769=DIRECTION('ref_axis',(1.,0.,0.));
#14770=DIRECTION('',(1.,0.,0.));
#14771=DIRECTION('',(0.,0.,1.));
#14772=DIRECTION('center_axis',(-1.,0.,0.));
#14773=DIRECTION('ref_axis',(0.,-1.,0.));
#14774=DIRECTION('',(0.,-1.,0.));
#14775=DIRECTION('center_axis',(0.,0.,-1.));
#14776=DIRECTION('ref_axis',(-1.,0.,0.));
#14777=DIRECTION('center_axis',(0.,-1.,0.));
#14778=DIRECTION('ref_axis',(1.,0.,0.));
#14779=DIRECTION('',(-1.,0.,0.));
#14780=DIRECTION('',(0.,0.,1.));
#14781=DIRECTION('',(-1.,0.,0.));
#14782=DIRECTION('',(0.,0.,-1.));
#14783=DIRECTION('center_axis',(0.,0.,1.));
#14784=DIRECTION('ref_axis',(1.,0.,0.));
#14785=DIRECTION('',(0.,1.,0.));
#14786=DIRECTION('',(-1.,0.,0.));
#14787=DIRECTION('',(0.,1.,0.));
#14788=DIRECTION('center_axis',(-1.,0.,0.));
#14789=DIRECTION('ref_axis',(0.,-1.,0.));
#14790=DIRECTION('',(0.,-1.,0.));
#14791=DIRECTION('',(0.,0.,1.));
#14792=DIRECTION('center_axis',(-1.,0.,0.));
#14793=DIRECTION('ref_axis',(0.,-1.,0.));
#14794=DIRECTION('',(0.,1.,0.));
#14795=DIRECTION('',(0.,0.,-1.));
#14796=DIRECTION('center_axis',(0.,-1.,0.));
#14797=DIRECTION('ref_axis',(1.,0.,0.));
#14798=DIRECTION('',(1.,0.,0.));
#14799=DIRECTION('center_axis',(0.,0.,-1.));
#14800=DIRECTION('ref_axis',(-1.,0.,0.));
#14801=DIRECTION('center_axis',(-1.,0.,0.));
#14802=DIRECTION('ref_axis',(0.,-1.,0.));
#14803=DIRECTION('',(0.,1.,0.));
#14804=DIRECTION('',(0.,0.,-1.));
#14805=DIRECTION('',(0.,1.,0.));
#14806=DIRECTION('',(0.,0.,-1.));
#14807=DIRECTION('center_axis',(0.,-1.,0.));
#14808=DIRECTION('ref_axis',(1.,0.,0.));
#14809=DIRECTION('',(1.,0.,0.));
#14810=DIRECTION('',(-1.,0.,0.));
#14811=DIRECTION('',(0.,0.,1.));
#14812=DIRECTION('center_axis',(0.,0.,1.));
#14813=DIRECTION('ref_axis',(1.,0.,0.));
#14814=DIRECTION('',(-1.,0.,0.));
#14815=DIRECTION('',(0.,1.,0.));
#14816=DIRECTION('center_axis',(-1.,0.,0.));
#14817=DIRECTION('ref_axis',(0.,-1.,0.));
#14818=DIRECTION('',(0.,-1.,0.));
#14819=DIRECTION('',(0.,0.,1.));
#14820=DIRECTION('center_axis',(0.,-1.,0.));
#14821=DIRECTION('ref_axis',(1.,0.,0.));
#14822=DIRECTION('',(-1.,0.,0.));
#14823=DIRECTION('center_axis',(0.,0.,-1.));
#14824=DIRECTION('ref_axis',(-1.,0.,0.));
#14825=DIRECTION('center_axis',(-1.,0.,0.));
#14826=DIRECTION('ref_axis',(0.,-1.,0.));
#14827=DIRECTION('',(0.,1.,0.));
#14828=DIRECTION('',(0.,0.,-1.));
#14829=DIRECTION('',(0.,1.,0.));
#14830=DIRECTION('',(0.,0.,-1.));
#14831=DIRECTION('center_axis',(0.,0.,1.));
#14832=DIRECTION('ref_axis',(1.,0.,0.));
#14833=DIRECTION('',(-1.,0.,0.));
#14834=DIRECTION('',(0.,1.,0.));
#14835=DIRECTION('',(-1.,0.,0.));
#14836=DIRECTION('center_axis',(0.,-1.,0.));
#14837=DIRECTION('ref_axis',(1.,0.,0.));
#14838=DIRECTION('',(1.,0.,0.));
#14839=DIRECTION('',(0.,0.,1.));
#14840=DIRECTION('center_axis',(-1.,0.,0.));
#14841=DIRECTION('ref_axis',(0.,-1.,0.));
#14842=DIRECTION('',(0.,-1.,0.));
#14843=DIRECTION('',(0.,0.,1.));
#14844=DIRECTION('center_axis',(0.,-1.,0.));
#14845=DIRECTION('ref_axis',(1.,0.,0.));
#14846=DIRECTION('',(-1.,0.,0.));
#14847=DIRECTION('center_axis',(0.,0.,-1.));
#14848=DIRECTION('ref_axis',(-1.,0.,0.));
#14849=DIRECTION('center_axis',(0.,-1.,0.));
#14850=DIRECTION('ref_axis',(1.,0.,0.));
#14851=DIRECTION('',(-1.,0.,0.));
#14852=DIRECTION('',(0.,0.,1.));
#14853=DIRECTION('',(-1.,0.,0.));
#14854=DIRECTION('',(0.,0.,-1.));
#14855=DIRECTION('center_axis',(0.,0.,1.));
#14856=DIRECTION('ref_axis',(1.,0.,0.));
#14857=DIRECTION('',(-1.,0.,0.));
#14858=DIRECTION('',(0.,1.,0.));
#14859=DIRECTION('',(0.,1.,0.));
#14860=DIRECTION('center_axis',(-1.,0.,0.));
#14861=DIRECTION('ref_axis',(0.,-1.,0.));
#14862=DIRECTION('',(0.,1.,0.));
#14863=DIRECTION('',(0.,0.,-1.));
#14864=DIRECTION('center_axis',(0.,-1.,0.));
#14865=DIRECTION('ref_axis',(1.,0.,0.));
#14866=DIRECTION('',(1.,0.,0.));
#14867=DIRECTION('',(0.,0.,1.));
#14868=DIRECTION('center_axis',(-1.,0.,0.));
#14869=DIRECTION('ref_axis',(0.,-1.,0.));
#14870=DIRECTION('',(0.,-1.,0.));
#14871=DIRECTION('center_axis',(0.,0.,-1.));
#14872=DIRECTION('ref_axis',(-1.,0.,0.));
#14873=DIRECTION('center_axis',(0.,-1.,0.));
#14874=DIRECTION('ref_axis',(1.,0.,0.));
#14875=DIRECTION('',(-1.,0.,0.));
#14876=DIRECTION('',(0.,0.,1.));
#14877=DIRECTION('',(-1.,0.,0.));
#14878=DIRECTION('',(0.,0.,-1.));
#14879=DIRECTION('center_axis',(-1.,0.,0.));
#14880=DIRECTION('ref_axis',(0.,-1.,0.));
#14881=DIRECTION('',(0.,1.,0.));
#14882=DIRECTION('',(0.,1.,0.));
#14883=DIRECTION('',(0.,0.,-1.));
#14884=DIRECTION('center_axis',(0.,0.,1.));
#14885=DIRECTION('ref_axis',(1.,0.,0.));
#14886=DIRECTION('',(-1.,0.,0.));
#14887=DIRECTION('',(0.,1.,0.));
#14888=DIRECTION('center_axis',(0.,-1.,0.));
#14889=DIRECTION('ref_axis',(1.,0.,0.));
#14890=DIRECTION('',(1.,0.,0.));
#14891=DIRECTION('',(0.,0.,1.));
#14892=DIRECTION('center_axis',(-1.,0.,0.));
#14893=DIRECTION('ref_axis',(0.,-1.,0.));
#14894=DIRECTION('',(0.,-1.,0.));
#14895=DIRECTION('center_axis',(0.,0.,-1.));
#14896=DIRECTION('ref_axis',(-1.,0.,0.));
#14897=DIRECTION('center_axis',(0.,-1.,0.));
#14898=DIRECTION('ref_axis',(1.,0.,0.));
#14899=DIRECTION('',(-1.,0.,0.));
#14900=DIRECTION('',(0.,0.,1.));
#14901=DIRECTION('',(-1.,0.,0.));
#14902=DIRECTION('',(0.,0.,-1.));
#14903=DIRECTION('center_axis',(-1.,0.,0.));
#14904=DIRECTION('ref_axis',(0.,-1.,0.));
#14905=DIRECTION('',(0.,1.,0.));
#14906=DIRECTION('',(0.,1.,0.));
#14907=DIRECTION('',(0.,0.,-1.));
#14908=DIRECTION('center_axis',(0.,0.,1.));
#14909=DIRECTION('ref_axis',(1.,0.,0.));
#14910=DIRECTION('',(-1.,0.,0.));
#14911=DIRECTION('',(0.,1.,0.));
#14912=DIRECTION('center_axis',(0.,-1.,0.));
#14913=DIRECTION('ref_axis',(1.,0.,0.));
#14914=DIRECTION('',(1.,0.,0.));
#14915=DIRECTION('',(0.,0.,1.));
#14916=DIRECTION('center_axis',(-1.,0.,0.));
#14917=DIRECTION('ref_axis',(0.,-1.,0.));
#14918=DIRECTION('',(0.,-1.,0.));
#14919=DIRECTION('center_axis',(0.,0.,-1.));
#14920=DIRECTION('ref_axis',(-1.,0.,0.));
#14921=DIRECTION('center_axis',(-1.,0.,0.));
#14922=DIRECTION('ref_axis',(0.,-1.,0.));
#14923=DIRECTION('',(0.,1.,0.));
#14924=DIRECTION('',(0.,0.,1.));
#14925=DIRECTION('',(0.,1.,0.));
#14926=DIRECTION('',(0.,0.,-1.));
#14927=DIRECTION('center_axis',(0.,-1.,0.));
#14928=DIRECTION('ref_axis',(1.,0.,0.));
#14929=DIRECTION('',(-1.,0.,0.));
#14930=DIRECTION('',(0.,0.,1.));
#14931=DIRECTION('',(-1.,0.,0.));
#14932=DIRECTION('center_axis',(0.,0.,1.));
#14933=DIRECTION('ref_axis',(1.,0.,0.));
#14934=DIRECTION('',(-1.,0.,0.));
#14935=DIRECTION('',(0.,1.,0.));
#14936=DIRECTION('center_axis',(0.,-1.,0.));
#14937=DIRECTION('ref_axis',(1.,0.,0.));
#14938=DIRECTION('',(1.,0.,0.));
#14939=DIRECTION('',(0.,0.,1.));
#14940=DIRECTION('center_axis',(-1.,0.,0.));
#14941=DIRECTION('ref_axis',(0.,-1.,0.));
#14942=DIRECTION('',(0.,-1.,0.));
#14943=DIRECTION('center_axis',(0.,0.,-1.));
#14944=DIRECTION('ref_axis',(-1.,0.,0.));
#14945=DIRECTION('center_axis',(-1.,0.,0.));
#14946=DIRECTION('ref_axis',(0.,-1.,0.));
#14947=DIRECTION('',(0.,1.,0.));
#14948=DIRECTION('',(0.,0.,-1.));
#14949=DIRECTION('',(0.,1.,0.));
#14950=DIRECTION('',(0.,0.,-1.));
#14951=DIRECTION('center_axis',(0.,0.,1.));
#14952=DIRECTION('ref_axis',(1.,0.,0.));
#14953=DIRECTION('',(-1.,0.,0.));
#14954=DIRECTION('',(0.,1.,0.));
#14955=DIRECTION('',(-1.,0.,0.));
#14956=DIRECTION('center_axis',(0.,-1.,0.));
#14957=DIRECTION('ref_axis',(1.,0.,0.));
#14958=DIRECTION('',(1.,0.,0.));
#14959=DIRECTION('',(0.,0.,1.));
#14960=DIRECTION('center_axis',(-1.,0.,0.));
#14961=DIRECTION('ref_axis',(0.,-1.,0.));
#14962=DIRECTION('',(0.,-1.,0.));
#14963=DIRECTION('',(0.,0.,1.));
#14964=DIRECTION('center_axis',(0.,-1.,0.));
#14965=DIRECTION('ref_axis',(1.,0.,0.));
#14966=DIRECTION('',(-1.,0.,0.));
#14967=DIRECTION('center_axis',(0.,0.,-1.));
#14968=DIRECTION('ref_axis',(-1.,0.,0.));
#14969=DIRECTION('center_axis',(0.,-1.,0.));
#14970=DIRECTION('ref_axis',(1.,0.,0.));
#14971=DIRECTION('',(-1.,0.,0.));
#14972=DIRECTION('',(0.,0.,1.));
#14973=DIRECTION('',(-1.,0.,0.));
#14974=DIRECTION('',(0.,0.,-1.));
#14975=DIRECTION('center_axis',(0.,0.,1.));
#14976=DIRECTION('ref_axis',(1.,0.,0.));
#14977=DIRECTION('',(0.,1.,0.));
#14978=DIRECTION('',(-1.,0.,0.));
#14979=DIRECTION('',(0.,1.,0.));
#14980=DIRECTION('center_axis',(-1.,0.,0.));
#14981=DIRECTION('ref_axis',(0.,-1.,0.));
#14982=DIRECTION('',(0.,-1.,0.));
#14983=DIRECTION('',(0.,0.,1.));
#14984=DIRECTION('center_axis',(-1.,0.,0.));
#14985=DIRECTION('ref_axis',(0.,-1.,0.));
#14986=DIRECTION('',(0.,1.,0.));
#14987=DIRECTION('',(0.,0.,-1.));
#14988=DIRECTION('center_axis',(0.,-1.,0.));
#14989=DIRECTION('ref_axis',(1.,0.,0.));
#14990=DIRECTION('',(1.,0.,0.));
#14991=DIRECTION('center_axis',(0.,0.,-1.));
#14992=DIRECTION('ref_axis',(-1.,0.,0.));
#14993=DIRECTION('center_axis',(-1.,0.,0.));
#14994=DIRECTION('ref_axis',(0.,-1.,0.));
#14995=DIRECTION('',(0.,1.,0.));
#14996=DIRECTION('',(0.,0.,-1.));
#14997=DIRECTION('',(0.,1.,0.));
#14998=DIRECTION('',(0.,0.,-1.));
#14999=DIRECTION('center_axis',(0.,-1.,0.));
#15000=DIRECTION('ref_axis',(1.,0.,0.));
#15001=DIRECTION('',(1.,0.,0.));
#15002=DIRECTION('',(-1.,0.,0.));
#15003=DIRECTION('',(0.,0.,1.));
#15004=DIRECTION('center_axis',(0.,0.,1.));
#15005=DIRECTION('ref_axis',(1.,0.,0.));
#15006=DIRECTION('',(-1.,0.,0.));
#15007=DIRECTION('',(0.,1.,0.));
#15008=DIRECTION('center_axis',(-1.,0.,0.));
#15009=DIRECTION('ref_axis',(0.,-1.,0.));
#15010=DIRECTION('',(0.,-1.,0.));
#15011=DIRECTION('',(0.,0.,1.));
#15012=DIRECTION('center_axis',(0.,-1.,0.));
#15013=DIRECTION('ref_axis',(1.,0.,0.));
#15014=DIRECTION('',(-1.,0.,0.));
#15015=DIRECTION('center_axis',(0.,0.,-1.));
#15016=DIRECTION('ref_axis',(-1.,0.,0.));
#15017=DIRECTION('center_axis',(0.,-1.,0.));
#15018=DIRECTION('ref_axis',(1.,0.,0.));
#15019=DIRECTION('',(-1.,0.,0.));
#15020=DIRECTION('',(0.,0.,1.));
#15021=DIRECTION('',(-1.,0.,0.));
#15022=DIRECTION('',(0.,0.,-1.));
#15023=DIRECTION('center_axis',(-1.,0.,0.));
#15024=DIRECTION('ref_axis',(0.,-1.,0.));
#15025=DIRECTION('',(0.,1.,0.));
#15026=DIRECTION('',(0.,1.,0.));
#15027=DIRECTION('',(0.,0.,-1.));
#15028=DIRECTION('center_axis',(0.,0.,1.));
#15029=DIRECTION('ref_axis',(1.,0.,0.));
#15030=DIRECTION('',(-1.,0.,0.));
#15031=DIRECTION('',(0.,1.,0.));
#15032=DIRECTION('center_axis',(0.,-1.,0.));
#15033=DIRECTION('ref_axis',(1.,0.,0.));
#15034=DIRECTION('',(1.,0.,0.));
#15035=DIRECTION('',(0.,0.,1.));
#15036=DIRECTION('center_axis',(-1.,0.,0.));
#15037=DIRECTION('ref_axis',(0.,-1.,0.));
#15038=DIRECTION('',(0.,-1.,0.));
#15039=DIRECTION('center_axis',(0.,0.,-1.));
#15040=DIRECTION('ref_axis',(-1.,0.,0.));
#15041=DIRECTION('center_axis',(0.,-1.,0.));
#15042=DIRECTION('ref_axis',(1.,0.,0.));
#15043=DIRECTION('',(-1.,0.,0.));
#15044=DIRECTION('',(0.,0.,1.));
#15045=DIRECTION('',(-1.,0.,0.));
#15046=DIRECTION('',(0.,0.,-1.));
#15047=DIRECTION('center_axis',(0.,0.,1.));
#15048=DIRECTION('ref_axis',(1.,0.,0.));
#15049=DIRECTION('',(-1.,0.,0.));
#15050=DIRECTION('',(0.,1.,0.));
#15051=DIRECTION('',(0.,1.,0.));
#15052=DIRECTION('center_axis',(-1.,0.,0.));
#15053=DIRECTION('ref_axis',(0.,-1.,0.));
#15054=DIRECTION('',(0.,1.,0.));
#15055=DIRECTION('',(0.,0.,-1.));
#15056=DIRECTION('center_axis',(0.,-1.,0.));
#15057=DIRECTION('ref_axis',(1.,0.,0.));
#15058=DIRECTION('',(1.,0.,0.));
#15059=DIRECTION('',(0.,0.,1.));
#15060=DIRECTION('center_axis',(-1.,0.,0.));
#15061=DIRECTION('ref_axis',(0.,-1.,0.));
#15062=DIRECTION('',(0.,-1.,0.));
#15063=DIRECTION('center_axis',(0.,0.,-1.));
#15064=DIRECTION('ref_axis',(-1.,0.,0.));
#15065=DIRECTION('center_axis',(0.,-1.,0.));
#15066=DIRECTION('ref_axis',(1.,0.,0.));
#15067=DIRECTION('',(-1.,0.,0.));
#15068=DIRECTION('',(0.,0.,1.));
#15069=DIRECTION('',(-1.,0.,0.));
#15070=DIRECTION('',(0.,0.,-1.));
#15071=DIRECTION('center_axis',(-1.,0.,0.));
#15072=DIRECTION('ref_axis',(0.,-1.,0.));
#15073=DIRECTION('',(0.,1.,0.));
#15074=DIRECTION('',(0.,1.,0.));
#15075=DIRECTION('',(0.,0.,-1.));
#15076=DIRECTION('center_axis',(0.,0.,1.));
#15077=DIRECTION('ref_axis',(1.,0.,0.));
#15078=DIRECTION('',(-1.,0.,0.));
#15079=DIRECTION('',(0.,1.,0.));
#15080=DIRECTION('center_axis',(0.,-1.,0.));
#15081=DIRECTION('ref_axis',(1.,0.,0.));
#15082=DIRECTION('',(1.,0.,0.));
#15083=DIRECTION('',(0.,0.,1.));
#15084=DIRECTION('center_axis',(-1.,0.,0.));
#15085=DIRECTION('ref_axis',(0.,-1.,0.));
#15086=DIRECTION('',(0.,-1.,0.));
#15087=DIRECTION('center_axis',(0.,0.,-1.));
#15088=DIRECTION('ref_axis',(-1.,0.,0.));
#15089=DIRECTION('center_axis',(0.,0.,1.));
#15090=DIRECTION('ref_axis',(1.,0.,0.));
#15091=DIRECTION('',(-1.,0.,0.));
#15092=DIRECTION('',(0.,1.,0.));
#15093=DIRECTION('',(-1.,0.,0.));
#15094=DIRECTION('',(0.,1.,0.));
#15095=DIRECTION('center_axis',(0.,-1.,0.));
#15096=DIRECTION('ref_axis',(1.,0.,0.));
#15097=DIRECTION('',(-1.,0.,0.));
#15098=DIRECTION('',(0.,0.,1.));
#15099=DIRECTION('',(0.,0.,1.));
#15100=DIRECTION('center_axis',(-1.,0.,0.));
#15101=DIRECTION('ref_axis',(0.,-1.,0.));
#15102=DIRECTION('',(0.,1.,0.));
#15103=DIRECTION('',(0.,0.,-1.));
#15104=DIRECTION('center_axis',(0.,-1.,0.));
#15105=DIRECTION('ref_axis',(1.,0.,0.));
#15106=DIRECTION('',(1.,0.,0.));
#15107=DIRECTION('',(0.,0.,1.));
#15108=DIRECTION('center_axis',(-1.,0.,0.));
#15109=DIRECTION('ref_axis',(0.,-1.,0.));
#15110=DIRECTION('',(0.,-1.,0.));
#15111=DIRECTION('center_axis',(0.,0.,-1.));
#15112=DIRECTION('ref_axis',(-1.,0.,0.));
#15113=DIRECTION('center_axis',(0.,-1.,0.));
#15114=DIRECTION('ref_axis',(1.,0.,0.));
#15115=DIRECTION('',(-1.,0.,0.));
#15116=DIRECTION('',(0.,0.,1.));
#15117=DIRECTION('',(-1.,0.,0.));
#15118=DIRECTION('',(0.,0.,-1.));
#15119=DIRECTION('center_axis',(0.,0.,1.));
#15120=DIRECTION('ref_axis',(1.,0.,0.));
#15121=DIRECTION('',(0.,1.,0.));
#15122=DIRECTION('',(-1.,0.,0.));
#15123=DIRECTION('',(0.,1.,0.));
#15124=DIRECTION('center_axis',(-1.,0.,0.));
#15125=DIRECTION('ref_axis',(0.,-1.,0.));
#15126=DIRECTION('',(0.,-1.,0.));
#15127=DIRECTION('',(0.,0.,1.));
#15128=DIRECTION('center_axis',(-1.,0.,0.));
#15129=DIRECTION('ref_axis',(0.,-1.,0.));
#15130=DIRECTION('',(0.,1.,0.));
#15131=DIRECTION('',(0.,0.,-1.));
#15132=DIRECTION('center_axis',(0.,-1.,0.));
#15133=DIRECTION('ref_axis',(1.,0.,0.));
#15134=DIRECTION('',(1.,0.,0.));
#15135=DIRECTION('center_axis',(0.,0.,-1.));
#15136=DIRECTION('ref_axis',(-1.,0.,0.));
#15137=DIRECTION('center_axis',(0.,-1.,0.));
#15138=DIRECTION('ref_axis',(1.,0.,0.));
#15139=DIRECTION('',(-1.,0.,0.));
#15140=DIRECTION('',(0.,0.,1.));
#15141=DIRECTION('',(-1.,0.,0.));
#15142=DIRECTION('',(0.,0.,-1.));
#15143=DIRECTION('center_axis',(-1.,0.,0.));
#15144=DIRECTION('ref_axis',(0.,-1.,0.));
#15145=DIRECTION('',(0.,-1.,0.));
#15146=DIRECTION('',(0.,0.,1.));
#15147=DIRECTION('',(0.,1.,0.));
#15148=DIRECTION('center_axis',(0.,0.,1.));
#15149=DIRECTION('ref_axis',(1.,0.,0.));
#15150=DIRECTION('',(-1.,0.,0.));
#15151=DIRECTION('',(0.,1.,0.));
#15152=DIRECTION('center_axis',(-1.,0.,0.));
#15153=DIRECTION('ref_axis',(0.,-1.,0.));
#15154=DIRECTION('',(0.,1.,0.));
#15155=DIRECTION('',(0.,0.,-1.));
#15156=DIRECTION('center_axis',(0.,-1.,0.));
#15157=DIRECTION('ref_axis',(1.,0.,0.));
#15158=DIRECTION('',(1.,0.,0.));
#15159=DIRECTION('center_axis',(0.,0.,-1.));
#15160=DIRECTION('ref_axis',(-1.,0.,0.));
#15161=DIRECTION('center_axis',(-1.,0.,0.));
#15162=DIRECTION('ref_axis',(0.,-1.,0.));
#15163=DIRECTION('',(0.,1.,0.));
#15164=DIRECTION('',(0.,0.,-1.));
#15165=DIRECTION('',(0.,1.,0.));
#15166=DIRECTION('',(0.,0.,-1.));
#15167=DIRECTION('center_axis',(0.,0.,1.));
#15168=DIRECTION('ref_axis',(1.,0.,0.));
#15169=DIRECTION('',(-1.,0.,0.));
#15170=DIRECTION('',(0.,1.,0.));
#15171=DIRECTION('',(-1.,0.,0.));
#15172=DIRECTION('center_axis',(0.,-1.,0.));
#15173=DIRECTION('ref_axis',(1.,0.,0.));
#15174=DIRECTION('',(1.,0.,0.));
#15175=DIRECTION('',(0.,0.,1.));
#15176=DIRECTION('center_axis',(-1.,0.,0.));
#15177=DIRECTION('ref_axis',(0.,-1.,0.));
#15178=DIRECTION('',(0.,-1.,0.));
#15179=DIRECTION('',(0.,0.,1.));
#15180=DIRECTION('center_axis',(0.,-1.,0.));
#15181=DIRECTION('ref_axis',(1.,0.,0.));
#15182=DIRECTION('',(-1.,0.,0.));
#15183=DIRECTION('center_axis',(0.,0.,-1.));
#15184=DIRECTION('ref_axis',(-1.,0.,0.));
#15185=DIRECTION('center_axis',(0.,-1.,0.));
#15186=DIRECTION('ref_axis',(1.,0.,0.));
#15187=DIRECTION('',(-1.,0.,0.));
#15188=DIRECTION('',(0.,0.,1.));
#15189=DIRECTION('',(-1.,0.,0.));
#15190=DIRECTION('',(0.,0.,-1.));
#15191=DIRECTION('center_axis',(0.,0.,1.));
#15192=DIRECTION('ref_axis',(1.,0.,0.));
#15193=DIRECTION('',(-1.,0.,0.));
#15194=DIRECTION('',(0.,1.,0.));
#15195=DIRECTION('',(0.,1.,0.));
#15196=DIRECTION('center_axis',(-1.,0.,0.));
#15197=DIRECTION('ref_axis',(0.,-1.,0.));
#15198=DIRECTION('',(0.,1.,0.));
#15199=DIRECTION('',(0.,0.,-1.));
#15200=DIRECTION('center_axis',(0.,-1.,0.));
#15201=DIRECTION('ref_axis',(1.,0.,0.));
#15202=DIRECTION('',(1.,0.,0.));
#15203=DIRECTION('',(0.,0.,1.));
#15204=DIRECTION('center_axis',(-1.,0.,0.));
#15205=DIRECTION('ref_axis',(0.,-1.,0.));
#15206=DIRECTION('',(0.,-1.,0.));
#15207=DIRECTION('center_axis',(0.,0.,-1.));
#15208=DIRECTION('ref_axis',(-1.,0.,0.));
#15209=DIRECTION('center_axis',(0.,-1.,0.));
#15210=DIRECTION('ref_axis',(1.,0.,0.));
#15211=DIRECTION('',(-1.,0.,0.));
#15212=DIRECTION('',(0.,0.,1.));
#15213=DIRECTION('',(-1.,0.,0.));
#15214=DIRECTION('',(0.,0.,-1.));
#15215=DIRECTION('center_axis',(-1.,0.,0.));
#15216=DIRECTION('ref_axis',(0.,-1.,0.));
#15217=DIRECTION('',(0.,1.,0.));
#15218=DIRECTION('',(0.,1.,0.));
#15219=DIRECTION('',(0.,0.,-1.));
#15220=DIRECTION('center_axis',(0.,0.,1.));
#15221=DIRECTION('ref_axis',(1.,0.,0.));
#15222=DIRECTION('',(-1.,0.,0.));
#15223=DIRECTION('',(0.,1.,0.));
#15224=DIRECTION('center_axis',(0.,-1.,0.));
#15225=DIRECTION('ref_axis',(1.,0.,0.));
#15226=DIRECTION('',(1.,0.,0.));
#15227=DIRECTION('',(0.,0.,1.));
#15228=DIRECTION('center_axis',(-1.,0.,0.));
#15229=DIRECTION('ref_axis',(0.,-1.,0.));
#15230=DIRECTION('',(0.,-1.,0.));
#15231=DIRECTION('center_axis',(0.,0.,-1.));
#15232=DIRECTION('ref_axis',(-1.,0.,0.));
#15233=DIRECTION('center_axis',(0.,-1.,0.));
#15234=DIRECTION('ref_axis',(1.,0.,0.));
#15235=DIRECTION('',(-1.,0.,0.));
#15236=DIRECTION('',(0.,0.,1.));
#15237=DIRECTION('',(-1.,0.,0.));
#15238=DIRECTION('',(0.,0.,-1.));
#15239=DIRECTION('center_axis',(-1.,0.,0.));
#15240=DIRECTION('ref_axis',(0.,-1.,0.));
#15241=DIRECTION('',(0.,1.,0.));
#15242=DIRECTION('',(0.,1.,0.));
#15243=DIRECTION('',(0.,0.,-1.));
#15244=DIRECTION('center_axis',(0.,0.,1.));
#15245=DIRECTION('ref_axis',(1.,0.,0.));
#15246=DIRECTION('',(-1.,0.,0.));
#15247=DIRECTION('',(0.,1.,0.));
#15248=DIRECTION('center_axis',(0.,-1.,0.));
#15249=DIRECTION('ref_axis',(1.,0.,0.));
#15250=DIRECTION('',(1.,0.,0.));
#15251=DIRECTION('',(0.,0.,1.));
#15252=DIRECTION('center_axis',(-1.,0.,0.));
#15253=DIRECTION('ref_axis',(0.,-1.,0.));
#15254=DIRECTION('',(0.,-1.,0.));
#15255=DIRECTION('center_axis',(0.,0.,-1.));
#15256=DIRECTION('ref_axis',(-1.,0.,0.));
#15257=DIRECTION('center_axis',(0.,-1.,0.));
#15258=DIRECTION('ref_axis',(1.,0.,0.));
#15259=DIRECTION('',(-1.,0.,0.));
#15260=DIRECTION('',(0.,0.,1.));
#15261=DIRECTION('',(-1.,0.,0.));
#15262=DIRECTION('',(0.,0.,1.));
#15263=DIRECTION('center_axis',(0.,0.,1.));
#15264=DIRECTION('ref_axis',(1.,0.,0.));
#15265=DIRECTION('',(-1.,0.,0.));
#15266=DIRECTION('',(0.,1.,0.));
#15267=DIRECTION('',(0.,1.,0.));
#15268=DIRECTION('center_axis',(-1.,0.,0.));
#15269=DIRECTION('ref_axis',(0.,-1.,0.));
#15270=DIRECTION('',(0.,1.,0.));
#15271=DIRECTION('',(0.,0.,-1.));
#15272=DIRECTION('center_axis',(0.,-1.,0.));
#15273=DIRECTION('ref_axis',(1.,0.,0.));
#15274=DIRECTION('',(1.,0.,0.));
#15275=DIRECTION('',(0.,0.,1.));
#15276=DIRECTION('center_axis',(-1.,0.,0.));
#15277=DIRECTION('ref_axis',(0.,-1.,0.));
#15278=DIRECTION('',(0.,-1.,0.));
#15279=DIRECTION('center_axis',(0.,0.,-1.));
#15280=DIRECTION('ref_axis',(-1.,0.,0.));
#15281=DIRECTION('center_axis',(0.,-1.,0.));
#15282=DIRECTION('ref_axis',(1.,0.,0.));
#15283=DIRECTION('',(-1.,0.,0.));
#15284=DIRECTION('',(0.,0.,1.));
#15285=DIRECTION('',(-1.,0.,0.));
#15286=DIRECTION('',(0.,0.,-1.));
#15287=DIRECTION('center_axis',(0.,0.,1.));
#15288=DIRECTION('ref_axis',(1.,0.,0.));
#15289=DIRECTION('',(0.,1.,0.));
#15290=DIRECTION('',(-1.,0.,0.));
#15291=DIRECTION('',(0.,1.,0.));
#15292=DIRECTION('center_axis',(-1.,0.,0.));
#15293=DIRECTION('ref_axis',(0.,-1.,0.));
#15294=DIRECTION('',(0.,-1.,0.));
#15295=DIRECTION('',(0.,0.,1.));
#15296=DIRECTION('center_axis',(-1.,0.,0.));
#15297=DIRECTION('ref_axis',(0.,-1.,0.));
#15298=DIRECTION('',(0.,1.,0.));
#15299=DIRECTION('',(0.,0.,-1.));
#15300=DIRECTION('center_axis',(0.,-1.,0.));
#15301=DIRECTION('ref_axis',(1.,0.,0.));
#15302=DIRECTION('',(1.,0.,0.));
#15303=DIRECTION('center_axis',(0.,0.,-1.));
#15304=DIRECTION('ref_axis',(-1.,0.,0.));
#15305=DIRECTION('center_axis',(0.,-1.,0.));
#15306=DIRECTION('ref_axis',(1.,0.,0.));
#15307=DIRECTION('',(-1.,0.,0.));
#15308=DIRECTION('',(0.,0.,1.));
#15309=DIRECTION('',(-1.,0.,0.));
#15310=DIRECTION('',(0.,0.,-1.));
#15311=DIRECTION('center_axis',(-1.,0.,0.));
#15312=DIRECTION('ref_axis',(0.,-1.,0.));
#15313=DIRECTION('',(0.,-1.,0.));
#15314=DIRECTION('',(0.,0.,1.));
#15315=DIRECTION('',(0.,1.,0.));
#15316=DIRECTION('center_axis',(0.,0.,1.));
#15317=DIRECTION('ref_axis',(1.,0.,0.));
#15318=DIRECTION('',(-1.,0.,0.));
#15319=DIRECTION('',(0.,1.,0.));
#15320=DIRECTION('center_axis',(-1.,0.,0.));
#15321=DIRECTION('ref_axis',(0.,-1.,0.));
#15322=DIRECTION('',(0.,1.,0.));
#15323=DIRECTION('',(0.,0.,-1.));
#15324=DIRECTION('center_axis',(0.,-1.,0.));
#15325=DIRECTION('ref_axis',(1.,0.,0.));
#15326=DIRECTION('',(1.,0.,0.));
#15327=DIRECTION('center_axis',(0.,0.,-1.));
#15328=DIRECTION('ref_axis',(-1.,0.,0.));
#15329=DIRECTION('center_axis',(-1.,0.,0.));
#15330=DIRECTION('ref_axis',(0.,-1.,0.));
#15331=DIRECTION('',(0.,1.,0.));
#15332=DIRECTION('',(0.,0.,-1.));
#15333=DIRECTION('',(0.,1.,0.));
#15334=DIRECTION('',(0.,0.,-1.));
#15335=DIRECTION('center_axis',(0.,0.,1.));
#15336=DIRECTION('ref_axis',(1.,0.,0.));
#15337=DIRECTION('',(-1.,0.,0.));
#15338=DIRECTION('',(0.,1.,0.));
#15339=DIRECTION('',(-1.,0.,0.));
#15340=DIRECTION('center_axis',(0.,-1.,0.));
#15341=DIRECTION('ref_axis',(1.,0.,0.));
#15342=DIRECTION('',(1.,0.,0.));
#15343=DIRECTION('',(0.,0.,1.));
#15344=DIRECTION('center_axis',(-1.,0.,0.));
#15345=DIRECTION('ref_axis',(0.,-1.,0.));
#15346=DIRECTION('',(0.,-1.,0.));
#15347=DIRECTION('',(0.,0.,1.));
#15348=DIRECTION('center_axis',(0.,-1.,0.));
#15349=DIRECTION('ref_axis',(1.,0.,0.));
#15350=DIRECTION('',(-1.,0.,0.));
#15351=DIRECTION('center_axis',(0.,0.,-1.));
#15352=DIRECTION('ref_axis',(-1.,0.,0.));
#15353=DIRECTION('center_axis',(0.,-1.,0.));
#15354=DIRECTION('ref_axis',(1.,0.,0.));
#15355=DIRECTION('',(-1.,0.,0.));
#15356=DIRECTION('',(0.,0.,1.));
#15357=DIRECTION('',(-1.,0.,0.));
#15358=DIRECTION('',(0.,0.,-1.));
#15359=DIRECTION('center_axis',(0.,0.,1.));
#15360=DIRECTION('ref_axis',(1.,0.,0.));
#15361=DIRECTION('',(-1.,0.,0.));
#15362=DIRECTION('',(0.,1.,0.));
#15363=DIRECTION('',(0.,1.,0.));
#15364=DIRECTION('center_axis',(-1.,0.,0.));
#15365=DIRECTION('ref_axis',(0.,-1.,0.));
#15366=DIRECTION('',(0.,1.,0.));
#15367=DIRECTION('',(0.,0.,-1.));
#15368=DIRECTION('center_axis',(0.,-1.,0.));
#15369=DIRECTION('ref_axis',(1.,0.,0.));
#15370=DIRECTION('',(1.,0.,0.));
#15371=DIRECTION('',(0.,0.,1.));
#15372=DIRECTION('center_axis',(-1.,0.,0.));
#15373=DIRECTION('ref_axis',(0.,-1.,0.));
#15374=DIRECTION('',(0.,-1.,0.));
#15375=DIRECTION('center_axis',(0.,0.,-1.));
#15376=DIRECTION('ref_axis',(-1.,0.,0.));
#15377=DIRECTION('center_axis',(0.,-1.,0.));
#15378=DIRECTION('ref_axis',(1.,0.,0.));
#15379=DIRECTION('',(-1.,0.,0.));
#15380=DIRECTION('',(0.,0.,1.));
#15381=DIRECTION('',(-1.,0.,0.));
#15382=DIRECTION('',(0.,0.,-1.));
#15383=DIRECTION('center_axis',(-1.,0.,0.));
#15384=DIRECTION('ref_axis',(0.,-1.,0.));
#15385=DIRECTION('',(0.,1.,0.));
#15386=DIRECTION('',(0.,1.,0.));
#15387=DIRECTION('',(0.,0.,-1.));
#15388=DIRECTION('center_axis',(0.,0.,1.));
#15389=DIRECTION('ref_axis',(1.,0.,0.));
#15390=DIRECTION('',(-1.,0.,0.));
#15391=DIRECTION('',(0.,1.,0.));
#15392=DIRECTION('center_axis',(0.,-1.,0.));
#15393=DIRECTION('ref_axis',(1.,0.,0.));
#15394=DIRECTION('',(1.,0.,0.));
#15395=DIRECTION('',(0.,0.,1.));
#15396=DIRECTION('center_axis',(-1.,0.,0.));
#15397=DIRECTION('ref_axis',(0.,-1.,0.));
#15398=DIRECTION('',(0.,-1.,0.));
#15399=DIRECTION('center_axis',(0.,0.,-1.));
#15400=DIRECTION('ref_axis',(-1.,0.,0.));
#15401=DIRECTION('center_axis',(0.,-1.,0.));
#15402=DIRECTION('ref_axis',(1.,0.,0.));
#15403=DIRECTION('',(-1.,0.,0.));
#15404=DIRECTION('',(0.,0.,1.));
#15405=DIRECTION('',(-1.,0.,0.));
#15406=DIRECTION('',(0.,0.,-1.));
#15407=DIRECTION('center_axis',(-1.,0.,0.));
#15408=DIRECTION('ref_axis',(0.,-1.,0.));
#15409=DIRECTION('',(0.,1.,0.));
#15410=DIRECTION('',(0.,1.,0.));
#15411=DIRECTION('',(0.,0.,-1.));
#15412=DIRECTION('center_axis',(0.,0.,1.));
#15413=DIRECTION('ref_axis',(1.,0.,0.));
#15414=DIRECTION('',(-1.,0.,0.));
#15415=DIRECTION('',(0.,1.,0.));
#15416=DIRECTION('center_axis',(0.,-1.,0.));
#15417=DIRECTION('ref_axis',(1.,0.,0.));
#15418=DIRECTION('',(1.,0.,0.));
#15419=DIRECTION('',(0.,0.,1.));
#15420=DIRECTION('center_axis',(-1.,0.,0.));
#15421=DIRECTION('ref_axis',(0.,-1.,0.));
#15422=DIRECTION('',(0.,-1.,0.));
#15423=DIRECTION('center_axis',(0.,0.,-1.));
#15424=DIRECTION('ref_axis',(-1.,0.,0.));
#15425=DIRECTION('center_axis',(0.,0.,1.));
#15426=DIRECTION('ref_axis',(1.,0.,0.));
#15427=DIRECTION('',(-4.44089209850063E-17,1.,0.));
#15428=DIRECTION('center_axis',(0.,0.,-1.));
#15429=DIRECTION('ref_axis',(0.,1.,0.));
#15430=DIRECTION('',(1.,0.,0.));
#15431=DIRECTION('center_axis',(0.,0.,-1.));
#15432=DIRECTION('ref_axis',(1.,0.,0.));
#15433=DIRECTION('',(0.,-1.,0.));
#15434=DIRECTION('center_axis',(0.,0.,-1.));
#15435=DIRECTION('ref_axis',(0.,-1.,0.));
#15436=DIRECTION('',(-1.,0.,0.));
#15437=DIRECTION('center_axis',(0.,0.,-1.));
#15438=DIRECTION('ref_axis',(-1.,1.11022302462516E-15,0.));
#15439=DIRECTION('center_axis',(0.,0.,-1.));
#15440=DIRECTION('ref_axis',(-1.,0.,0.));
#15441=DIRECTION('',(-1.,0.,0.));
#15442=DIRECTION('',(0.,-1.,0.));
#15443=DIRECTION('',(1.,0.,0.));
#15444=DIRECTION('',(0.,1.,0.));
#15445=DIRECTION('center_axis',(0.,0.,1.));
#15446=DIRECTION('ref_axis',(1.,0.,0.));
#15447=DIRECTION('center_axis',(0.,0.,1.));
#15448=DIRECTION('ref_axis',(-1.,1.11022302462516E-15,0.));
#15449=DIRECTION('',(1.,0.,0.));
#15450=DIRECTION('center_axis',(0.,0.,1.));
#15451=DIRECTION('ref_axis',(0.,-1.,0.));
#15452=DIRECTION('',(0.,1.,0.));
#15453=DIRECTION('center_axis',(0.,0.,1.));
#15454=DIRECTION('ref_axis',(1.,0.,0.));
#15455=DIRECTION('',(-1.,0.,0.));
#15456=DIRECTION('center_axis',(0.,0.,1.));
#15457=DIRECTION('ref_axis',(0.,1.,0.));
#15458=DIRECTION('',(4.44089209850063E-17,-1.,0.));
#15459=DIRECTION('',(-1.,0.,0.));
#15460=DIRECTION('',(0.,1.,0.));
#15461=DIRECTION('',(1.,0.,0.));
#15462=DIRECTION('',(0.,-1.,0.));
#15463=DIRECTION('center_axis',(0.,0.,1.));
#15464=DIRECTION('ref_axis',(-1.,1.11022302462516E-15,0.));
#15465=DIRECTION('',(0.,0.,1.));
#15466=DIRECTION('',(0.,0.,1.));
#15467=DIRECTION('center_axis',(0.,-1.,0.));
#15468=DIRECTION('ref_axis',(1.,0.,0.));
#15469=DIRECTION('',(0.,0.,1.));
#15470=DIRECTION('center_axis',(0.,0.,1.));
#15471=DIRECTION('ref_axis',(0.,-1.,0.));
#15472=DIRECTION('',(0.,0.,1.));
#15473=DIRECTION('center_axis',(1.,0.,0.));
#15474=DIRECTION('ref_axis',(0.,1.,0.));
#15475=DIRECTION('',(0.,0.,1.));
#15476=DIRECTION('center_axis',(1.,0.,0.));
#15477=DIRECTION('ref_axis',(0.,1.,0.));
#15478=DIRECTION('',(0.,0.,1.));
#15479=DIRECTION('',(0.,0.,-1.));
#15480=DIRECTION('center_axis',(0.,-1.,0.));
#15481=DIRECTION('ref_axis',(1.,0.,0.));
#15482=DIRECTION('',(0.,0.,-1.));
#15483=DIRECTION('center_axis',(0.,1.,0.));
#15484=DIRECTION('ref_axis',(-1.,0.,0.));
#15485=DIRECTION('',(0.,0.,-1.));
#15486=DIRECTION('center_axis',(-1.,0.,0.));
#15487=DIRECTION('ref_axis',(0.,-1.,0.));
#15488=DIRECTION('center_axis',(-1.,-4.44089209850063E-17,0.));
#15489=DIRECTION('ref_axis',(4.44089209850063E-17,-1.,0.));
#15490=DIRECTION('',(0.,0.,1.));
#15491=DIRECTION('center_axis',(0.,0.,1.));
#15492=DIRECTION('ref_axis',(0.,1.,0.));
#15493=DIRECTION('',(0.,0.,1.));
#15494=DIRECTION('center_axis',(0.,1.,0.));
#15495=DIRECTION('ref_axis',(-1.,0.,0.));
#15496=DIRECTION('',(0.,0.,1.));
#15497=DIRECTION('center_axis',(0.,0.,1.));
#15498=DIRECTION('ref_axis',(1.,0.,0.));
#15499=DIRECTION('',(0.,0.,1.));
#15500=DIRECTION('',(1.,0.,0.));
#15501=DIRECTION('',(0.,0.,1.));
#15502=DIRECTION('',(1.,-1.2579728149583E-59,2.47893099435492E-104));
#15503=DIRECTION('',(0.,0.,1.));
#15504=DIRECTION('',(1.,0.,0.));
#15505=DIRECTION('',(-1.,-6.93889390390724E-17,6.38378239159464E-15));
#15506=DIRECTION('',(-6.93889390390721E-17,1.,-2.22044604925034E-16));
#15507=DIRECTION('',(-1.,-6.93889390390724E-17,6.38378239159464E-15));
#15508=DIRECTION('',(-6.93889390390721E-17,1.,-2.22044604925034E-16));
#15509=DIRECTION('center_axis',(0.,0.,1.));
#15510=DIRECTION('ref_axis',(1.,0.,0.));
#15511=CARTESIAN_POINT('',(0.,0.,0.));
#15512=CARTESIAN_POINT('',(0.,0.,0.));
#15513=CARTESIAN_POINT('Origin',(300.,250.,43.0000006407499));
#15514=CARTESIAN_POINT('',(-20.,4.44089209850063E-15,43.0000006407499));
#15515=CARTESIAN_POINT('',(-20.,500.,43.0000006407499));
#15516=CARTESIAN_POINT('',(-20.,375.,43.0000006407499));
#15517=CARTESIAN_POINT('',(-3.4450928483977E-15,-20.,43.0000006407499));
#15518=CARTESIAN_POINT('Origin',(-1.99840144432528E-14,-1.77635683940025E-14,
43.0000006407499));
#15519=CARTESIAN_POINT('',(600.,-20.,43.0000006407499));
#15520=CARTESIAN_POINT('',(150.,-20.,43.0000006407499));
#15521=CARTESIAN_POINT('',(620.,4.31842741858589E-14,43.0000006407499));
#15522=CARTESIAN_POINT('Origin',(600.,4.44089209850063E-14,43.0000006407499));
#15523=CARTESIAN_POINT('',(620.,500.,43.0000006407499));
#15524=CARTESIAN_POINT('',(620.,125.,43.0000006407499));
#15525=CARTESIAN_POINT('',(600.,520.,43.0000006407499));
#15526=CARTESIAN_POINT('Origin',(600.,500.,43.0000006407499));
#15527=CARTESIAN_POINT('',(4.44089209850063E-14,520.,43.0000006407499));
#15528=CARTESIAN_POINT('',(450.,520.,43.0000006407499));
#15529=CARTESIAN_POINT('Origin',(4.44089209850063E-14,500.,43.0000006407499));
#15530=CARTESIAN_POINT('',(-13.,2.37587727269784E-15,43.));
#15531=CARTESIAN_POINT('',(-1.72254642419885E-15,-13.,43.));
#15532=CARTESIAN_POINT('Origin',(-1.99840144432528E-14,-1.77635683940025E-14,
43.));
#15533=CARTESIAN_POINT('',(-13.,500.,43.));
#15534=CARTESIAN_POINT('',(-13.,375.,43.));
#15535=CARTESIAN_POINT('',(3.99680288865056E-14,513.,43.));
#15536=CARTESIAN_POINT('Origin',(4.44089209850063E-14,500.,43.));
#15537=CARTESIAN_POINT('',(600.,513.,43.));
#15538=CARTESIAN_POINT('',(450.,513.,43.));
#15539=CARTESIAN_POINT('',(613.,500.,43.));
#15540=CARTESIAN_POINT('Origin',(600.,500.,43.));
#15541=CARTESIAN_POINT('',(613.,3.9355705486932E-14,43.));
#15542=CARTESIAN_POINT('',(613.,125.,43.));
#15543=CARTESIAN_POINT('',(600.,-13.,43.));
#15544=CARTESIAN_POINT('Origin',(600.,4.44089209850063E-14,43.));
#15545=CARTESIAN_POINT('',(150.,-13.,43.));
#15546=CARTESIAN_POINT('Origin',(620.,4.44089209850063E-14,0.));
#15547=CARTESIAN_POINT('',(620.,4.31842741858589E-14,0.));
#15548=CARTESIAN_POINT('',(620.,4.31842741858589E-14,0.));
#15549=CARTESIAN_POINT('',(620.,500.,0.));
#15550=CARTESIAN_POINT('',(620.,4.44089209850063E-14,0.));
#15551=CARTESIAN_POINT('',(620.,500.,0.));
#15552=CARTESIAN_POINT('Origin',(600.,4.44089209850063E-14,0.));
#15553=CARTESIAN_POINT('',(600.,-20.,0.));
#15554=CARTESIAN_POINT('',(600.,-20.,0.));
#15555=CARTESIAN_POINT('Origin',(600.,4.44089209850063E-14,0.));
#15556=CARTESIAN_POINT('Origin',(-3.4450928483977E-15,-20.,0.));
#15557=CARTESIAN_POINT('',(-3.4450928483977E-15,-20.,0.));
#15558=CARTESIAN_POINT('',(-3.4450928483977E-15,-20.,0.));
#15559=CARTESIAN_POINT('',(-4.44089209850063E-15,-20.,0.));
#15560=CARTESIAN_POINT('Origin',(-1.99840144432528E-14,-1.77635683940025E-14,
0.));
#15561=CARTESIAN_POINT('',(-20.,4.44089209850063E-15,0.));
#15562=CARTESIAN_POINT('',(-20.,4.44089209850063E-15,0.));
#15563=CARTESIAN_POINT('Origin',(-1.99840144432528E-14,-1.77635683940025E-14,
0.));
#15564=CARTESIAN_POINT('Origin',(-20.,500.,0.));
#15565=CARTESIAN_POINT('',(-20.,500.,0.));
#15566=CARTESIAN_POINT('',(-20.,500.,0.));
#15567=CARTESIAN_POINT('',(-20.,500.,0.));
#15568=CARTESIAN_POINT('Origin',(4.44089209850063E-14,500.,0.));
#15569=CARTESIAN_POINT('',(4.44089209850063E-14,520.,0.));
#15570=CARTESIAN_POINT('',(4.44089209850063E-14,520.,0.));
#15571=CARTESIAN_POINT('Origin',(4.44089209850063E-14,500.,0.));
#15572=CARTESIAN_POINT('Origin',(600.,520.,0.));
#15573=CARTESIAN_POINT('',(600.,520.,0.));
#15574=CARTESIAN_POINT('',(600.,520.,0.));
#15575=CARTESIAN_POINT('',(600.,520.,0.));
#15576=CARTESIAN_POINT('Origin',(600.,500.,0.));
#15577=CARTESIAN_POINT('Origin',(600.,500.,0.));
#15578=CARTESIAN_POINT('Origin',(300.,250.,0.));
#15579=CARTESIAN_POINT('Origin',(300.,250.,7.));
#15580=CARTESIAN_POINT('',(-13.,2.37587727269784E-15,7.));
#15581=CARTESIAN_POINT('',(-1.72254642419885E-15,-13.,7.));
#15582=CARTESIAN_POINT('Origin',(-1.99840144432528E-14,-1.77635683940025E-14,
7.));
#15583=CARTESIAN_POINT('',(600.,-13.,7.));
#15584=CARTESIAN_POINT('',(150.,-13.,7.));
#15585=CARTESIAN_POINT('',(613.,3.9355705486932E-14,7.));
#15586=CARTESIAN_POINT('Origin',(600.,4.44089209850063E-14,7.));
#15587=CARTESIAN_POINT('',(613.,500.,7.));
#15588=CARTESIAN_POINT('',(613.,125.,7.));
#15589=CARTESIAN_POINT('',(600.,513.,7.));
#15590=CARTESIAN_POINT('Origin',(600.,500.,7.));
#15591=CARTESIAN_POINT('',(3.99680288865056E-14,513.,7.));
#15592=CARTESIAN_POINT('',(450.,513.,7.));
#15593=CARTESIAN_POINT('',(-13.,500.,7.));
#15594=CARTESIAN_POINT('Origin',(4.44089209850063E-14,500.,7.));
#15595=CARTESIAN_POINT('',(-13.,375.,7.));
#15596=CARTESIAN_POINT('Origin',(-1.99840144432528E-14,-1.77635683940025E-14,
0.));
#15597=CARTESIAN_POINT('',(-13.,4.75175454539567E-15,0.));
#15598=CARTESIAN_POINT('',(-3.4450928483977E-15,-13.,0.));
#15599=CARTESIAN_POINT('Origin',(-3.4450928483977E-15,-13.,0.));
#15600=CARTESIAN_POINT('',(600.,-13.,0.));
#15601=CARTESIAN_POINT('Origin',(600.,4.44089209850063E-14,0.));
#15602=CARTESIAN_POINT('',(613.,4.31842741858589E-14,0.));
#15603=CARTESIAN_POINT('Origin',(613.,4.44089209850063E-14,0.));
#15604=CARTESIAN_POINT('',(613.,500.,0.));
#15605=CARTESIAN_POINT('Origin',(600.,500.,0.));
#15606=CARTESIAN_POINT('',(600.,513.,0.));
#15607=CARTESIAN_POINT('Origin',(600.,513.,0.));
#15608=CARTESIAN_POINT('',(4.44089209850063E-14,513.,0.));
#15609=CARTESIAN_POINT('Origin',(4.44089209850063E-14,500.,0.));
#15610=CARTESIAN_POINT('',(-13.,500.,0.));
#15611=CARTESIAN_POINT('Origin',(-13.,500.,0.));
#15612=CARTESIAN_POINT('',(0.,0.,0.));
#15613=CARTESIAN_POINT('Origin',(100.,14.,7.));
#15614=CARTESIAN_POINT('',(100.,-6.,7.));
#15615=CARTESIAN_POINT('',(100.,9.,7.));
#15616=CARTESIAN_POINT('',(100.,-6.,7.));
#15617=CARTESIAN_POINT('',(100.,-6.,17.));
#15618=CARTESIAN_POINT('',(100.,-6.,7.));
#15619=CARTESIAN_POINT('',(100.,9.,17.));
#15620=CARTESIAN_POINT('',(100.,-6.,17.));
#15621=CARTESIAN_POINT('',(100.,9.,7.));
#15622=CARTESIAN_POINT('Origin',(620.,9.,7.));
#15623=CARTESIAN_POINT('',(620.,9.,7.));
#15624=CARTESIAN_POINT('',(510.,9.,7.));
#15625=CARTESIAN_POINT('',(620.,9.,17.));
#15626=CARTESIAN_POINT('',(510.,9.,17.));
#15627=CARTESIAN_POINT('',(620.,9.,7.));
#15628=CARTESIAN_POINT('Origin',(620.,-6.,7.));
#15629=CARTESIAN_POINT('',(620.,-6.,7.));
#15630=CARTESIAN_POINT('',(620.,14.,7.));
#15631=CARTESIAN_POINT('',(620.,-6.,17.));
#15632=CARTESIAN_POINT('',(620.,14.,17.));
#15633=CARTESIAN_POINT('',(620.,-6.,7.));
#15634=CARTESIAN_POINT('Origin',(100.,-6.,7.));
#15635=CARTESIAN_POINT('',(620.,-6.,7.));
#15636=CARTESIAN_POINT('',(620.,-6.,17.));
#15637=CARTESIAN_POINT('Origin',(400.,254.,17.));
#15638=CARTESIAN_POINT('Origin',(400.,254.,7.));
#15639=CARTESIAN_POINT('',(0.,0.,0.));
#15640=CARTESIAN_POINT('Origin',(0.,510.,7.));
#15641=CARTESIAN_POINT('',(0.,490.,7.));
#15642=CARTESIAN_POINT('',(0.,510.,7.));
#15643=CARTESIAN_POINT('',(0.,490.,7.));
#15644=CARTESIAN_POINT('',(0.,490.,17.));
#15645=CARTESIAN_POINT('',(0.,490.,7.));
#15646=CARTESIAN_POINT('',(0.,510.,17.));
#15647=CARTESIAN_POINT('',(0.,490.,17.));
#15648=CARTESIAN_POINT('',(0.,510.,7.));
#15649=CARTESIAN_POINT('Origin',(520.,510.,7.));
#15650=CARTESIAN_POINT('',(520.,510.,7.));
#15651=CARTESIAN_POINT('',(0.,510.,7.));
#15652=CARTESIAN_POINT('',(520.,510.,17.));
#15653=CARTESIAN_POINT('',(0.,510.,17.));
#15654=CARTESIAN_POINT('',(520.,510.,7.));
#15655=CARTESIAN_POINT('Origin',(520.,490.,7.));
#15656=CARTESIAN_POINT('',(520.,490.,7.));
#15657=CARTESIAN_POINT('',(520.,510.,7.));
#15658=CARTESIAN_POINT('',(520.,490.,17.));
#15659=CARTESIAN_POINT('',(520.,510.,17.));
#15660=CARTESIAN_POINT('',(520.,490.,7.));
#15661=CARTESIAN_POINT('Origin',(0.,490.,7.));
#15662=CARTESIAN_POINT('',(520.,490.,7.));
#15663=CARTESIAN_POINT('',(520.,490.,17.));
#15664=CARTESIAN_POINT('Origin',(300.,750.,17.));
#15665=CARTESIAN_POINT('Origin',(300.,750.,7.));
#15666=CARTESIAN_POINT('',(0.,0.,0.));
#15667=CARTESIAN_POINT('',(0.,0.,0.));
#15668=CARTESIAN_POINT('',(0.,0.,0.));
#15669=CARTESIAN_POINT('Ctrl Pts',(0.1631058852696,4.79899997007267,-17.9117606566833));
#15670=CARTESIAN_POINT('Ctrl Pts',(0.1631058852696,4.80019997007267,-17.9117606566833));
#15671=CARTESIAN_POINT('Ctrl Pts',(0.359172089909785,4.79899997007267,-17.711167702252));
#15672=CARTESIAN_POINT('Ctrl Pts',(0.359172089909785,4.80019997007267,-17.711167702252));
#15673=CARTESIAN_POINT('Ctrl Pts',(0.559966288935677,4.79899997007267,-17.9074306100316));
#15674=CARTESIAN_POINT('Ctrl Pts',(0.559966288935677,4.80019997007267,-17.9074306100316));
#15675=CARTESIAN_POINT('Ctrl Pts',(0.36390008429549,4.79899997007267,-18.1080235644629));
#15676=CARTESIAN_POINT('Ctrl Pts',(0.36390008429549,4.80019997007267,-18.1080235644629));
#15677=CARTESIAN_POINT('',(0.163105885269601,4.79899997007267,-17.9117606566833));
#15678=CARTESIAN_POINT('',(0.363900084295489,4.79899997007267,-18.1080235644629));
#15679=CARTESIAN_POINT('Origin',(0.263502984782555,4.79899997007267,-18.0098921105731));
#15680=CARTESIAN_POINT('',(0.163105885269601,4.79999997007267,-17.9117606566833));
#15681=CARTESIAN_POINT('',(0.163105885269601,4.79899997007267,-17.9117606566833));
#15682=CARTESIAN_POINT('',(0.363900084295489,4.79999997007267,-18.1080235644629));
#15683=CARTESIAN_POINT('Origin',(0.263502984782555,4.79999997007267,-18.0098921105731));
#15684=CARTESIAN_POINT('',(0.363900084295489,4.79899997007267,-18.1080235644629));
#15685=CARTESIAN_POINT('Origin',(0.,4.79999997007267,-23.));
#15686=CARTESIAN_POINT('',(-2.57175827820944E-16,2.49999997007267,-25.1));
#15687=CARTESIAN_POINT('Origin',(0.,2.49999997007267,-23.));
#15688=CARTESIAN_POINT('',(-2.57175827820944E-16,4.79999997007267,-25.1));
#15689=CARTESIAN_POINT('',(-2.57175827820944E-16,4.79999997007267,-25.1));
#15690=CARTESIAN_POINT('Origin',(0.,4.79999997007267,-23.));
#15691=CARTESIAN_POINT('Origin',(0.,4.79999997007267,-23.));
#15692=CARTESIAN_POINT('',(-1.46957615897682E-16,1.11022302462516E-15,-24.2));
#15693=CARTESIAN_POINT('Origin',(0.,8.67361737988404E-16,-23.));
#15694=CARTESIAN_POINT('',(-1.46957615897682E-16,2.49999997007267,-24.2));
#15695=CARTESIAN_POINT('',(-1.46957615897682E-16,4.79999997007267,-24.2));
#15696=CARTESIAN_POINT('Origin',(0.,2.49999997007267,-23.));
#15697=CARTESIAN_POINT('Origin',(0.,4.79999997007267,-8.));
#15698=CARTESIAN_POINT('',(-2.57175827820944E-16,2.49999997007267,-10.1));
#15699=CARTESIAN_POINT('Origin',(0.,2.49999997007267,-8.));
#15700=CARTESIAN_POINT('',(-2.57175827820944E-16,4.79999997007267,-10.1));
#15701=CARTESIAN_POINT('',(-2.57175827820944E-16,4.79999997007267,-10.1));
#15702=CARTESIAN_POINT('Origin',(0.,4.79999997007267,-8.));
#15703=CARTESIAN_POINT('Origin',(0.,4.79999997007267,-8.));
#15704=CARTESIAN_POINT('',(-1.46957615897682E-16,1.11022302462516E-15,-9.2));
#15705=CARTESIAN_POINT('Origin',(0.,8.67361737988404E-16,-8.));
#15706=CARTESIAN_POINT('',(-1.46957615897682E-16,2.49999997007267,-9.2));
#15707=CARTESIAN_POINT('',(-1.46957615897682E-16,4.79999997007267,-9.2));
#15708=CARTESIAN_POINT('Origin',(0.,2.49999997007267,-8.));
#15709=CARTESIAN_POINT('Origin',(-2.63536460910628,3.0558823400052,-507.487638052681));
#15710=CARTESIAN_POINT('',(-2.76888884000136,3.37941175000411,-499.));
#15711=CARTESIAN_POINT('',(-2.7688888399999,2.73235293000568,-499.));
#15712=CARTESIAN_POINT('Origin',(-2.63536460910628,3.0558823400052,-499.));
#15713=CARTESIAN_POINT('',(-2.7688888399999,2.73235293000568,0.));
#15714=CARTESIAN_POINT('',(-2.7688888399999,2.73235293000568,-507.487638052681));
#15715=CARTESIAN_POINT('',(-2.76888884000136,3.37941175000411,0.));
#15716=CARTESIAN_POINT('Origin',(-2.63536460910628,3.0558823400052,0.));
#15717=CARTESIAN_POINT('',(-2.76888884000136,3.37941175000411,-507.487638052681));
#15718=CARTESIAN_POINT('Origin',(0.,4.79999997007267,-38.));
#15719=CARTESIAN_POINT('',(-1.46957615897682E-16,1.11022302462516E-15,-39.2));
#15720=CARTESIAN_POINT('Origin',(0.,8.67361737988404E-16,-38.));
#15721=CARTESIAN_POINT('',(-1.46957615897682E-16,2.49999997007267,-39.2));
#15722=CARTESIAN_POINT('',(-1.46957615897682E-16,4.79999997007267,-39.2));
#15723=CARTESIAN_POINT('Origin',(0.,2.49999997007267,-38.));
#15724=CARTESIAN_POINT('Origin',(0.,4.79999997007267,-38.));
#15725=CARTESIAN_POINT('',(-2.57175827820944E-16,2.49999997007267,-40.1));
#15726=CARTESIAN_POINT('Origin',(0.,2.49999997007267,-38.));
#15727=CARTESIAN_POINT('',(-2.57175827820944E-16,4.79999997007267,-40.1));
#15728=CARTESIAN_POINT('',(-2.57175827820944E-16,4.79999997007267,-40.1));
#15729=CARTESIAN_POINT('Origin',(0.,4.79999997007267,-38.));
#15730=CARTESIAN_POINT('Origin',(0.,4.79999997007267,-53.));
#15731=CARTESIAN_POINT('',(-1.46957615897682E-16,1.11022302462516E-15,-54.2));
#15732=CARTESIAN_POINT('Origin',(0.,8.67361737988404E-16,-53.));
#15733=CARTESIAN_POINT('',(-1.46957615897682E-16,2.49999997007267,-54.2));
#15734=CARTESIAN_POINT('',(-1.46957615897682E-16,4.79999997007267,-54.2));
#15735=CARTESIAN_POINT('Origin',(0.,2.49999997007267,-53.));
#15736=CARTESIAN_POINT('Origin',(0.,4.79999997007267,-53.));
#15737=CARTESIAN_POINT('',(-2.57175827820944E-16,2.49999997007267,-55.1));
#15738=CARTESIAN_POINT('Origin',(0.,2.49999997007267,-53.));
#15739=CARTESIAN_POINT('',(-2.57175827820944E-16,4.79999997007267,-55.1));
#15740=CARTESIAN_POINT('',(-2.57175827820944E-16,4.79999997007267,-55.1));
#15741=CARTESIAN_POINT('Origin',(0.,4.79999997007267,-53.));
#15742=CARTESIAN_POINT('Origin',(0.,4.79999997007267,-68.));
#15743=CARTESIAN_POINT('',(-1.46957615897683E-16,1.11022302462516E-15,-69.2));
#15744=CARTESIAN_POINT('Origin',(0.,8.67361737988404E-16,-68.));
#15745=CARTESIAN_POINT('',(-1.46957615897683E-16,2.49999997007267,-69.2));
#15746=CARTESIAN_POINT('',(-1.46957615897683E-16,4.79999997007267,-69.2));
#15747=CARTESIAN_POINT('Origin',(0.,2.49999997007267,-68.));
#15748=CARTESIAN_POINT('Origin',(0.,4.79999997007267,-68.));
#15749=CARTESIAN_POINT('',(-2.57175827820945E-16,2.49999997007267,-70.1));
#15750=CARTESIAN_POINT('Origin',(0.,2.49999997007267,-68.));
#15751=CARTESIAN_POINT('',(-2.57175827820945E-16,4.79999997007267,-70.1));
#15752=CARTESIAN_POINT('',(-2.57175827820945E-16,4.79999997007267,-70.1));
#15753=CARTESIAN_POINT('Origin',(0.,4.79999997007267,-68.));
#15754=CARTESIAN_POINT('Origin',(0.,4.79999997007267,-83.));
#15755=CARTESIAN_POINT('',(-1.46957615897683E-16,1.11022302462516E-15,-84.2));
#15756=CARTESIAN_POINT('Origin',(0.,8.67361737988404E-16,-83.));
#15757=CARTESIAN_POINT('',(-1.46957615897683E-16,2.49999997007267,-84.2));
#15758=CARTESIAN_POINT('',(-1.46957615897683E-16,4.79999997007267,-84.2));
#15759=CARTESIAN_POINT('Origin',(0.,2.49999997007267,-83.));
#15760=CARTESIAN_POINT('Origin',(0.,4.79999997007267,-83.));
#15761=CARTESIAN_POINT('',(-2.57175827820945E-16,2.49999997007267,-85.1));
#15762=CARTESIAN_POINT('Origin',(0.,2.49999997007267,-83.));
#15763=CARTESIAN_POINT('',(-2.57175827820945E-16,4.79999997007267,-85.1));
#15764=CARTESIAN_POINT('',(-2.57175827820945E-16,4.79999997007267,-85.1));
#15765=CARTESIAN_POINT('Origin',(0.,4.79999997007267,-83.));
#15766=CARTESIAN_POINT('Origin',(0.,4.79999997007267,-98.));
#15767=CARTESIAN_POINT('',(-1.46957615897683E-16,1.11022302462516E-15,-99.2));
#15768=CARTESIAN_POINT('Origin',(0.,8.67361737988404E-16,-98.));
#15769=CARTESIAN_POINT('',(-1.46957615897683E-16,2.49999997007267,-99.2));
#15770=CARTESIAN_POINT('',(-1.46957615897683E-16,4.79999997007267,-99.2));
#15771=CARTESIAN_POINT('Origin',(0.,2.49999997007267,-98.));
#15772=CARTESIAN_POINT('Origin',(0.,4.79999997007267,-98.));
#15773=CARTESIAN_POINT('',(-2.57175827820945E-16,2.49999997007267,-100.1));
#15774=CARTESIAN_POINT('Origin',(0.,2.49999997007267,-98.));
#15775=CARTESIAN_POINT('',(-2.57175827820945E-16,4.79999997007267,-100.1));
#15776=CARTESIAN_POINT('',(-2.57175827820945E-16,4.79999997007267,-100.1));
#15777=CARTESIAN_POINT('Origin',(0.,4.79999997007267,-98.));
#15778=CARTESIAN_POINT('Origin',(0.,4.79999997007267,-113.));
#15779=CARTESIAN_POINT('',(-1.46957615897683E-16,1.11022302462516E-15,-114.2));
#15780=CARTESIAN_POINT('Origin',(0.,8.67361737988404E-16,-113.));
#15781=CARTESIAN_POINT('',(-1.46957615897683E-16,2.49999997007267,-114.2));
#15782=CARTESIAN_POINT('',(-1.46957615897683E-16,4.79999997007267,-114.2));
#15783=CARTESIAN_POINT('Origin',(0.,2.49999997007267,-113.));
#15784=CARTESIAN_POINT('Origin',(0.,4.79999997007267,-113.));
#15785=CARTESIAN_POINT('',(-2.57175827820945E-16,2.49999997007267,-115.1));
#15786=CARTESIAN_POINT('Origin',(0.,2.49999997007267,-113.));
#15787=CARTESIAN_POINT('',(-2.57175827820945E-16,4.79999997007267,-115.1));
#15788=CARTESIAN_POINT('',(-2.57175827820945E-16,4.79999997007267,-115.1));
#15789=CARTESIAN_POINT('Origin',(0.,4.79999997007267,-113.));
#15790=CARTESIAN_POINT('Origin',(0.,4.79999997007267,-128.));
#15791=CARTESIAN_POINT('',(-1.46957615897683E-16,1.11022302462516E-15,-129.2));
#15792=CARTESIAN_POINT('Origin',(0.,8.67361737988404E-16,-128.));
#15793=CARTESIAN_POINT('',(-1.46957615897683E-16,2.49999997007267,-129.2));
#15794=CARTESIAN_POINT('',(-1.46957615897683E-16,4.79999997007267,-129.2));
#15795=CARTESIAN_POINT('Origin',(0.,2.49999997007267,-128.));
#15796=CARTESIAN_POINT('Origin',(0.,4.79999997007267,-128.));
#15797=CARTESIAN_POINT('',(-2.57175827820943E-16,2.49999997007267,-130.1));
#15798=CARTESIAN_POINT('Origin',(0.,2.49999997007267,-128.));
#15799=CARTESIAN_POINT('',(-2.57175827820943E-16,4.79999997007267,-130.1));
#15800=CARTESIAN_POINT('',(-2.57175827820943E-16,4.79999997007267,-130.1));
#15801=CARTESIAN_POINT('Origin',(0.,4.79999997007267,-128.));
#15802=CARTESIAN_POINT('Origin',(0.,4.79999997007267,-143.));
#15803=CARTESIAN_POINT('',(-1.46957615897683E-16,1.11022302462516E-15,-144.2));
#15804=CARTESIAN_POINT('Origin',(0.,8.67361737988404E-16,-143.));
#15805=CARTESIAN_POINT('',(-1.46957615897683E-16,2.49999997007267,-144.2));
#15806=CARTESIAN_POINT('',(-1.46957615897683E-16,4.79999997007267,-144.2));
#15807=CARTESIAN_POINT('Origin',(0.,2.49999997007267,-143.));
#15808=CARTESIAN_POINT('Origin',(0.,4.79999997007267,-143.));
#15809=CARTESIAN_POINT('',(-2.57175827820943E-16,2.49999997007267,-145.1));
#15810=CARTESIAN_POINT('Origin',(0.,2.49999997007267,-143.));
#15811=CARTESIAN_POINT('',(-2.57175827820943E-16,4.79999997007267,-145.1));
#15812=CARTESIAN_POINT('',(-2.57175827820943E-16,4.79999997007267,-145.1));
#15813=CARTESIAN_POINT('Origin',(0.,4.79999997007267,-143.));
#15814=CARTESIAN_POINT('Origin',(0.,4.79999997007267,-158.));
#15815=CARTESIAN_POINT('',(-1.46957615897683E-16,1.11022302462516E-15,-159.2));
#15816=CARTESIAN_POINT('Origin',(0.,8.67361737988404E-16,-158.));
#15817=CARTESIAN_POINT('',(-1.46957615897683E-16,2.49999997007267,-159.2));
#15818=CARTESIAN_POINT('',(-1.46957615897683E-16,4.79999997007267,-159.2));
#15819=CARTESIAN_POINT('Origin',(0.,2.49999997007267,-158.));
#15820=CARTESIAN_POINT('Origin',(0.,4.79999997007267,-158.));
#15821=CARTESIAN_POINT('',(-2.57175827820943E-16,2.49999997007267,-160.1));
#15822=CARTESIAN_POINT('Origin',(0.,2.49999997007267,-158.));
#15823=CARTESIAN_POINT('',(-2.57175827820943E-16,4.79999997007267,-160.1));
#15824=CARTESIAN_POINT('',(-2.57175827820943E-16,4.79999997007267,-160.1));
#15825=CARTESIAN_POINT('Origin',(0.,4.79999997007267,-158.));
#15826=CARTESIAN_POINT('Origin',(0.,4.79999997007267,-173.));
#15827=CARTESIAN_POINT('',(-1.46957615897683E-16,1.11022302462516E-15,-174.2));
#15828=CARTESIAN_POINT('Origin',(0.,8.67361737988404E-16,-173.));
#15829=CARTESIAN_POINT('',(-1.46957615897683E-16,2.49999997007267,-174.2));
#15830=CARTESIAN_POINT('',(-1.46957615897683E-16,4.79999997007267,-174.2));
#15831=CARTESIAN_POINT('Origin',(0.,2.49999997007267,-173.));
#15832=CARTESIAN_POINT('Origin',(0.,4.79999997007267,-173.));
#15833=CARTESIAN_POINT('',(-2.57175827820943E-16,2.49999997007267,-175.1));
#15834=CARTESIAN_POINT('Origin',(0.,2.49999997007267,-173.));
#15835=CARTESIAN_POINT('',(-2.57175827820943E-16,4.79999997007267,-175.1));
#15836=CARTESIAN_POINT('',(-2.57175827820943E-16,4.79999997007267,-175.1));
#15837=CARTESIAN_POINT('Origin',(0.,4.79999997007267,-173.));
#15838=CARTESIAN_POINT('Origin',(0.,4.79999997007267,-188.));
#15839=CARTESIAN_POINT('',(-1.46957615897683E-16,1.11022302462516E-15,-189.2));
#15840=CARTESIAN_POINT('Origin',(0.,8.67361737988404E-16,-188.));
#15841=CARTESIAN_POINT('',(-1.46957615897683E-16,2.49999997007267,-189.2));
#15842=CARTESIAN_POINT('',(-1.46957615897683E-16,4.79999997007267,-189.2));
#15843=CARTESIAN_POINT('Origin',(0.,2.49999997007267,-188.));
#15844=CARTESIAN_POINT('Origin',(0.,4.79999997007267,-188.));
#15845=CARTESIAN_POINT('',(-2.57175827820943E-16,2.49999997007267,-190.1));
#15846=CARTESIAN_POINT('Origin',(0.,2.49999997007267,-188.));
#15847=CARTESIAN_POINT('',(-2.57175827820943E-16,4.79999997007267,-190.1));
#15848=CARTESIAN_POINT('',(-2.57175827820943E-16,4.79999997007267,-190.1));
#15849=CARTESIAN_POINT('Origin',(0.,4.79999997007267,-188.));
#15850=CARTESIAN_POINT('Origin',(0.,4.79999997007267,-203.));
#15851=CARTESIAN_POINT('',(-1.46957615897683E-16,1.11022302462516E-15,-204.2));
#15852=CARTESIAN_POINT('Origin',(0.,8.67361737988404E-16,-203.));
#15853=CARTESIAN_POINT('',(-1.46957615897683E-16,2.49999997007267,-204.2));
#15854=CARTESIAN_POINT('',(-1.46957615897683E-16,4.79999997007267,-204.2));
#15855=CARTESIAN_POINT('Origin',(0.,2.49999997007267,-203.));
#15856=CARTESIAN_POINT('Origin',(0.,4.79999997007267,-203.));
#15857=CARTESIAN_POINT('',(-2.57175827820943E-16,2.49999997007267,-205.1));
#15858=CARTESIAN_POINT('Origin',(0.,2.49999997007267,-203.));
#15859=CARTESIAN_POINT('',(-2.57175827820943E-16,4.79999997007267,-205.1));
#15860=CARTESIAN_POINT('',(-2.57175827820943E-16,4.79999997007267,-205.1));
#15861=CARTESIAN_POINT('Origin',(0.,4.79999997007267,-203.));
#15862=CARTESIAN_POINT('Origin',(0.,4.79999997007267,-218.));
#15863=CARTESIAN_POINT('',(-1.46957615897683E-16,1.11022302462516E-15,-219.2));
#15864=CARTESIAN_POINT('Origin',(0.,8.67361737988404E-16,-218.));
#15865=CARTESIAN_POINT('',(-1.46957615897683E-16,2.49999997007267,-219.2));
#15866=CARTESIAN_POINT('',(-1.46957615897683E-16,4.79999997007267,-219.2));
#15867=CARTESIAN_POINT('Origin',(0.,2.49999997007267,-218.));
#15868=CARTESIAN_POINT('Origin',(0.,4.79999997007267,-218.));
#15869=CARTESIAN_POINT('',(-2.57175827820943E-16,2.49999997007267,-220.1));
#15870=CARTESIAN_POINT('Origin',(0.,2.49999997007267,-218.));
#15871=CARTESIAN_POINT('',(-2.57175827820943E-16,4.79999997007267,-220.1));
#15872=CARTESIAN_POINT('',(-2.57175827820943E-16,4.79999997007267,-220.1));
#15873=CARTESIAN_POINT('Origin',(0.,4.79999997007267,-218.));
#15874=CARTESIAN_POINT('Origin',(0.,4.79999997007267,-233.));
#15875=CARTESIAN_POINT('',(-1.46957615897683E-16,1.11022302462516E-15,-234.2));
#15876=CARTESIAN_POINT('Origin',(0.,8.67361737988404E-16,-233.));
#15877=CARTESIAN_POINT('',(-1.46957615897683E-16,2.49999997007267,-234.2));
#15878=CARTESIAN_POINT('',(-1.46957615897683E-16,4.79999997007267,-234.2));
#15879=CARTESIAN_POINT('Origin',(0.,2.49999997007267,-233.));
#15880=CARTESIAN_POINT('Origin',(0.,4.79999997007267,-233.));
#15881=CARTESIAN_POINT('',(-2.57175827820943E-16,2.49999997007267,-235.1));
#15882=CARTESIAN_POINT('Origin',(0.,2.49999997007267,-233.));
#15883=CARTESIAN_POINT('',(-2.57175827820943E-16,4.79999997007267,-235.1));
#15884=CARTESIAN_POINT('',(-2.57175827820943E-16,4.79999997007267,-235.1));
#15885=CARTESIAN_POINT('Origin',(0.,4.79999997007267,-233.));
#15886=CARTESIAN_POINT('Origin',(0.,4.79999997007267,-248.));
#15887=CARTESIAN_POINT('',(-1.46957615897683E-16,1.11022302462516E-15,-249.2));
#15888=CARTESIAN_POINT('Origin',(0.,8.67361737988404E-16,-248.));
#15889=CARTESIAN_POINT('',(-1.46957615897683E-16,2.49999997007267,-249.2));
#15890=CARTESIAN_POINT('',(-1.46957615897683E-16,4.79999997007267,-249.2));
#15891=CARTESIAN_POINT('Origin',(0.,2.49999997007267,-248.));
#15892=CARTESIAN_POINT('Origin',(0.,4.79999997007267,-248.));
#15893=CARTESIAN_POINT('',(-2.57175827820943E-16,2.49999997007267,-250.1));
#15894=CARTESIAN_POINT('Origin',(0.,2.49999997007267,-248.));
#15895=CARTESIAN_POINT('',(-2.57175827820943E-16,4.79999997007267,-250.1));
#15896=CARTESIAN_POINT('',(-2.57175827820943E-16,4.79999997007267,-250.1));
#15897=CARTESIAN_POINT('Origin',(0.,4.79999997007267,-248.));
#15898=CARTESIAN_POINT('Origin',(0.,4.79999997007267,-263.));
#15899=CARTESIAN_POINT('',(-1.4695761589768E-16,1.11022302462516E-15,-264.2));
#15900=CARTESIAN_POINT('Origin',(0.,8.67361737988404E-16,-263.));
#15901=CARTESIAN_POINT('',(-1.4695761589768E-16,2.49999997007267,-264.2));
#15902=CARTESIAN_POINT('',(-1.4695761589768E-16,4.79999997007267,-264.2));
#15903=CARTESIAN_POINT('Origin',(0.,2.49999997007267,-263.));
#15904=CARTESIAN_POINT('Origin',(0.,4.79999997007267,-263.));
#15905=CARTESIAN_POINT('',(-2.57175827820943E-16,2.49999997007267,-265.1));
#15906=CARTESIAN_POINT('Origin',(0.,2.49999997007267,-263.));
#15907=CARTESIAN_POINT('',(-2.57175827820943E-16,4.79999997007267,-265.1));
#15908=CARTESIAN_POINT('',(-2.57175827820943E-16,4.79999997007267,-265.1));
#15909=CARTESIAN_POINT('Origin',(0.,4.79999997007267,-263.));
#15910=CARTESIAN_POINT('Origin',(0.,4.79999997007267,-278.));
#15911=CARTESIAN_POINT('',(-1.4695761589768E-16,1.11022302462516E-15,-279.2));
#15912=CARTESIAN_POINT('Origin',(0.,8.67361737988404E-16,-278.));
#15913=CARTESIAN_POINT('',(-1.4695761589768E-16,2.49999997007267,-279.2));
#15914=CARTESIAN_POINT('',(-1.4695761589768E-16,4.79999997007267,-279.2));
#15915=CARTESIAN_POINT('Origin',(0.,2.49999997007267,-278.));
#15916=CARTESIAN_POINT('Origin',(0.,4.79999997007267,-278.));
#15917=CARTESIAN_POINT('',(-2.57175827820943E-16,2.49999997007267,-280.1));
#15918=CARTESIAN_POINT('Origin',(0.,2.49999997007267,-278.));
#15919=CARTESIAN_POINT('',(-2.57175827820943E-16,4.79999997007267,-280.1));
#15920=CARTESIAN_POINT('',(-2.57175827820943E-16,4.79999997007267,-280.1));
#15921=CARTESIAN_POINT('Origin',(0.,4.79999997007267,-278.));
#15922=CARTESIAN_POINT('Origin',(0.,4.79999997007267,-293.));
#15923=CARTESIAN_POINT('',(-1.4695761589768E-16,1.11022302462516E-15,-294.2));
#15924=CARTESIAN_POINT('Origin',(0.,8.67361737988404E-16,-293.));
#15925=CARTESIAN_POINT('',(-1.4695761589768E-16,2.49999997007267,-294.2));
#15926=CARTESIAN_POINT('',(-1.4695761589768E-16,4.79999997007267,-294.2));
#15927=CARTESIAN_POINT('Origin',(0.,2.49999997007267,-293.));
#15928=CARTESIAN_POINT('Origin',(0.,4.79999997007267,-293.));
#15929=CARTESIAN_POINT('',(-2.57175827820943E-16,2.49999997007267,-295.1));
#15930=CARTESIAN_POINT('Origin',(0.,2.49999997007267,-293.));
#15931=CARTESIAN_POINT('',(-2.57175827820943E-16,4.79999997007267,-295.1));
#15932=CARTESIAN_POINT('',(-2.57175827820943E-16,4.79999997007267,-295.1));
#15933=CARTESIAN_POINT('Origin',(0.,4.79999997007267,-293.));
#15934=CARTESIAN_POINT('Origin',(0.,4.79999997007267,-308.));
#15935=CARTESIAN_POINT('',(-1.4695761589768E-16,1.11022302462516E-15,-309.2));
#15936=CARTESIAN_POINT('Origin',(0.,8.67361737988404E-16,-308.));
#15937=CARTESIAN_POINT('',(-1.4695761589768E-16,2.49999997007267,-309.2));
#15938=CARTESIAN_POINT('',(-1.4695761589768E-16,4.79999997007267,-309.2));
#15939=CARTESIAN_POINT('Origin',(0.,2.49999997007267,-308.));
#15940=CARTESIAN_POINT('Origin',(0.,4.79999997007267,-308.));
#15941=CARTESIAN_POINT('',(-2.57175827820943E-16,2.49999997007267,-310.1));
#15942=CARTESIAN_POINT('Origin',(0.,2.49999997007267,-308.));
#15943=CARTESIAN_POINT('',(-2.57175827820943E-16,4.79999997007267,-310.1));
#15944=CARTESIAN_POINT('',(-2.57175827820943E-16,4.79999997007267,-310.1));
#15945=CARTESIAN_POINT('Origin',(0.,4.79999997007267,-308.));
#15946=CARTESIAN_POINT('Origin',(0.,4.79999997007267,-323.));
#15947=CARTESIAN_POINT('',(-1.4695761589768E-16,1.11022302462516E-15,-324.2));
#15948=CARTESIAN_POINT('Origin',(0.,8.67361737988404E-16,-323.));
#15949=CARTESIAN_POINT('',(-1.4695761589768E-16,2.49999997007267,-324.2));
#15950=CARTESIAN_POINT('',(-1.4695761589768E-16,4.79999997007267,-324.2));
#15951=CARTESIAN_POINT('Origin',(0.,2.49999997007267,-323.));
#15952=CARTESIAN_POINT('Origin',(0.,4.79999997007267,-323.));
#15953=CARTESIAN_POINT('',(-2.57175827820943E-16,2.49999997007267,-325.1));
#15954=CARTESIAN_POINT('Origin',(0.,2.49999997007267,-323.));
#15955=CARTESIAN_POINT('',(-2.57175827820943E-16,4.79999997007267,-325.1));
#15956=CARTESIAN_POINT('',(-2.57175827820943E-16,4.79999997007267,-325.1));
#15957=CARTESIAN_POINT('Origin',(0.,4.79999997007267,-323.));
#15958=CARTESIAN_POINT('Origin',(0.,4.79999997007267,-338.));
#15959=CARTESIAN_POINT('',(-1.4695761589768E-16,1.11022302462516E-15,-339.2));
#15960=CARTESIAN_POINT('Origin',(0.,8.67361737988404E-16,-338.));
#15961=CARTESIAN_POINT('',(-1.4695761589768E-16,2.49999997007267,-339.2));
#15962=CARTESIAN_POINT('',(-1.4695761589768E-16,4.79999997007267,-339.2));
#15963=CARTESIAN_POINT('Origin',(0.,2.49999997007267,-338.));
#15964=CARTESIAN_POINT('Origin',(0.,4.79999997007267,-338.));
#15965=CARTESIAN_POINT('',(-2.57175827820943E-16,2.49999997007267,-340.1));
#15966=CARTESIAN_POINT('Origin',(0.,2.49999997007267,-338.));
#15967=CARTESIAN_POINT('',(-2.57175827820943E-16,4.79999997007267,-340.1));
#15968=CARTESIAN_POINT('',(-2.57175827820943E-16,4.79999997007267,-340.1));
#15969=CARTESIAN_POINT('Origin',(0.,4.79999997007267,-338.));
#15970=CARTESIAN_POINT('Origin',(0.,4.79999997007267,-353.));
#15971=CARTESIAN_POINT('',(-1.4695761589768E-16,1.11022302462516E-15,-354.2));
#15972=CARTESIAN_POINT('Origin',(0.,8.67361737988404E-16,-353.));
#15973=CARTESIAN_POINT('',(-1.4695761589768E-16,2.49999997007267,-354.2));
#15974=CARTESIAN_POINT('',(-1.4695761589768E-16,4.79999997007267,-354.2));
#15975=CARTESIAN_POINT('Origin',(0.,2.49999997007267,-353.));
#15976=CARTESIAN_POINT('Origin',(0.,4.79999997007267,-353.));
#15977=CARTESIAN_POINT('',(-2.57175827820943E-16,2.49999997007267,-355.1));
#15978=CARTESIAN_POINT('Origin',(0.,2.49999997007267,-353.));
#15979=CARTESIAN_POINT('',(-2.57175827820943E-16,4.79999997007267,-355.1));
#15980=CARTESIAN_POINT('',(-2.57175827820943E-16,4.79999997007267,-355.1));
#15981=CARTESIAN_POINT('Origin',(0.,4.79999997007267,-353.));
#15982=CARTESIAN_POINT('Origin',(0.,4.79999997007267,-368.));
#15983=CARTESIAN_POINT('',(-1.4695761589768E-16,1.11022302462516E-15,-369.2));
#15984=CARTESIAN_POINT('Origin',(0.,8.67361737988404E-16,-368.));
#15985=CARTESIAN_POINT('',(-1.4695761589768E-16,2.49999997007267,-369.2));
#15986=CARTESIAN_POINT('',(-1.4695761589768E-16,4.79999997007267,-369.2));
#15987=CARTESIAN_POINT('Origin',(0.,2.49999997007267,-368.));
#15988=CARTESIAN_POINT('Origin',(0.,4.79999997007267,-368.));
#15989=CARTESIAN_POINT('',(-2.57175827820943E-16,2.49999997007267,-370.1));
#15990=CARTESIAN_POINT('Origin',(0.,2.49999997007267,-368.));
#15991=CARTESIAN_POINT('',(-2.57175827820943E-16,4.79999997007267,-370.1));
#15992=CARTESIAN_POINT('',(-2.57175827820943E-16,4.79999997007267,-370.1));
#15993=CARTESIAN_POINT('Origin',(0.,4.79999997007267,-368.));
#15994=CARTESIAN_POINT('Origin',(0.,4.79999997007267,-383.));
#15995=CARTESIAN_POINT('',(-1.4695761589768E-16,1.11022302462516E-15,-384.2));
#15996=CARTESIAN_POINT('Origin',(0.,8.67361737988404E-16,-383.));
#15997=CARTESIAN_POINT('',(-1.4695761589768E-16,2.49999997007267,-384.2));
#15998=CARTESIAN_POINT('',(-1.4695761589768E-16,4.79999997007267,-384.2));
#15999=CARTESIAN_POINT('Origin',(0.,2.49999997007267,-383.));
#16000=CARTESIAN_POINT('Origin',(0.,4.79999997007267,-383.));
#16001=CARTESIAN_POINT('',(-2.57175827820943E-16,2.49999997007267,-385.1));
#16002=CARTESIAN_POINT('Origin',(0.,2.49999997007267,-383.));
#16003=CARTESIAN_POINT('',(-2.57175827820943E-16,4.79999997007267,-385.1));
#16004=CARTESIAN_POINT('',(-2.57175827820943E-16,4.79999997007267,-385.1));
#16005=CARTESIAN_POINT('Origin',(0.,4.79999997007267,-383.));
#16006=CARTESIAN_POINT('Origin',(0.,4.79999997007267,-398.));
#16007=CARTESIAN_POINT('',(-1.4695761589768E-16,1.11022302462516E-15,-399.2));
#16008=CARTESIAN_POINT('Origin',(0.,8.67361737988404E-16,-398.));
#16009=CARTESIAN_POINT('',(-1.4695761589768E-16,2.49999997007267,-399.2));
#16010=CARTESIAN_POINT('',(-1.4695761589768E-16,4.79999997007267,-399.2));
#16011=CARTESIAN_POINT('Origin',(0.,2.49999997007267,-398.));
#16012=CARTESIAN_POINT('Origin',(0.,4.79999997007267,-398.));
#16013=CARTESIAN_POINT('',(-2.57175827820943E-16,2.49999997007267,-400.1));
#16014=CARTESIAN_POINT('Origin',(0.,2.49999997007267,-398.));
#16015=CARTESIAN_POINT('',(-2.57175827820943E-16,4.79999997007267,-400.1));
#16016=CARTESIAN_POINT('',(-2.57175827820943E-16,4.79999997007267,-400.1));
#16017=CARTESIAN_POINT('Origin',(0.,4.79999997007267,-398.));
#16018=CARTESIAN_POINT('Origin',(0.,4.79999997007267,-413.));
#16019=CARTESIAN_POINT('',(-1.4695761589768E-16,1.11022302462516E-15,-414.2));
#16020=CARTESIAN_POINT('Origin',(0.,8.67361737988404E-16,-413.));
#16021=CARTESIAN_POINT('',(-1.4695761589768E-16,2.49999997007267,-414.2));
#16022=CARTESIAN_POINT('',(-1.4695761589768E-16,4.79999997007267,-414.2));
#16023=CARTESIAN_POINT('Origin',(0.,2.49999997007267,-413.));
#16024=CARTESIAN_POINT('Origin',(0.,4.79999997007267,-413.));
#16025=CARTESIAN_POINT('',(-2.57175827820943E-16,2.49999997007267,-415.1));
#16026=CARTESIAN_POINT('Origin',(0.,2.49999997007267,-413.));
#16027=CARTESIAN_POINT('',(-2.57175827820943E-16,4.79999997007267,-415.1));
#16028=CARTESIAN_POINT('',(-2.57175827820943E-16,4.79999997007267,-415.1));
#16029=CARTESIAN_POINT('Origin',(0.,4.79999997007267,-413.));
#16030=CARTESIAN_POINT('Origin',(0.,4.79999997007267,-428.));
#16031=CARTESIAN_POINT('',(-1.4695761589768E-16,1.11022302462516E-15,-429.2));
#16032=CARTESIAN_POINT('Origin',(0.,8.67361737988404E-16,-428.));
#16033=CARTESIAN_POINT('',(-1.4695761589768E-16,2.49999997007267,-429.2));
#16034=CARTESIAN_POINT('',(-1.4695761589768E-16,4.79999997007267,-429.2));
#16035=CARTESIAN_POINT('Origin',(0.,2.49999997007267,-428.));
#16036=CARTESIAN_POINT('Origin',(0.,4.79999997007267,-428.));
#16037=CARTESIAN_POINT('',(-2.57175827820943E-16,2.49999997007267,-430.1));
#16038=CARTESIAN_POINT('Origin',(0.,2.49999997007267,-428.));
#16039=CARTESIAN_POINT('',(-2.57175827820943E-16,4.79999997007267,-430.1));
#16040=CARTESIAN_POINT('',(-2.57175827820943E-16,4.79999997007267,-430.1));
#16041=CARTESIAN_POINT('Origin',(0.,4.79999997007267,-428.));
#16042=CARTESIAN_POINT('Origin',(0.,4.79999997007267,-443.));
#16043=CARTESIAN_POINT('',(-1.4695761589768E-16,1.11022302462516E-15,-444.2));
#16044=CARTESIAN_POINT('Origin',(0.,8.67361737988404E-16,-443.));
#16045=CARTESIAN_POINT('',(-1.4695761589768E-16,2.49999997007267,-444.2));
#16046=CARTESIAN_POINT('',(-1.4695761589768E-16,4.79999997007267,-444.2));
#16047=CARTESIAN_POINT('Origin',(0.,2.49999997007267,-443.));
#16048=CARTESIAN_POINT('Origin',(0.,4.79999997007267,-443.));
#16049=CARTESIAN_POINT('',(-2.57175827820943E-16,2.49999997007267,-445.1));
#16050=CARTESIAN_POINT('Origin',(0.,2.49999997007267,-443.));
#16051=CARTESIAN_POINT('',(-2.57175827820943E-16,4.79999997007267,-445.1));
#16052=CARTESIAN_POINT('',(-2.57175827820943E-16,4.79999997007267,-445.1));
#16053=CARTESIAN_POINT('Origin',(0.,4.79999997007267,-443.));
#16054=CARTESIAN_POINT('Origin',(0.,4.79999997007267,-458.));
#16055=CARTESIAN_POINT('',(-1.4695761589768E-16,1.11022302462516E-15,-459.2));
#16056=CARTESIAN_POINT('Origin',(0.,8.67361737988404E-16,-458.));
#16057=CARTESIAN_POINT('',(-1.4695761589768E-16,2.49999997007267,-459.2));
#16058=CARTESIAN_POINT('',(-1.4695761589768E-16,4.79999997007267,-459.2));
#16059=CARTESIAN_POINT('Origin',(0.,2.49999997007267,-458.));
#16060=CARTESIAN_POINT('Origin',(0.,4.79999997007267,-458.));
#16061=CARTESIAN_POINT('',(-2.57175827820943E-16,2.49999997007267,-460.1));
#16062=CARTESIAN_POINT('Origin',(0.,2.49999997007267,-458.));
#16063=CARTESIAN_POINT('',(-2.57175827820943E-16,4.79999997007267,-460.1));
#16064=CARTESIAN_POINT('',(-2.57175827820943E-16,4.79999997007267,-460.1));
#16065=CARTESIAN_POINT('Origin',(0.,4.79999997007267,-458.));
#16066=CARTESIAN_POINT('Origin',(0.,4.79999997007267,-473.));
#16067=CARTESIAN_POINT('',(-1.4695761589768E-16,1.11022302462516E-15,-474.2));
#16068=CARTESIAN_POINT('Origin',(0.,8.67361737988404E-16,-473.));
#16069=CARTESIAN_POINT('',(-1.4695761589768E-16,2.49999997007267,-474.2));
#16070=CARTESIAN_POINT('',(-1.4695761589768E-16,4.79999997007267,-474.2));
#16071=CARTESIAN_POINT('Origin',(0.,2.49999997007267,-473.));
#16072=CARTESIAN_POINT('Origin',(0.,4.79999997007267,-473.));
#16073=CARTESIAN_POINT('',(-2.57175827820943E-16,2.49999997007267,-475.1));
#16074=CARTESIAN_POINT('Origin',(0.,2.49999997007267,-473.));
#16075=CARTESIAN_POINT('',(-2.57175827820943E-16,4.79999997007267,-475.1));
#16076=CARTESIAN_POINT('',(-2.57175827820943E-16,4.79999997007267,-475.1));
#16077=CARTESIAN_POINT('Origin',(0.,4.79999997007267,-473.));
#16078=CARTESIAN_POINT('Origin',(0.,4.79999997007267,-488.));
#16079=CARTESIAN_POINT('',(-1.4695761589768E-16,1.11022302462516E-15,-489.2));
#16080=CARTESIAN_POINT('Origin',(0.,8.67361737988404E-16,-488.));
#16081=CARTESIAN_POINT('',(-1.4695761589768E-16,2.49999997007267,-489.2));
#16082=CARTESIAN_POINT('',(-1.4695761589768E-16,4.79999997007267,-489.2));
#16083=CARTESIAN_POINT('Origin',(0.,2.49999997007267,-488.));
#16084=CARTESIAN_POINT('Origin',(0.,4.79999997007267,-488.));
#16085=CARTESIAN_POINT('',(-2.57175827820943E-16,2.49999997007267,-490.1));
#16086=CARTESIAN_POINT('Origin',(0.,2.49999997007267,-488.));
#16087=CARTESIAN_POINT('',(-2.57175827820943E-16,4.79999997007267,-490.1));
#16088=CARTESIAN_POINT('',(-2.57175827820943E-16,4.79999997007267,-490.1));
#16089=CARTESIAN_POINT('Origin',(0.,4.79999997007267,-488.));
#16090=CARTESIAN_POINT('Origin',(0.,4.79999997007267,-507.487638052681));
#16091=CARTESIAN_POINT('',(-3.19999999995554,4.79999997007267,-499.));
#16092=CARTESIAN_POINT('',(3.20000000004446,4.79999997007267,-499.));
#16093=CARTESIAN_POINT('',(0.,4.79999997007267,-499.));
#16094=CARTESIAN_POINT('',(-3.19999999995554,4.79999997007267,0.));
#16095=CARTESIAN_POINT('',(-3.19999999995554,4.79999997007267,-507.487638052681));
#16096=CARTESIAN_POINT('',(3.20000000004446,4.79999997007267,0.));
#16097=CARTESIAN_POINT('',(0.,4.79999997007267,0.));
#16098=CARTESIAN_POINT('',(3.20000000004446,4.79999997007267,-507.487638052681));
#16099=CARTESIAN_POINT('',(0.394085798199663,4.79999997007267,-14.0312433699186));
#16100=CARTESIAN_POINT('',(0.310906523122351,4.79999997007267,-14.0544629170723));
#16101=CARTESIAN_POINT('',(3.66216511929201,4.79999997007267,-13.1189569641068));
#16102=CARTESIAN_POINT('',(-0.534733095315953,4.79999997007267,-14.2574904396347));
#16103=CARTESIAN_POINT('Ctrl Pts',(0.310906523122373,4.79999997007267,-14.0544629170723));
#16104=CARTESIAN_POINT('Ctrl Pts',(0.310698855838143,4.79999997007267,-14.057746351206));
#16105=CARTESIAN_POINT('Ctrl Pts',(0.315252401756395,4.79999997007267,-14.0935049571162));
#16106=CARTESIAN_POINT('Ctrl Pts',(0.306486821827702,4.79999997007267,-14.1089945825435));
#16107=CARTESIAN_POINT('Ctrl Pts',(0.300595124694771,4.79999997007267,-14.1194057798017));
#16108=CARTESIAN_POINT('Ctrl Pts',(0.296676382751214,4.79999997007267,-14.1312495529509));
#16109=CARTESIAN_POINT('Ctrl Pts',(0.28869949445667,4.79999997007267,-14.1401643931958));
#16110=CARTESIAN_POINT('Ctrl Pts',(0.280388292955486,4.79999997007267,-14.1494528564274));
#16111=CARTESIAN_POINT('Ctrl Pts',(0.270446557566757,4.79999997007267,-14.1583686111244));
#16112=CARTESIAN_POINT('Ctrl Pts',(0.258665776960071,4.79999997007267,-14.1624386022663));
#16113=CARTESIAN_POINT('Ctrl Pts',(0.183774965555659,4.79999997007267,-14.1883116703762));
#16114=CARTESIAN_POINT('Ctrl Pts',(0.106973254232311,4.79999997007267,-14.2083413548553));
#16115=CARTESIAN_POINT('Ctrl Pts',(0.0305726628463347,4.79999997007267,
-14.2293413291911));
#16116=CARTESIAN_POINT('Ctrl Pts',(-0.137828398290756,4.79999997007267,
-14.275629164113));
#16117=CARTESIAN_POINT('Ctrl Pts',(-0.306055809301753,4.79999997007267,
-14.3227495186256));
#16118=CARTESIAN_POINT('Ctrl Pts',(-0.475690647424388,4.79999997007267,
-14.3642886898854));
#16119=CARTESIAN_POINT('Ctrl Pts',(-0.484457149901037,4.79999997007267,
-14.366435378925));
#16120=CARTESIAN_POINT('Ctrl Pts',(-0.494403841493196,4.79999997007267,
-14.3640360978682));
#16121=CARTESIAN_POINT('Ctrl Pts',(-0.502401352890743,4.79999997007267,
-14.359852839455));
#16122=CARTESIAN_POINT('Ctrl Pts',(-0.510768579232868,4.79999997007267,
-14.3554761942398));
#16123=CARTESIAN_POINT('Ctrl Pts',(-0.518013264904825,4.79999997007267,
-14.3481720477756));
#16124=CARTESIAN_POINT('Ctrl Pts',(-0.522444071471968,4.79999997007267,
-14.3398333756293));
#16125=CARTESIAN_POINT('Ctrl Pts',(-0.535465929054675,4.79999997007267,
-14.3153265506363));
#16126=CARTESIAN_POINT('Ctrl Pts',(-0.532785560223143,4.79999997007267,
-14.2851736539206));
#16127=CARTESIAN_POINT('Ctrl Pts',(-0.534733095315953,4.79999997007267,
-14.2574904396347));
#16128=CARTESIAN_POINT('',(-0.623175789277923,4.79999997007267,-14.2831012583496));
#16129=CARTESIAN_POINT('',(3.76783041466652,4.79999997007267,-13.0115743653155));
#16130=CARTESIAN_POINT('',(-0.623175789277923,4.79999997007267,-14.728430238087));
#16131=CARTESIAN_POINT('',(-0.623175789277923,4.79999997007267,0.));
#16132=CARTESIAN_POINT('',(-0.534733095315953,4.79999997007267,-14.7028194193722));
#16133=CARTESIAN_POINT('',(3.88680980331966,4.79999997007267,-13.4224498541302));
#16134=CARTESIAN_POINT('',(-0.461880985372689,4.79999997007267,-14.5825238969259));
#16135=CARTESIAN_POINT('Ctrl Pts',(-0.461880985372689,4.79999997007267,
-14.5825238969259));
#16136=CARTESIAN_POINT('Ctrl Pts',(-0.485467376655537,4.79999997007267,
-14.5883053345572));
#16137=CARTESIAN_POINT('Ctrl Pts',(-0.533705953791796,4.79999997007267,
-14.6210448623489));
#16138=CARTESIAN_POINT('Ctrl Pts',(-0.532121943950222,4.79999997007267,
-14.6783714782978));
#16139=CARTESIAN_POINT('Ctrl Pts',(-0.534733095315953,4.79999997007267,
-14.7028194193722));
#16140=CARTESIAN_POINT('',(0.240356917804179,4.79999997007267,-14.3897835071076));
#16141=CARTESIAN_POINT('',(3.68966387398529,4.79999997007267,-13.443066213254));
#16142=CARTESIAN_POINT('',(0.312032090876416,4.79999997007267,-14.4415159596294));
#16143=CARTESIAN_POINT('Ctrl Pts',(0.240356917804179,4.79999997007267,-14.3897835071076));
#16144=CARTESIAN_POINT('Ctrl Pts',(0.257092367485916,4.79999997007267,-14.3861894433661));
#16145=CARTESIAN_POINT('Ctrl Pts',(0.297675078697259,4.79999997007267,-14.3886866554261));
#16146=CARTESIAN_POINT('Ctrl Pts',(0.312196033375896,4.79999997007267,-14.4260058922958));
#16147=CARTESIAN_POINT('Ctrl Pts',(0.312032090876416,4.79999997007267,-14.4415159596294));
#16148=CARTESIAN_POINT('',(0.312032090876416,4.79999997007267,-14.4802732890559));
#16149=CARTESIAN_POINT('',(0.312032090876416,4.79999997007267,0.));
#16150=CARTESIAN_POINT('',(0.394085798199663,4.79999997007267,-14.4573679448513));
#16151=CARTESIAN_POINT('',(3.7725187485841,4.79999997007267,-13.51427625375));
#16152=CARTESIAN_POINT('',(0.394085798199663,4.79999997007267,0.));
#16153=CARTESIAN_POINT('',(0.394085798199663,4.79999997007267,-13.5174994680974));
#16154=CARTESIAN_POINT('',(0.307677639686005,4.79999997007267,-13.5416203601009));
#16155=CARTESIAN_POINT('',(3.52912068245894,4.79999997007267,-12.6423525008263));
#16156=CARTESIAN_POINT('',(-0.086928672032638,4.79999997007267,-13.7505758423697));
#16157=CARTESIAN_POINT('Ctrl Pts',(0.307677639685998,4.79999997007267,-13.5416203601009));
#16158=CARTESIAN_POINT('Ctrl Pts',(0.306980714872023,4.79999997007267,-13.5623949043264));
#16159=CARTESIAN_POINT('Ctrl Pts',(0.310412470015507,4.79999997007267,-13.58372566123));
#16160=CARTESIAN_POINT('Ctrl Pts',(0.305586865244075,4.79999997007267,-13.6039439927774));
#16161=CARTESIAN_POINT('Ctrl Pts',(0.302792384567824,4.79999997007267,-13.6156523152554));
#16162=CARTESIAN_POINT('Ctrl Pts',(0.294525363366327,4.79999997007267,-13.6259343123099));
#16163=CARTESIAN_POINT('Ctrl Pts',(0.285620857470369,4.79999997007267,-13.6340339241677));
#16164=CARTESIAN_POINT('Ctrl Pts',(0.274420467635697,4.79999997007267,-13.6442218909542));
#16165=CARTESIAN_POINT('Ctrl Pts',(0.26113648983407,4.79999997007267,-13.6528540872382));
#16166=CARTESIAN_POINT('Ctrl Pts',(0.246722184722573,4.79999997007267,-13.6574877907076));
#16167=CARTESIAN_POINT('Ctrl Pts',(0.136797950486234,4.79999997007267,-13.6928246523612));
#16168=CARTESIAN_POINT('Ctrl Pts',(0.0256447369710294,4.79999997007267,
-13.7248998097856));
#16169=CARTESIAN_POINT('Ctrl Pts',(-0.0869286720326378,4.79999997007267,
-13.7505758423697));
#16170=CARTESIAN_POINT('',(-0.0869286720326378,4.79999997007267,-13.3195682747671));
#16171=CARTESIAN_POINT('',(-0.0869286720326328,4.79999997007267,3.28004409272756E-17));
#16172=CARTESIAN_POINT('',(-0.0645959020790527,4.79999997007267,-13.290201593904));
#16173=CARTESIAN_POINT('Ctrl Pts',(-0.0645959020790527,4.79999997007267,
-13.290201593904));
#16174=CARTESIAN_POINT('Ctrl Pts',(-0.0874623531208565,4.79999997007267,
-13.2952671986743));
#16175=CARTESIAN_POINT('Ctrl Pts',(-0.0869286720326378,4.79999997007267,
-13.3195682747671));
#16176=CARTESIAN_POINT('',(0.229885403725521,4.79999997007267,-13.2150683504979));
#16177=CARTESIAN_POINT('',(3.17964522644862,4.79999997007267,-12.4624738109405));
#16178=CARTESIAN_POINT('',(0.308129026591512,4.79999997007267,-13.2657198831499));
#16179=CARTESIAN_POINT('Ctrl Pts',(0.229885403725521,4.79999997007267,-13.2150683504979));
#16180=CARTESIAN_POINT('Ctrl Pts',(0.249484150752437,4.79999997007267,-13.2107288178205));
#16181=CARTESIAN_POINT('Ctrl Pts',(0.284006936294727,4.79999997007267,-13.2106281846018));
#16182=CARTESIAN_POINT('Ctrl Pts',(0.310412801532526,4.79999997007267,-13.243929089201));
#16183=CARTESIAN_POINT('Ctrl Pts',(0.308129026591512,4.79999997007267,-13.2602316720017));
#16184=CARTESIAN_POINT('Ctrl Pts',(0.308129026591512,4.79999997007267,-13.2657198831499));
#16185=CARTESIAN_POINT('',(0.308129026591512,4.79999997007267,-13.3056411815406));
#16186=CARTESIAN_POINT('',(0.308129026591512,4.79999997007267,0.));
#16187=CARTESIAN_POINT('',(0.394085798199663,4.79999997007267,-13.2816462944767));
#16188=CARTESIAN_POINT('',(3.4680417041034,4.79999997007267,-12.4235495625763));
#16189=CARTESIAN_POINT('',(0.394085798199663,4.79999997007267,-12.8385779448887));
#16190=CARTESIAN_POINT('',(0.39408579819965,4.79999997007267,3.85736132089794E-16));
#16191=CARTESIAN_POINT('',(0.308129026591512,4.79999997007267,-12.8625728319526));
#16192=CARTESIAN_POINT('',(3.35330013959926,4.79999997007267,-12.0125113931626));
#16193=CARTESIAN_POINT('',(0.308129026591512,4.79999997007267,-12.9012560699263));
#16194=CARTESIAN_POINT('',(0.308129026591512,4.79999997007267,0.));
#16195=CARTESIAN_POINT('',(0.240356917804179,4.79999997007267,-12.9925513735413));
#16196=CARTESIAN_POINT('Ctrl Pts',(0.240356917804179,4.79999997007267,-12.9925513735413));
#16197=CARTESIAN_POINT('Ctrl Pts',(0.256397332474336,4.79999997007267,-12.9874505587105));
#16198=CARTESIAN_POINT('Ctrl Pts',(0.279655107043315,4.79999997007267,-12.9726943182607));
#16199=CARTESIAN_POINT('Ctrl Pts',(0.301975653993616,4.79999997007267,-12.9383335168553));
#16200=CARTESIAN_POINT('Ctrl Pts',(0.306908334013842,4.79999997007267,-12.9149502529606));
#16201=CARTESIAN_POINT('Ctrl Pts',(0.308129026591512,4.79999997007267,-12.9012560699263));
#16202=CARTESIAN_POINT('',(-0.471544212110091,4.79999997007267,-13.1870812492846));
#16203=CARTESIAN_POINT('',(3.32029527547039,4.79999997007267,-12.1509457055099));
#16204=CARTESIAN_POINT('',(-0.534733095315954,4.79999997007267,-13.1332344405276));
#16205=CARTESIAN_POINT('Ctrl Pts',(-0.534733095315954,4.79999997007267,
-13.1332344405276));
#16206=CARTESIAN_POINT('Ctrl Pts',(-0.536944068980808,4.79999997007267,
-13.1514695524539));
#16207=CARTESIAN_POINT('Ctrl Pts',(-0.521181064276789,4.79999997007267,
-13.1885736648036));
#16208=CARTESIAN_POINT('Ctrl Pts',(-0.48442257812975,4.79999997007267,-13.1901450991914));
#16209=CARTESIAN_POINT('Ctrl Pts',(-0.471544212110091,4.79999997007267,
-13.1870812492846));
#16210=CARTESIAN_POINT('',(-0.534733095315954,4.79999997007267,-13.0977840024965));
#16211=CARTESIAN_POINT('',(-0.534733095315954,4.79999997007267,0.));
#16212=CARTESIAN_POINT('',(-0.623175789277923,4.79999997007267,-13.1233948212114));
#16213=CARTESIAN_POINT('',(3.45798944498872,4.79999997007267,-11.941590216694));
#16214=CARTESIAN_POINT('',(-0.623175789277923,4.79999997007267,-13.5431450998358));
#16215=CARTESIAN_POINT('',(-0.623175789277923,4.79999997007267,0.));
#16216=CARTESIAN_POINT('',(-0.534733095315953,4.79999997007267,-13.5175342811209));
#16217=CARTESIAN_POINT('',(3.57013492352233,4.79999997007267,-12.3288659358975));
#16218=CARTESIAN_POINT('',(-0.471544212110092,4.79999997007267,-13.404118624069));
#16219=CARTESIAN_POINT('Ctrl Pts',(-0.534733095315953,4.79999997007267,
-13.5175342811209));
#16220=CARTESIAN_POINT('Ctrl Pts',(-0.539774931228704,4.79999997007267,
-13.4975333129769));
#16221=CARTESIAN_POINT('Ctrl Pts',(-0.537041490695206,4.79999997007267,
-13.4658452207277));
#16222=CARTESIAN_POINT('Ctrl Pts',(-0.513676980074324,4.79999997007267,
-13.4229784634351));
#16223=CARTESIAN_POINT('Ctrl Pts',(-0.488847719872131,4.79999997007267,
-13.4076282670949));
#16224=CARTESIAN_POINT('Ctrl Pts',(-0.471544212110092,4.79999997007267,
-13.404118624069));
#16225=CARTESIAN_POINT('',(-0.200689750496006,4.79999997007267,-13.3288788786793));
#16226=CARTESIAN_POINT('',(3.42296353372499,4.79999997007267,-12.3222764809903));
#16227=CARTESIAN_POINT('',(-0.200689750496007,4.79999997007267,-13.7729070532643));
#16228=CARTESIAN_POINT('',(-0.20068975049601,4.79999997007267,-4.90032560854261E-17));
#16229=CARTESIAN_POINT('',(-0.534733095315953,4.79999997007267,-13.762803473444));
#16230=CARTESIAN_POINT('Ctrl Pts',(-0.200689750496007,4.79999997007267,
-13.7729070532643));
#16231=CARTESIAN_POINT('Ctrl Pts',(-0.293017335079226,4.79999997007267,
-13.7991741501731));
#16232=CARTESIAN_POINT('Ctrl Pts',(-0.384063487677404,4.79999997007267,
-13.8304552201705));
#16233=CARTESIAN_POINT('Ctrl Pts',(-0.477672504245654,4.79999997007267,
-13.8517083439905));
#16234=CARTESIAN_POINT('Ctrl Pts',(-0.487652757229532,4.79999997007267,
-13.8539742747758));
#16235=CARTESIAN_POINT('Ctrl Pts',(-0.498459663756432,4.79999997007267,
-13.8481644363675));
#16236=CARTESIAN_POINT('Ctrl Pts',(-0.506942641868262,4.79999997007267,
-13.8424391438597));
#16237=CARTESIAN_POINT('Ctrl Pts',(-0.515082499250447,4.79999997007267,
-13.836945428814));
#16238=CARTESIAN_POINT('Ctrl Pts',(-0.521667901998745,4.79999997007267,
-13.8285654566157));
#16239=CARTESIAN_POINT('Ctrl Pts',(-0.525413203042737,4.79999997007267,
-13.8194874114905));
#16240=CARTESIAN_POINT('Ctrl Pts',(-0.532716068163331,4.79999997007267,
-13.8017863673477));
#16241=CARTESIAN_POINT('Ctrl Pts',(-0.531991570801376,4.79999997007267,
-13.7817545379537));
#16242=CARTESIAN_POINT('Ctrl Pts',(-0.534733095315954,4.79999997007267,
-13.762803473444));
#16243=CARTESIAN_POINT('',(-0.623175789277923,4.79999997007267,-13.7884142921588));
#16244=CARTESIAN_POINT('',(3.63566395910248,4.79999997007267,-12.5551595387668));
#16245=CARTESIAN_POINT('',(-0.623175789277923,4.79999997007267,-14.1989469870278));
#16246=CARTESIAN_POINT('',(-0.623175789277923,4.79999997007267,0.));
#16247=CARTESIAN_POINT('',(-0.534733095315953,4.79999997007267,-14.1733361683129));
#16248=CARTESIAN_POINT('',(3.74534675829139,4.79999997007267,-12.9339308052991));
#16249=CARTESIAN_POINT('',(-0.471544212110091,4.79999997007267,-14.0623633851775));
#16250=CARTESIAN_POINT('Ctrl Pts',(-0.471544212110091,4.79999997007267,
-14.0623633851775));
#16251=CARTESIAN_POINT('Ctrl Pts',(-0.488126082150601,4.79999997007267,
-14.0702372976881));
#16252=CARTESIAN_POINT('Ctrl Pts',(-0.538245240682549,4.79999997007267,
-14.0900881685158));
#16253=CARTESIAN_POINT('Ctrl Pts',(-0.534670973607166,4.79999997007267,
-14.1507204037758));
#16254=CARTESIAN_POINT('Ctrl Pts',(-0.534733095315953,4.79999997007267,
-14.1733361683129));
#16255=CARTESIAN_POINT('',(0.216613237425245,4.79999997007267,-13.8735742005345));
#16256=CARTESIAN_POINT('',(3.55483487870344,4.79999997007267,-12.9577661362028));
#16257=CARTESIAN_POINT('',(0.309444203566542,4.79999997007267,-13.9455675803599));
#16258=CARTESIAN_POINT('Ctrl Pts',(0.216613237425245,4.79999997007267,-13.8735742005345));
#16259=CARTESIAN_POINT('Ctrl Pts',(0.24481998155306,4.79999997007267,-13.8586914947062));
#16260=CARTESIAN_POINT('Ctrl Pts',(0.295288513335917,4.79999997007267,-13.8787896944907));
#16261=CARTESIAN_POINT('Ctrl Pts',(0.311642050051006,4.79999997007267,-13.9268719646523));
#16262=CARTESIAN_POINT('Ctrl Pts',(0.309444203566542,4.79999997007267,-13.9455675803599));
#16263=CARTESIAN_POINT('',(0.394085798199662,4.79999997007267,-13.9219398257789));
#16264=CARTESIAN_POINT('',(3.63385874247199,4.79999997007267,-13.0175551629279));
#16265=CARTESIAN_POINT('',(0.394085798199678,4.79999997007267,-4.22577688342598E-16));
#16266=CARTESIAN_POINT('',(0.394085798199663,4.79999997007267,-16.1178968687354));
#16267=CARTESIAN_POINT('',(0.312046032791197,4.79999997007267,-16.1407983210458));
#16268=CARTESIAN_POINT('',(4.2025465012049,4.79999997007267,-15.0547626589885));
#16269=CARTESIAN_POINT('',(-0.534733095315953,4.79999997007267,-16.3459367730643));
#16270=CARTESIAN_POINT('Ctrl Pts',(0.312046032791193,4.79999997007267,-16.1407983210458));
#16271=CARTESIAN_POINT('Ctrl Pts',(0.311282374821133,4.79999997007267,-16.1601045002952));
#16272=CARTESIAN_POINT('Ctrl Pts',(0.318381062540672,4.79999997007267,-16.1819273063761));
#16273=CARTESIAN_POINT('Ctrl Pts',(0.308733221626289,4.79999997007267,-16.1986674048345));
#16274=CARTESIAN_POINT('Ctrl Pts',(0.303586698994116,4.79999997007267,-16.207597205434));
#16275=CARTESIAN_POINT('Ctrl Pts',(0.299998430293341,4.79999997007267,-16.2176664264532));
#16276=CARTESIAN_POINT('Ctrl Pts',(0.293165346444501,4.79999997007267,-16.2253824486839));
#16277=CARTESIAN_POINT('Ctrl Pts',(0.285291806547175,4.79999997007267,-16.2342733697125));
#16278=CARTESIAN_POINT('Ctrl Pts',(0.276384285690854,4.79999997007267,-16.2432493178068));
#16279=CARTESIAN_POINT('Ctrl Pts',(0.26535427075449,4.79999997007267,-16.2476515760632));
#16280=CARTESIAN_POINT('Ctrl Pts',(0.222749276398355,4.79999997007267,-16.2646559218641));
#16281=CARTESIAN_POINT('Ctrl Pts',(0.178250344843972,4.79999997007267,-16.2765830432089));
#16282=CARTESIAN_POINT('Ctrl Pts',(0.134057619939436,4.79999997007267,-16.2888849286626));
#16283=CARTESIAN_POINT('Ctrl Pts',(-0.00463487683418168,4.79999997007267,
-16.3274926228541));
#16284=CARTESIAN_POINT('Ctrl Pts',(-0.144011020084346,4.79999997007267,
-16.3636044953424));
#16285=CARTESIAN_POINT('Ctrl Pts',(-0.283207377982864,4.79999997007267,
-16.4003541437743));
#16286=CARTESIAN_POINT('Ctrl Pts',(-0.349492979534399,4.79999997007267,
-16.4178544044844));
#16287=CARTESIAN_POINT('Ctrl Pts',(-0.415309904334695,4.79999997007267,
-16.4374459994266));
#16288=CARTESIAN_POINT('Ctrl Pts',(-0.482382727133401,4.79999997007267,
-16.4516331957593));
#16289=CARTESIAN_POINT('Ctrl Pts',(-0.489784800574401,4.79999997007267,
-16.4531988771306));
#16290=CARTESIAN_POINT('Ctrl Pts',(-0.498104561743065,4.79999997007267,
-16.451001036215));
#16291=CARTESIAN_POINT('Ctrl Pts',(-0.504641473942625,4.79999997007267,
-16.447191728105));
#16292=CARTESIAN_POINT('Ctrl Pts',(-0.5121235865065,4.79999997007267,-16.4428316156849));
#16293=CARTESIAN_POINT('Ctrl Pts',(-0.518948823626604,4.79999997007267,
-16.4361995432475));
#16294=CARTESIAN_POINT('Ctrl Pts',(-0.522455292907481,4.79999997007267,
-16.4282813829866));
#16295=CARTESIAN_POINT('Ctrl Pts',(-0.52781642491957,4.79999997007267,-16.4161751019812));
#16296=CARTESIAN_POINT('Ctrl Pts',(-0.528309893952362,4.79999997007267,
-16.4024309632065));
#16297=CARTESIAN_POINT('Ctrl Pts',(-0.530262463202831,4.79999997007267,
-16.3893354964505));
#16298=CARTESIAN_POINT('Ctrl Pts',(-0.532407124257439,4.79999997007267,
-16.3749517108118));
#16299=CARTESIAN_POINT('Ctrl Pts',(-0.53324288461158,4.79999997007267,-16.360403014193));
#16300=CARTESIAN_POINT('Ctrl Pts',(-0.534733095315953,4.79999997007267,
-16.3459367730643));
#16301=CARTESIAN_POINT('',(-0.623175789277923,4.79999997007267,-16.3715475917791));
#16302=CARTESIAN_POINT('',(4.32580458498077,4.79999997007267,-14.9384451668008));
#16303=CARTESIAN_POINT('',(-0.623175789277923,4.79999997007267,-16.8144681956348));
#16304=CARTESIAN_POINT('',(-0.623175789277931,4.79999997007267,-3.05087881978816E-16));
#16305=CARTESIAN_POINT('',(-0.534733095315953,4.79999997007267,-16.7888573769199));
#16306=CARTESIAN_POINT('',(4.4441405232788,4.79999997007267,-15.3470986070566));
#16307=CARTESIAN_POINT('',(0.310216967901245,4.79999997007267,-16.5676344257834));
#16308=CARTESIAN_POINT('Ctrl Pts',(-0.534733095315953,4.79999997007267,
-16.7888573769199));
#16309=CARTESIAN_POINT('Ctrl Pts',(-0.533253415895933,4.79999997007267,
-16.7702763845774));
#16310=CARTESIAN_POINT('Ctrl Pts',(-0.538904721352288,4.79999997007267,
-16.7492140201532));
#16311=CARTESIAN_POINT('Ctrl Pts',(-0.529373417631158,4.79999997007267,
-16.7331953754853));
#16312=CARTESIAN_POINT('Ctrl Pts',(-0.52316012971726,4.79999997007267,-16.7227531050232));
#16313=CARTESIAN_POINT('Ctrl Pts',(-0.518853742153311,4.79999997007267,
-16.7108560267553));
#16314=CARTESIAN_POINT('Ctrl Pts',(-0.5105697968864,4.79999997007267,-16.7019665830203));
#16315=CARTESIAN_POINT('Ctrl Pts',(-0.501514944549456,4.79999997007267,
-16.6922498842994));
#16316=CARTESIAN_POINT('Ctrl Pts',(-0.491096811022365,4.79999997007267,
-16.6823227823713));
#16317=CARTESIAN_POINT('Ctrl Pts',(-0.478383576386234,4.79999997007267,
-16.6784785334249));
#16318=CARTESIAN_POINT('Ctrl Pts',(-0.239492180599534,4.79999997007267,
-16.6062421574865));
#16319=CARTESIAN_POINT('Ctrl Pts',(0.000724051270541105,4.79999997007267,
-16.5382619560509));
#16320=CARTESIAN_POINT('Ctrl Pts',(0.241990749922674,4.79999997007267,-16.4744060783956));
#16321=CARTESIAN_POINT('Ctrl Pts',(0.25183753812093,4.79999997007267,-16.4717999362882));
#16322=CARTESIAN_POINT('Ctrl Pts',(0.262776223102319,4.79999997007267,-16.4756637966676));
#16323=CARTESIAN_POINT('Ctrl Pts',(0.272057636670742,4.79999997007267,-16.4798598158141));
#16324=CARTESIAN_POINT('Ctrl Pts',(0.280453609680766,4.79999997007267,-16.4836555375803));
#16325=CARTESIAN_POINT('Ctrl Pts',(0.287741638697033,4.79999997007267,-16.4902136880584));
#16326=CARTESIAN_POINT('Ctrl Pts',(0.293266859922183,4.79999997007267,-16.4975874114682));
#16327=CARTESIAN_POINT('Ctrl Pts',(0.307976857964243,4.79999997007267,-16.5172187443148));
#16328=CARTESIAN_POINT('Ctrl Pts',(0.307359866134722,4.79999997007267,-16.5454405938569));
#16329=CARTESIAN_POINT('Ctrl Pts',(0.310216967901245,4.79999997007267,-16.5676344257834));
#16330=CARTESIAN_POINT('',(0.394085798199663,4.79999997007267,-16.5442223888543));
#16331=CARTESIAN_POINT('',(4.31295216934195,4.79999997007267,-15.4502683671413));
#16332=CARTESIAN_POINT('',(0.394085798199663,4.79999997007267,0.));
#16333=CARTESIAN_POINT('',(0.394085798199663,4.79999997007267,-14.9208301671628));
#16334=CARTESIAN_POINT('',(-0.442226215964198,4.79999997007267,-14.8822834110919));
#16335=CARTESIAN_POINT('',(-0.685427984849463,4.79999997007267,-14.8710739114047));
#16336=CARTESIAN_POINT('',(-0.534733095315953,4.79999997007267,-14.7883891766281));
#16337=CARTESIAN_POINT('Ctrl Pts',(-0.442226215964203,4.79999997007267,
-14.882283411092));
#16338=CARTESIAN_POINT('Ctrl Pts',(-0.442992314396303,4.79999997007267,
-14.8819654510417));
#16339=CARTESIAN_POINT('Ctrl Pts',(-0.443703264293473,4.79999997007267,
-14.8814459732891));
#16340=CARTESIAN_POINT('Ctrl Pts',(-0.44452451126049,4.79999997007267,-14.8813295309411));
#16341=CARTESIAN_POINT('Ctrl Pts',(-0.459506361016196,4.79999997007267,
-14.8792052956841));
#16342=CARTESIAN_POINT('Ctrl Pts',(-0.475251035243322,4.79999997007267,
-14.8805145343699));
#16343=CARTESIAN_POINT('Ctrl Pts',(-0.489553133199112,4.79999997007267,
-14.8755730577087));
#16344=CARTESIAN_POINT('Ctrl Pts',(-0.499250499593607,4.79999997007267,
-14.8722225485834));
#16345=CARTESIAN_POINT('Ctrl Pts',(-0.508071963542467,4.79999997007267,
-14.865406958523));
#16346=CARTESIAN_POINT('Ctrl Pts',(-0.514271036302074,4.79999997007267,
-14.85723161001));
#16347=CARTESIAN_POINT('Ctrl Pts',(-0.529677124358414,4.79999997007267,
-14.8369140328549));
#16348=CARTESIAN_POINT('Ctrl Pts',(-0.530815154603121,4.79999997007267,
-14.8121054656467));
#16349=CARTESIAN_POINT('Ctrl Pts',(-0.534733095315953,4.79999997007267,
-14.7883891766281));
#16350=CARTESIAN_POINT('',(-0.623175789277923,4.79999997007267,-14.8139999953429));
#16351=CARTESIAN_POINT('',(3.9096716377583,4.79999997007267,-13.5013993890583));
#16352=CARTESIAN_POINT('',(-0.623175789277923,4.79999997007267,-15.2157771783064));
#16353=CARTESIAN_POINT('',(-0.623175789277931,4.79999997007267,-3.36329972544485E-16));
#16354=CARTESIAN_POINT('',(-0.534733095315953,4.79999997007267,-15.1901663595915));
#16355=CARTESIAN_POINT('',(4.0170152102154,4.79999997007267,-13.8720925259434));
#16356=CARTESIAN_POINT('',(-0.485688766481112,4.79999997007267,-15.1045312816179));
#16357=CARTESIAN_POINT('Ctrl Pts',(-0.534733095315953,4.79999997007267,
-15.1901663595915));
#16358=CARTESIAN_POINT('Ctrl Pts',(-0.534646828574654,4.79999997007267,
-15.1576428636497));
#16359=CARTESIAN_POINT('Ctrl Pts',(-0.529879675873168,4.79999997007267,
-15.1089133771512));
#16360=CARTESIAN_POINT('Ctrl Pts',(-0.485688766481112,4.79999997007267,
-15.1045312816179));
#16361=CARTESIAN_POINT('',(0.128326280417797,4.79999997007267,-15.1160016805456));
#16362=CARTESIAN_POINT('',(-0.282238351136587,4.79999997007267,-15.1083319334713));
#16363=CARTESIAN_POINT('',(-0.385240498360589,4.79999997007267,-15.4145713822776));
#16364=CARTESIAN_POINT('',(6.60043591876367,4.79999997007267,-11.3533442732773));
#16365=CARTESIAN_POINT('',(-0.534733095315953,4.79999997007267,-15.339682236668));
#16366=CARTESIAN_POINT('Ctrl Pts',(-0.534733095315953,4.79999997007267,
-15.339682236668));
#16367=CARTESIAN_POINT('Ctrl Pts',(-0.531422464720494,4.79999997007267,
-15.3700445991667));
#16368=CARTESIAN_POINT('Ctrl Pts',(-0.489294834611268,4.79999997007267,
-15.4349280372014));
#16369=CARTESIAN_POINT('Ctrl Pts',(-0.414485496101517,4.79999997007267,
-15.420530626794));
#16370=CARTESIAN_POINT('Ctrl Pts',(-0.385240498360589,4.79999997007267,
-15.4145713822776));
#16371=CARTESIAN_POINT('',(-0.623175789277923,4.79999997007267,-15.3652930553829));
#16372=CARTESIAN_POINT('',(4.05696165084219,4.79999997007267,-14.0100409009079));
#16373=CARTESIAN_POINT('',(-0.623175789277923,4.79999997007267,-15.7439468499691));
#16374=CARTESIAN_POINT('',(-0.623175789277923,4.79999997007267,0.));
#16375=CARTESIAN_POINT('',(-0.534733095315953,4.79999997007267,-15.7183360312542));
#16376=CARTESIAN_POINT('',(4.15812730374319,4.79999997007267,-14.3593996222603));
#16377=CARTESIAN_POINT('',(-0.485744812896634,4.79999997007267,-15.6429145336822));
#16378=CARTESIAN_POINT('Ctrl Pts',(-0.534733095315953,4.79999997007267,
-15.7183360312542));
#16379=CARTESIAN_POINT('Ctrl Pts',(-0.533431841846636,4.79999997007267,
-15.7004537016324));
#16380=CARTESIAN_POINT('Ctrl Pts',(-0.536530346080244,4.79999997007267,
-15.6592039376091));
#16381=CARTESIAN_POINT('Ctrl Pts',(-0.500375649679378,4.79999997007267,
-15.6414649919309));
#16382=CARTESIAN_POINT('Ctrl Pts',(-0.485744812896634,4.79999997007267,
-15.6429145336822));
#16383=CARTESIAN_POINT('',(0.14655337001615,4.79999997007267,-15.6547264793925));
#16384=CARTESIAN_POINT('',(-0.29229238541039,4.79999997007267,-15.6465284133876));
#16385=CARTESIAN_POINT('',(-0.534733095315953,4.79999997007267,-15.8854998186173));
#16386=CARTESIAN_POINT('Ctrl Pts',(0.14655337001615,4.79999997007267,-15.6547264793925));
#16387=CARTESIAN_POINT('Ctrl Pts',(-0.0450239862823514,4.79999997007267,
-15.7632422161767));
#16388=CARTESIAN_POINT('Ctrl Pts',(-0.236084387912389,4.79999997007267,
-15.8726757145305));
#16389=CARTESIAN_POINT('Ctrl Pts',(-0.42817869887935,4.79999997007267,-15.980273689745));
#16390=CARTESIAN_POINT('Ctrl Pts',(-0.444680896118432,4.79999997007267,
-15.9895170817048));
#16391=CARTESIAN_POINT('Ctrl Pts',(-0.46117946138613,4.79999997007267,-15.9993111207901));
#16392=CARTESIAN_POINT('Ctrl Pts',(-0.479152733299179,4.79999997007267,
-16.0052038540591));
#16393=CARTESIAN_POINT('Ctrl Pts',(-0.486211237166785,4.79999997007267,
-16.007518061554));
#16394=CARTESIAN_POINT('Ctrl Pts',(-0.494536834614225,4.79999997007267,
-16.0070829172124));
#16395=CARTESIAN_POINT('Ctrl Pts',(-0.501418403593658,4.79999997007267,
-16.0042861259152));
#16396=CARTESIAN_POINT('Ctrl Pts',(-0.50872448486,4.79999997007267,-16.0013168053194));
#16397=CARTESIAN_POINT('Ctrl Pts',(-0.515195096825878,4.79999997007267,
-15.9955601941791));
#16398=CARTESIAN_POINT('Ctrl Pts',(-0.519359684512311,4.79999997007267,
-15.9888630382399));
#16399=CARTESIAN_POINT('Ctrl Pts',(-0.524934690045138,4.79999997007267,
-15.9798977614284));
#16400=CARTESIAN_POINT('Ctrl Pts',(-0.52808506341329,4.79999997007267,-15.9693477768274));
#16401=CARTESIAN_POINT('Ctrl Pts',(-0.529638188518729,4.79999997007267,
-15.958905330878));
#16402=CARTESIAN_POINT('Ctrl Pts',(-0.533246499891045,4.79999997007267,
-15.934644827753));
#16403=CARTESIAN_POINT('Ctrl Pts',(-0.533034793050219,4.79999997007267,
-15.9099683227042));
#16404=CARTESIAN_POINT('Ctrl Pts',(-0.534733095315953,4.79999997007267,
-15.8854998186173));
#16405=CARTESIAN_POINT('',(-0.623175789277923,4.79999997007267,-15.9111106373321));
#16406=CARTESIAN_POINT('',(4.20278877005356,4.79999997007267,-14.5136305525835));
#16407=CARTESIAN_POINT('',(-0.623175789277923,4.79999997007267,-16.2687252037062));
#16408=CARTESIAN_POINT('',(-0.623175789277923,4.79999997007267,0.));
#16409=CARTESIAN_POINT('',(-0.534733095315953,4.79999997007267,-16.2431143849914));
#16410=CARTESIAN_POINT('',(4.29833333242505,4.79999997007267,-14.8435777746417));
#16411=CARTESIAN_POINT('',(-0.396808961034403,4.79999997007267,-16.0982438410978));
#16412=CARTESIAN_POINT('Ctrl Pts',(-0.534733095315953,4.79999997007267,
-16.2431143849914));
#16413=CARTESIAN_POINT('Ctrl Pts',(-0.532439471113484,4.79999997007267,
-16.2260074967077));
#16414=CARTESIAN_POINT('Ctrl Pts',(-0.536195065893039,4.79999997007267,
-16.2061067607582));
#16415=CARTESIAN_POINT('Ctrl Pts',(-0.526186932004674,4.79999997007267,
-16.1920446273921));
#16416=CARTESIAN_POINT('Ctrl Pts',(-0.519560843040634,4.79999997007267,
-16.1827345054705));
#16417=CARTESIAN_POINT('Ctrl Pts',(-0.514998146777291,4.79999997007267,
-16.1712305233124));
#16418=CARTESIAN_POINT('Ctrl Pts',(-0.505746536578556,4.79999997007267,
-16.1645229802538));
#16419=CARTESIAN_POINT('Ctrl Pts',(-0.471334008161086,4.79999997007267,
-16.1395734297258));
#16420=CARTESIAN_POINT('Ctrl Pts',(-0.433121486215788,4.79999997007267,
-16.1203368874831));
#16421=CARTESIAN_POINT('Ctrl Pts',(-0.396808961034403,4.79999997007267,
-16.0982438410978));
#16422=CARTESIAN_POINT('',(0.394085798199662,4.79999997007267,-15.6362391043693));
#16423=CARTESIAN_POINT('',(6.91038162701979,4.79999997007267,-11.8297155388897));
#16424=CARTESIAN_POINT('',(0.394085798199663,4.79999997007267,-15.4838954306233));
#16425=CARTESIAN_POINT('',(0.394085798199663,4.79999997007267,0.));
#16426=CARTESIAN_POINT('',(-0.1616857424983,4.79999997007267,-15.4500668598213));
#16427=CARTESIAN_POINT('',(-0.937536580674545,4.79999997007267,-15.4028425543484));
#16428=CARTESIAN_POINT('',(0.394085798199664,4.79999997007267,-15.0734139261217));
#16429=CARTESIAN_POINT('',(7.12429200200825,4.79999997007267,-10.5122737355245));
#16430=CARTESIAN_POINT('',(0.394085798199668,4.79999997007267,-1.40011191711686E-16));
#16431=CARTESIAN_POINT('',(-0.0358308316203396,4.79999997007267,-18.5609344334636));
#16432=CARTESIAN_POINT('',(-0.0358308316203396,4.79999997007267,-18.4028956810083));
#16433=CARTESIAN_POINT('',(-0.0358308316203396,4.79999997007267,0.));
#16434=CARTESIAN_POINT('',(-0.605604188509252,4.79999997007267,-18.66997694205));
#16435=CARTESIAN_POINT('',(7.06591512391468,4.79999997007267,-15.0739522643512));
#16436=CARTESIAN_POINT('',(-0.03583083162034,4.79999997007267,-18.9403967188547));
#16437=CARTESIAN_POINT('',(-7.34326144389624,4.79999997007267,-15.4722216431066));
#16438=CARTESIAN_POINT('',(-0.0358308316203396,4.79999997007267,-18.7823579663993));
#16439=CARTESIAN_POINT('',(-0.0358308316203396,4.79999997007267,0.));
#16440=CARTESIAN_POINT('',(0.394085798199663,4.79999997007267,-18.7823579663993));
#16441=CARTESIAN_POINT('',(0.,4.79999997007267,-18.7823579663993));
#16442=CARTESIAN_POINT('',(0.394085798199663,4.79999997007267,-18.5609344334636));
#16443=CARTESIAN_POINT('',(0.394085798199658,4.79999997007267,9.64822195926803E-17));
#16444=CARTESIAN_POINT('',(0.,4.79999997007267,-18.5609344334636));
#16445=CARTESIAN_POINT('',(0.394085798199663,4.79999997007267,-16.6450643720527));
#16446=CARTESIAN_POINT('',(0.309119077388426,4.79999997007267,-16.6687828858116));
#16447=CARTESIAN_POINT('',(4.33906725278332,4.79999997007267,-15.5438203083092));
#16448=CARTESIAN_POINT('',(-0.534733095315953,4.79999997007267,-16.8923700602254));
#16449=CARTESIAN_POINT('Ctrl Pts',(0.309119077388456,4.79999997007267,-16.6687828858117));
#16450=CARTESIAN_POINT('Ctrl Pts',(0.308907317362952,4.79999997007267,-16.6705402621929));
#16451=CARTESIAN_POINT('Ctrl Pts',(0.310233051988832,4.79999997007267,-16.7039119497406));
#16452=CARTESIAN_POINT('Ctrl Pts',(0.302372047957622,4.79999997007267,-16.7177381875273));
#16453=CARTESIAN_POINT('Ctrl Pts',(0.296459434579666,4.79999997007267,-16.7281375205106));
#16454=CARTESIAN_POINT('Ctrl Pts',(0.292527371108432,4.79999997007267,-16.7399828175463));
#16455=CARTESIAN_POINT('Ctrl Pts',(0.284522100288387,4.79999997007267,-16.7488721798718));
#16456=CARTESIAN_POINT('Ctrl Pts',(0.275833948425446,4.79999997007267,-16.758519839718));
#16457=CARTESIAN_POINT('Ctrl Pts',(0.265530635275803,4.79999997007267,-16.7677601822892));
#16458=CARTESIAN_POINT('Ctrl Pts',(0.253329240331001,4.79999997007267,-16.7721972178652));
#16459=CARTESIAN_POINT('Ctrl Pts',(0.202905778335454,4.79999997007267,-16.7905337028122));
#16460=CARTESIAN_POINT('Ctrl Pts',(0.150385207508541,4.79999997007267,-16.8025218735863));
#16461=CARTESIAN_POINT('Ctrl Pts',(0.098581194071041,4.79999997007267,-16.8164895645765));
#16462=CARTESIAN_POINT('Ctrl Pts',(-0.0863778419668643,4.79999997007267,
-16.866359265586));
#16463=CARTESIAN_POINT('Ctrl Pts',(-0.271359011878471,4.79999997007267,
-16.9161856350717));
#16464=CARTESIAN_POINT('Ctrl Pts',(-0.456936298852136,4.79999997007267,
-16.9637030282067));
#16465=CARTESIAN_POINT('Ctrl Pts',(-0.470123026021001,4.79999997007267,
-16.9670795130625));
#16466=CARTESIAN_POINT('Ctrl Pts',(-0.47590476717261,4.79999997007267,-16.9690504590898));
#16467=CARTESIAN_POINT('Ctrl Pts',(-0.47981159883041,4.79999997007267,-16.9694638550629));
#16468=CARTESIAN_POINT('Ctrl Pts',(-0.483718430488211,4.79999997007267,
-16.969877251036));
#16469=CARTESIAN_POINT('Ctrl Pts',(-0.485750352652204,4.79999997007267,
-16.9687330969549));
#16470=CARTESIAN_POINT('Ctrl Pts',(-0.491437441845839,4.79999997007267,
-16.9658793815939));
#16471=CARTESIAN_POINT('Ctrl Pts',(-0.498109693498197,4.79999997007267,
-16.9625313231435));
#16472=CARTESIAN_POINT('Ctrl Pts',(-0.506356266391676,4.79999997007267,
-16.9612886036262));
#16473=CARTESIAN_POINT('Ctrl Pts',(-0.511454196802909,4.79999997007267,
-16.9558352062427));
#16474=CARTESIAN_POINT('Ctrl Pts',(-0.518025839208733,4.79999997007267,
-16.948805338314));
#16475=CARTESIAN_POINT('Ctrl Pts',(-0.521457782415344,4.79999997007267,
-16.9392554412161));
#16476=CARTESIAN_POINT('Ctrl Pts',(-0.524771652826041,4.79999997007267,
-16.9302208526861));
#16477=CARTESIAN_POINT('Ctrl Pts',(-0.529264408889431,4.79999997007267,
-16.9179722740249));
#16478=CARTESIAN_POINT('Ctrl Pts',(-0.531412614485983,4.79999997007267,
-16.9049869910457));
#16479=CARTESIAN_POINT('Ctrl Pts',(-0.534733095315952,4.79999997007267,
-16.8923700602254));
#16480=CARTESIAN_POINT('',(-0.623175789277923,4.79999997007267,-16.9179808789403));
#16481=CARTESIAN_POINT('',(4.47179620332234,4.79999997007267,-15.4426028888049));
#16482=CARTESIAN_POINT('',(-0.623175789277923,4.79999997007267,-17.2267614288715));
#16483=CARTESIAN_POINT('',(-0.623175789277923,4.79999997007267,0.));
#16484=CARTESIAN_POINT('',(0.134931437438517,4.79999997007267,-17.605163375138));
#16485=CARTESIAN_POINT('',(-7.0078801109192,4.79999997007267,-14.0398975440498));
#16486=CARTESIAN_POINT('',(-0.530856804262575,4.79999997007267,-17.6605256404947));
#16487=CARTESIAN_POINT('Ctrl Pts',(0.134931437438517,4.79999997007267,-17.605163375138));
#16488=CARTESIAN_POINT('Ctrl Pts',(-0.0519380624485523,4.79999997007267,
-17.6568227393041));
#16489=CARTESIAN_POINT('Ctrl Pts',(-0.2385637934088,4.79999997007267,-17.7093721409925));
#16490=CARTESIAN_POINT('Ctrl Pts',(-0.425677062222691,4.79999997007267,
-17.7601414676363));
#16491=CARTESIAN_POINT('Ctrl Pts',(-0.443655760369226,4.79999997007267,
-17.7650196166025));
#16492=CARTESIAN_POINT('Ctrl Pts',(-0.461643843937514,4.79999997007267,
-17.7719250124431));
#16493=CARTESIAN_POINT('Ctrl Pts',(-0.480271886562693,4.79999997007267,
-17.7720861097285));
#16494=CARTESIAN_POINT('Ctrl Pts',(-0.489235871239303,4.79999997007267,
-17.7721636312173));
#16495=CARTESIAN_POINT('Ctrl Pts',(-0.497761187916395,4.79999997007267,
-17.7665083217904));
#16496=CARTESIAN_POINT('Ctrl Pts',(-0.504693483696972,4.79999997007267,
-17.7608248100174));
#16497=CARTESIAN_POINT('Ctrl Pts',(-0.511864994708896,4.79999997007267,
-17.7549451752532));
#16498=CARTESIAN_POINT('Ctrl Pts',(-0.518339528995714,4.79999997007267,
-17.7472778168997));
#16499=CARTESIAN_POINT('Ctrl Pts',(-0.521264835691712,4.79999997007267,
-17.738477631908));
#16500=CARTESIAN_POINT('Ctrl Pts',(-0.529523116903899,4.79999997007267,
-17.7136342872836));
#16501=CARTESIAN_POINT('Ctrl Pts',(-0.528910959542811,4.79999997007267,
-17.6866332001094));
#16502=CARTESIAN_POINT('Ctrl Pts',(-0.530856804262575,4.79999997007267,
-17.6605256404947));
#16503=CARTESIAN_POINT('',(-0.623175789277922,4.79999997007267,-17.6872589373138));
#16504=CARTESIAN_POINT('',(4.67732568209813,4.79999997007267,-16.1523646888459));
#16505=CARTESIAN_POINT('',(-0.623175789277923,4.79999997007267,-18.0237918268733));
#16506=CARTESIAN_POINT('',(-0.623175789277923,4.79999997007267,0.));
#16507=CARTESIAN_POINT('',(-0.533812679248034,4.79999997007267,-17.9979144784091));
#16508=CARTESIAN_POINT('',(4.76723781286692,4.79999997007267,-16.4628612471018));
#16509=CARTESIAN_POINT('',(-0.425512263379253,4.79999997007267,-17.8826595462042));
#16510=CARTESIAN_POINT('Ctrl Pts',(-0.533812679248035,4.79999997007267,
-17.9979144784091));
#16511=CARTESIAN_POINT('Ctrl Pts',(-0.533407750533717,4.79999997007267,
-17.9956338636702));
#16512=CARTESIAN_POINT('Ctrl Pts',(-0.532710250380863,4.79999997007267,
-17.9630128095428));
#16513=CARTESIAN_POINT('Ctrl Pts',(-0.524330096850128,4.79999997007267,
-17.9496624554945));
#16514=CARTESIAN_POINT('Ctrl Pts',(-0.517700829128285,4.79999997007267,
-17.9391014233079));
#16515=CARTESIAN_POINT('Ctrl Pts',(-0.512974294534028,4.79999997007267,
-17.9270306068771));
#16516=CARTESIAN_POINT('Ctrl Pts',(-0.50431154270905,4.79999997007267,-17.918061809734));
#16517=CARTESIAN_POINT('Ctrl Pts',(-0.495249378349615,4.79999997007267,
-17.908679489259));
#16518=CARTESIAN_POINT('Ctrl Pts',(-0.484100890672297,4.79999997007267,
-17.9010387831228));
#16519=CARTESIAN_POINT('Ctrl Pts',(-0.472202375948606,4.79999997007267,
-17.895693120606));
#16520=CARTESIAN_POINT('Ctrl Pts',(-0.457463181142978,4.79999997007267,
-17.8890712217363));
#16521=CARTESIAN_POINT('Ctrl Pts',(-0.441075634235702,4.79999997007267,
-17.8870040710048));
#16522=CARTESIAN_POINT('Ctrl Pts',(-0.425512263379252,4.79999997007267,
-17.8826595462042));
#16523=CARTESIAN_POINT('',(0.394085798199662,4.79999997007267,-17.6538682298545));
#16524=CARTESIAN_POINT('',(4.60031753850039,4.79999997007267,-16.4796959839105));
#16525=CARTESIAN_POINT('',(0.394085798199663,4.79999997007267,-17.4980450629089));
#16526=CARTESIAN_POINT('',(0.3940857981997,4.79999997007267,-8.22602993371884E-16));
#16527=CARTESIAN_POINT('',(-0.407230531026099,4.79999997007267,-17.0964020200289));
#16528=CARTESIAN_POINT('',(-6.93039527646621,4.79999997007267,-13.8268021853452));
#16529=CARTESIAN_POINT('',(0.315001712374112,4.79999997007267,-17.004036417252));
#16530=CARTESIAN_POINT('Ctrl Pts',(-0.407230531026097,4.79999997007267,
-17.0964020200289));
#16531=CARTESIAN_POINT('Ctrl Pts',(-0.188001329254386,4.79999997007267,
-17.038163467274));
#16532=CARTESIAN_POINT('Ctrl Pts',(0.030229609711148,4.79999997007267,-16.9760282036729));
#16533=CARTESIAN_POINT('Ctrl Pts',(0.250457074289038,4.79999997007267,-16.9216863617641));
#16534=CARTESIAN_POINT('Ctrl Pts',(0.259638983673985,4.79999997007267,-16.919420695812));
#16535=CARTESIAN_POINT('Ctrl Pts',(0.270010863106763,4.79999997007267,-16.9226576792169));
#16536=CARTESIAN_POINT('Ctrl Pts',(0.27827803898088,4.79999997007267,-16.9272505547025));
#16537=CARTESIAN_POINT('Ctrl Pts',(0.287449647140083,4.79999997007267,-16.9323458925687));
#16538=CARTESIAN_POINT('Ctrl Pts',(0.294991897544948,4.79999997007267,-16.9405990731158));
#16539=CARTESIAN_POINT('Ctrl Pts',(0.300534810734353,4.79999997007267,-16.949507326456));
#16540=CARTESIAN_POINT('Ctrl Pts',(0.310469622548559,4.79999997007267,-16.9654739883002));
#16541=CARTESIAN_POINT('Ctrl Pts',(0.311166316014632,4.79999997007267,-16.9856265147265));
#16542=CARTESIAN_POINT('Ctrl Pts',(0.315001712374111,4.79999997007267,-17.004036417252));
#16543=CARTESIAN_POINT('',(0.394085798199663,4.79999997007267,-16.9819600447634));
#16544=CARTESIAN_POINT('',(4.4263132422508,4.79999997007267,-15.8563612079765));
#16545=CARTESIAN_POINT('',(0.394085798199663,4.79999997007267,0.));
#16546=CARTESIAN_POINT('',(-0.0369436702080149,4.79999997007267,-12.22));
#16547=CARTESIAN_POINT('',(-0.0369436702080149,4.79999997007267,-12.0630542470314));
#16548=CARTESIAN_POINT('',(-0.0369436702080149,4.79999997007267,0.));
#16549=CARTESIAN_POINT('',(-0.605604188509254,4.79999997007267,-12.3301355080731));
#16550=CARTESIAN_POINT('',(4.63504136047501,4.79999997007267,-9.8687755633447));
#16551=CARTESIAN_POINT('',(-0.0369436702080143,4.79999997007267,-12.5983296077025));
#16552=CARTESIAN_POINT('',(-4.86727092821322,4.79999997007267,-10.3202300594065));
#16553=CARTESIAN_POINT('',(-0.0369436702080149,4.79999997007267,-12.4413838547339));
#16554=CARTESIAN_POINT('',(-0.0369436702080192,4.79999997007267,-1.27605898030091E-17));
#16555=CARTESIAN_POINT('',(0.394085798199663,4.79999997007267,-12.4413838547339));
#16556=CARTESIAN_POINT('',(0.,4.79999997007267,-12.4413838547339));
#16557=CARTESIAN_POINT('',(0.394085798199663,4.79999997007267,-12.22));
#16558=CARTESIAN_POINT('',(0.39408579819966,4.79999997007267,9.64995119150141E-17));
#16559=CARTESIAN_POINT('',(0.,4.79999997007267,-12.22));
#16560=CARTESIAN_POINT('Origin',(0.263502984782544,4.79999997007267,-18.0098921105731));
#16561=CARTESIAN_POINT('Origin',(1.2,2.49999997007267,-488.));
#16562=CARTESIAN_POINT('Origin',(1.2,2.49999997007267,-473.));
#16563=CARTESIAN_POINT('Origin',(1.2,2.49999997007267,-458.));
#16564=CARTESIAN_POINT('Origin',(1.2,2.49999997007267,-443.));
#16565=CARTESIAN_POINT('Origin',(1.2,2.49999997007267,-428.));
#16566=CARTESIAN_POINT('Origin',(1.2,2.49999997007267,-413.));
#16567=CARTESIAN_POINT('Origin',(1.2,2.49999997007267,-398.));
#16568=CARTESIAN_POINT('Origin',(1.2,2.49999997007267,-383.));
#16569=CARTESIAN_POINT('Origin',(1.2,2.49999997007267,-368.));
#16570=CARTESIAN_POINT('Origin',(1.2,2.49999997007267,-353.));
#16571=CARTESIAN_POINT('Origin',(1.2,2.49999997007267,-338.));
#16572=CARTESIAN_POINT('Origin',(1.2,2.49999997007267,-323.));
#16573=CARTESIAN_POINT('Origin',(1.2,2.49999997007267,-308.));
#16574=CARTESIAN_POINT('Origin',(1.2,2.49999997007267,-293.));
#16575=CARTESIAN_POINT('Origin',(1.2,2.49999997007267,-278.));
#16576=CARTESIAN_POINT('Origin',(1.2,2.49999997007267,-263.));
#16577=CARTESIAN_POINT('Origin',(1.2,2.49999997007267,-248.));
#16578=CARTESIAN_POINT('Origin',(1.2,2.49999997007267,-233.));
#16579=CARTESIAN_POINT('Origin',(1.2,2.49999997007267,-218.));
#16580=CARTESIAN_POINT('Origin',(1.2,2.49999997007267,-203.));
#16581=CARTESIAN_POINT('Origin',(1.2,2.49999997007267,-188.));
#16582=CARTESIAN_POINT('Origin',(1.2,2.49999997007267,-173.));
#16583=CARTESIAN_POINT('Origin',(1.2,2.49999997007267,-158.));
#16584=CARTESIAN_POINT('Origin',(1.2,2.49999997007267,-143.));
#16585=CARTESIAN_POINT('Origin',(1.2,2.49999997007267,-128.));
#16586=CARTESIAN_POINT('Origin',(1.2,2.49999997007267,-113.));
#16587=CARTESIAN_POINT('Origin',(1.2,2.49999997007267,-98.));
#16588=CARTESIAN_POINT('Origin',(1.2,2.49999997007267,-83.));
#16589=CARTESIAN_POINT('Origin',(1.2,2.49999997007267,-68.));
#16590=CARTESIAN_POINT('Origin',(1.2,2.49999997007267,-53.));
#16591=CARTESIAN_POINT('Origin',(1.2,2.49999997007267,-38.));
#16592=CARTESIAN_POINT('Origin',(-3.7764704652028,3.05588222740457,-507.487638052681));
#16593=CARTESIAN_POINT('',(-3.18261508329766,2.68529410480266,-499.));
#16594=CARTESIAN_POINT('',(-3.18261508329766,2.68529410480266,0.));
#16595=CARTESIAN_POINT('',(-3.18261508329766,2.68529410480266,-507.487638052681));
#16596=CARTESIAN_POINT('',(-3.44705881614351,2.43823529209658,-499.));
#16597=CARTESIAN_POINT('Origin',(-3.7764704652028,3.05588222740457,-499.));
#16598=CARTESIAN_POINT('',(-3.44705881614351,2.43823529209658,0.));
#16599=CARTESIAN_POINT('',(-3.44705881614351,2.43823529209658,-507.487638052681));
#16600=CARTESIAN_POINT('Origin',(-3.7764704652028,3.05588222740457,0.));
#16601=CARTESIAN_POINT('Origin',(-3.09777857710608,2.63235292180661,-507.487638052681));
#16602=CARTESIAN_POINT('',(-3.09777857855608,2.73235293000568,-499.));
#16603=CARTESIAN_POINT('Origin',(-3.09777857710608,2.63235292180661,-499.));
#16604=CARTESIAN_POINT('',(-3.09777857855608,2.73235293000568,0.));
#16605=CARTESIAN_POINT('Origin',(-3.09777857710608,2.63235292180661,0.));
#16606=CARTESIAN_POINT('',(-3.09777857855608,2.73235293000568,-507.487638052681));
#16607=CARTESIAN_POINT('Origin',(0.,2.73235293000568,-507.487638052681));
#16608=CARTESIAN_POINT('',(0.,2.73235293000568,-499.));
#16609=CARTESIAN_POINT('',(0.,2.73235293000568,0.));
#16610=CARTESIAN_POINT('Origin',(0.,3.37941175000411,-507.487638052681));
#16611=CARTESIAN_POINT('',(-3.09777859210648,3.37941175000411,-499.));
#16612=CARTESIAN_POINT('',(0.,3.37941175000411,-499.));
#16613=CARTESIAN_POINT('',(-3.09777859210648,3.37941175000411,0.));
#16614=CARTESIAN_POINT('',(0.,3.37941175000411,0.));
#16615=CARTESIAN_POINT('',(-3.09777859210648,3.37941175000411,-507.487638052681));
#16616=CARTESIAN_POINT('Origin',(-3.09777859210648,3.47941173102712,-507.487638052681));
#16617=CARTESIAN_POINT('',(-3.1826150779081,3.42647056668939,-499.));
#16618=CARTESIAN_POINT('Origin',(-3.09777859210648,3.47941173102712,-499.));
#16619=CARTESIAN_POINT('',(-3.1826150779081,3.42647056668939,0.));
#16620=CARTESIAN_POINT('Origin',(-3.09777859210648,3.47941173102712,0.));
#16621=CARTESIAN_POINT('',(-3.1826150779081,3.42647056668939,-507.487638052681));
#16622=CARTESIAN_POINT('Origin',(-3.7764706119671,3.05588229555169,-507.487638052681));
#16623=CARTESIAN_POINT('',(-3.44705882632525,3.67352939343007,-499.));
#16624=CARTESIAN_POINT('',(-3.44705882632525,3.67352939343007,0.));
#16625=CARTESIAN_POINT('',(-3.44705882632525,3.67352939343007,-507.487638052681));
#16626=CARTESIAN_POINT('Origin',(-3.7764706119671,3.05588229555169,-499.));
#16627=CARTESIAN_POINT('Origin',(-3.7764706119671,3.05588229555169,0.));
#16628=CARTESIAN_POINT('Origin',(-3.40000001905591,3.76176467457267,-507.487638052681));
#16629=CARTESIAN_POINT('',(-3.49999999995554,3.76176467732267,-499.));
#16630=CARTESIAN_POINT('Origin',(-3.40000001905591,3.76176467457267,-499.));
#16631=CARTESIAN_POINT('',(-3.49999999995554,3.76176467732267,0.));
#16632=CARTESIAN_POINT('Origin',(-3.40000001905591,3.76176467457267,0.));
#16633=CARTESIAN_POINT('',(-3.49999999995554,3.76176467732267,-507.487638052681));
#16634=CARTESIAN_POINT('Origin',(-3.49999999995554,0.,-507.487638052681));
#16635=CARTESIAN_POINT('',(-3.49999999995554,4.41176468007267,-499.));
#16636=CARTESIAN_POINT('',(-3.49999999995554,0.,-499.));
#16637=CARTESIAN_POINT('',(-3.49999999995554,4.41176468007267,0.));
#16638=CARTESIAN_POINT('',(-3.49999999995554,0.,0.));
#16639=CARTESIAN_POINT('',(-3.49999999995554,4.41176468007267,-507.487638052681));
#16640=CARTESIAN_POINT('Origin',(-4.32600256313837,3.34282019787925,-507.487638052681));
#16641=CARTESIAN_POINT('',(-4.32600256313837,3.34282019787925,-499.));
#16642=CARTESIAN_POINT('',(-4.32600256313837,3.34282019787925,0.));
#16643=CARTESIAN_POINT('Origin',(4.32600256319403,3.34282019792227,-507.487638052681));
#16644=CARTESIAN_POINT('',(3.50000000004446,4.41176468007267,-499.));
#16645=CARTESIAN_POINT('',(4.32600256319403,3.34282019792227,-499.));
#16646=CARTESIAN_POINT('',(3.50000000004446,4.41176468007267,0.));
#16647=CARTESIAN_POINT('',(4.32600256319403,3.34282019792227,0.));
#16648=CARTESIAN_POINT('',(3.50000000004446,4.41176468007267,-507.487638052681));
#16649=CARTESIAN_POINT('Origin',(3.50000000004446,0.,-507.487638052681));
#16650=CARTESIAN_POINT('',(3.50000000004446,3.76176468855963,-499.));
#16651=CARTESIAN_POINT('',(3.50000000004446,0.,-499.));
#16652=CARTESIAN_POINT('',(3.50000000004446,3.7617646866173,0.));
#16653=CARTESIAN_POINT('',(3.50000000004446,0.,0.));
#16654=CARTESIAN_POINT('',(3.50000000004446,3.7617646866173,-507.487638052681));
#16655=CARTESIAN_POINT('Origin',(3.39999998814482,3.76176469317267,-507.487638052681));
#16656=CARTESIAN_POINT('',(3.44705881618797,3.67352938797609,-499.));
#16657=CARTESIAN_POINT('Origin',(3.39999998814482,3.76176469317267,-499.));
#16658=CARTESIAN_POINT('',(3.44705881618797,3.67352938797609,0.));
#16659=CARTESIAN_POINT('Origin',(3.39999998814482,3.76176469317267,0.));
#16660=CARTESIAN_POINT('',(3.44705881618797,3.67352938797609,-507.487638052681));
#16661=CARTESIAN_POINT('Origin',(3.77647046524724,3.05588245266812,-507.487638052681));
#16662=CARTESIAN_POINT('',(3.18261508334211,3.42647057527002,-499.));
#16663=CARTESIAN_POINT('',(3.18261508334211,3.42647057527002,0.));
#16664=CARTESIAN_POINT('',(3.18261508334211,3.42647057527002,-507.487638052681));
#16665=CARTESIAN_POINT('Origin',(3.77647046524724,3.05588245266812,-499.));
#16666=CARTESIAN_POINT('Origin',(3.77647046524724,3.05588245266812,0.));
#16667=CARTESIAN_POINT('Origin',(3.09777857715054,3.47941175826606,-507.487638052681));
#16668=CARTESIAN_POINT('',(3.09777857715054,3.37941175006699,-499.));
#16669=CARTESIAN_POINT('Origin',(3.09777857715054,3.47941175826606,-499.));
#16670=CARTESIAN_POINT('',(3.09777857715054,3.37941175006699,0.));
#16671=CARTESIAN_POINT('Origin',(3.09777857715054,3.47941175826606,0.));
#16672=CARTESIAN_POINT('',(3.09777857715054,3.37941175006699,-507.487638052681));
#16673=CARTESIAN_POINT('Origin',(0.,3.37941175006699,-507.487638052681));
#16674=CARTESIAN_POINT('',(2.76888884004436,3.37941175006699,-499.));
#16675=CARTESIAN_POINT('',(0.,3.37941175006699,-499.));
#16676=CARTESIAN_POINT('',(2.76888884004436,3.37941175006699,0.));
#16677=CARTESIAN_POINT('',(0.,3.37941175006699,0.));
#16678=CARTESIAN_POINT('',(2.76888884004436,3.37941175006699,-507.487638052681));
#16679=CARTESIAN_POINT('Origin',(2.63536460915021,3.05588234006734,-507.487638052681));
#16680=CARTESIAN_POINT('',(2.76888884004542,2.73235293006813,-499.));
#16681=CARTESIAN_POINT('',(2.76888884004542,2.73235293006813,0.));
#16682=CARTESIAN_POINT('',(2.76888884004542,2.73235293006813,-507.487638052681));
#16683=CARTESIAN_POINT('Origin',(2.63536460915021,3.05588234006734,-499.));
#16684=CARTESIAN_POINT('Origin',(2.63536460915021,3.05588234006734,0.));
#16685=CARTESIAN_POINT('Origin',(0.,2.73235293006813,-507.487638052681));
#16686=CARTESIAN_POINT('',(3.0977785860874,2.73235293006813,-499.));
#16687=CARTESIAN_POINT('',(0.,2.73235293006813,-499.));
#16688=CARTESIAN_POINT('',(3.0977785860874,2.73235293006813,0.));
#16689=CARTESIAN_POINT('',(0.,2.73235293006813,0.));
#16690=CARTESIAN_POINT('',(3.0977785860874,2.73235293006813,-507.487638052681));
#16691=CARTESIAN_POINT('Origin',(3.09777859214989,2.63235294904512,-507.487638052681));
#16692=CARTESIAN_POINT('',(3.1826150779515,2.68529411338284,-499.));
#16693=CARTESIAN_POINT('Origin',(3.09777859214989,2.63235294904512,-499.));
#16694=CARTESIAN_POINT('',(3.1826150779515,2.68529411338284,0.));
#16695=CARTESIAN_POINT('Origin',(3.09777859214989,2.63235294904512,0.));
#16696=CARTESIAN_POINT('',(3.1826150779515,2.68529411338284,-507.487638052681));
#16697=CARTESIAN_POINT('Origin',(3.77647061200957,3.05588238452204,-507.487638052681));
#16698=CARTESIAN_POINT('',(3.44705882636971,2.43823528664261,-499.));
#16699=CARTESIAN_POINT('',(3.44705882636971,2.43823528664261,0.));
#16700=CARTESIAN_POINT('',(3.44705882636971,2.43823528664261,-507.487638052681));
#16701=CARTESIAN_POINT('Origin',(3.77647061200957,3.05588238452204,-499.));
#16702=CARTESIAN_POINT('Origin',(3.77647061200957,3.05588238452204,0.));
#16703=CARTESIAN_POINT('Origin',(3.40000001910037,2.3500000055,-507.487638052681));
#16704=CARTESIAN_POINT('',(3.5,2.35000000275,-499.));
#16705=CARTESIAN_POINT('Origin',(3.40000001910037,2.3500000055,-499.));
#16706=CARTESIAN_POINT('',(3.5,2.35000000275,0.));
#16707=CARTESIAN_POINT('Origin',(3.40000001910037,2.3500000055,0.));
#16708=CARTESIAN_POINT('',(3.5,2.35000000275,-507.487638052681));
#16709=CARTESIAN_POINT('Origin',(3.5,-7.78401558635437E-16,-507.487638052681));
#16710=CARTESIAN_POINT('',(3.5,0.400000000000004,-499.));
#16711=CARTESIAN_POINT('',(3.5,-7.78401558635437E-16,-499.));
#16712=CARTESIAN_POINT('',(3.5,0.400000000000004,0.));
#16713=CARTESIAN_POINT('',(3.5,-7.78401558635437E-16,0.));
#16714=CARTESIAN_POINT('',(3.5,0.400000000000004,-507.487638052681));
#16715=CARTESIAN_POINT('Origin',(1.55,-1.55,-507.487638052681));
#16716=CARTESIAN_POINT('',(3.1,4.33680868994202E-16,-499.));
#16717=CARTESIAN_POINT('',(1.55,-1.55,-499.));
#16718=CARTESIAN_POINT('',(3.1,4.33680868994202E-16,0.));
#16719=CARTESIAN_POINT('',(1.55,-1.55,0.));
#16720=CARTESIAN_POINT('',(3.1,4.33680868994202E-16,-507.487638052681));
#16721=CARTESIAN_POINT('Origin',(0.,0.,-507.487638052681));
#16722=CARTESIAN_POINT('',(-3.1,3.03576608295941E-15,-499.));
#16723=CARTESIAN_POINT('',(0.,0.,-499.));
#16724=CARTESIAN_POINT('',(-3.1,2.81892564846231E-15,0.));
#16725=CARTESIAN_POINT('',(0.,0.,0.));
#16726=CARTESIAN_POINT('',(-3.1,2.81892564846231E-15,-507.487638052681));
#16727=CARTESIAN_POINT('Origin',(-1.55,-1.55,-507.487638052681));
#16728=CARTESIAN_POINT('',(-3.5,0.400000000000004,-499.));
#16729=CARTESIAN_POINT('',(-1.55,-1.55,-499.));
#16730=CARTESIAN_POINT('',(-3.5,0.400000000000004,0.));
#16731=CARTESIAN_POINT('',(-1.55,-1.55,0.));
#16732=CARTESIAN_POINT('',(-3.5,0.400000000000004,-507.487638052681));
#16733=CARTESIAN_POINT('Origin',(-3.5,0.,-507.487638052681));
#16734=CARTESIAN_POINT('',(-3.5,2.34999999345537,-499.));
#16735=CARTESIAN_POINT('',(-3.5,0.,-499.));
#16736=CARTESIAN_POINT('',(-3.5,2.34999999345537,0.));
#16737=CARTESIAN_POINT('',(-3.5,0.,0.));
#16738=CARTESIAN_POINT('',(-3.5,2.34999999345537,-507.487638052681));
#16739=CARTESIAN_POINT('Origin',(-3.39999998810037,2.3499999869,-507.487638052681));
#16740=CARTESIAN_POINT('Origin',(-3.39999998810037,2.3499999869,-499.));
#16741=CARTESIAN_POINT('Origin',(-3.39999998810037,2.3499999869,0.));
#16742=CARTESIAN_POINT('Origin',(0.,0.,0.));
#16743=CARTESIAN_POINT('Origin',(0.,0.,-499.));
#16744=CARTESIAN_POINT('Origin',(1.2,2.49999997007267,-8.));
#16745=CARTESIAN_POINT('Origin',(1.2,2.49999997007267,-23.));
#16746=CARTESIAN_POINT('Ctrl Pts',(0.310906523122375,4.79899997007267,-14.0544629170723));
#16747=CARTESIAN_POINT('Ctrl Pts',(0.310906523122375,4.80019997007267,-14.0544629170723));
#16748=CARTESIAN_POINT('Ctrl Pts',(0.310698855838112,4.79899997007267,-14.0577463512057));
#16749=CARTESIAN_POINT('Ctrl Pts',(0.310698855838112,4.80019997007267,-14.0577463512057));
#16750=CARTESIAN_POINT('Ctrl Pts',(0.315252401756426,4.79899997007267,-14.0935049571161));
#16751=CARTESIAN_POINT('Ctrl Pts',(0.315252401756426,4.80019997007267,-14.0935049571161));
#16752=CARTESIAN_POINT('Ctrl Pts',(0.306486821827702,4.79899997007267,-14.1089945825435));
#16753=CARTESIAN_POINT('Ctrl Pts',(0.306486821827702,4.80019997007267,-14.1089945825435));
#16754=CARTESIAN_POINT('Ctrl Pts',(0.300595124694771,4.79899997007267,-14.1194057798017));
#16755=CARTESIAN_POINT('Ctrl Pts',(0.300595124694771,4.80019997007267,-14.1194057798017));
#16756=CARTESIAN_POINT('Ctrl Pts',(0.296676382751214,4.79899997007267,-14.1312495529509));
#16757=CARTESIAN_POINT('Ctrl Pts',(0.296676382751214,4.80019997007267,-14.1312495529509));
#16758=CARTESIAN_POINT('Ctrl Pts',(0.28869949445667,4.79899997007267,-14.1401643931958));
#16759=CARTESIAN_POINT('Ctrl Pts',(0.28869949445667,4.80019997007267,-14.1401643931958));
#16760=CARTESIAN_POINT('Ctrl Pts',(0.280388292955486,4.79899997007267,-14.1494528564274));
#16761=CARTESIAN_POINT('Ctrl Pts',(0.280388292955486,4.80019997007267,-14.1494528564274));
#16762=CARTESIAN_POINT('Ctrl Pts',(0.270446557566757,4.79899997007267,-14.1583686111244));
#16763=CARTESIAN_POINT('Ctrl Pts',(0.270446557566757,4.80019997007267,-14.1583686111244));
#16764=CARTESIAN_POINT('Ctrl Pts',(0.258665776960071,4.79899997007267,-14.1624386022663));
#16765=CARTESIAN_POINT('Ctrl Pts',(0.258665776960071,4.80019997007267,-14.1624386022663));
#16766=CARTESIAN_POINT('Ctrl Pts',(0.183774965555659,4.79899997007267,-14.1883116703762));
#16767=CARTESIAN_POINT('Ctrl Pts',(0.183774965555659,4.80019997007267,-14.1883116703762));
#16768=CARTESIAN_POINT('Ctrl Pts',(0.106973254232311,4.79899997007267,-14.2083413548553));
#16769=CARTESIAN_POINT('Ctrl Pts',(0.106973254232311,4.80019997007267,-14.2083413548553));
#16770=CARTESIAN_POINT('Ctrl Pts',(0.0305726628463347,4.79899997007267,
-14.2293413291911));
#16771=CARTESIAN_POINT('Ctrl Pts',(0.0305726628463347,4.80019997007267,
-14.2293413291911));
#16772=CARTESIAN_POINT('Ctrl Pts',(-0.137828398290756,4.79899997007267,
-14.275629164113));
#16773=CARTESIAN_POINT('Ctrl Pts',(-0.137828398290756,4.80019997007267,
-14.275629164113));
#16774=CARTESIAN_POINT('Ctrl Pts',(-0.306055809301753,4.79899997007267,
-14.3227495186256));
#16775=CARTESIAN_POINT('Ctrl Pts',(-0.306055809301753,4.80019997007267,
-14.3227495186256));
#16776=CARTESIAN_POINT('Ctrl Pts',(-0.475690647424388,4.79899997007267,
-14.3642886898854));
#16777=CARTESIAN_POINT('Ctrl Pts',(-0.475690647424388,4.80019997007267,
-14.3642886898854));
#16778=CARTESIAN_POINT('Ctrl Pts',(-0.484457149901037,4.79899997007267,
-14.366435378925));
#16779=CARTESIAN_POINT('Ctrl Pts',(-0.484457149901037,4.80019997007267,
-14.366435378925));
#16780=CARTESIAN_POINT('Ctrl Pts',(-0.494403841493196,4.79899997007267,
-14.3640360978682));
#16781=CARTESIAN_POINT('Ctrl Pts',(-0.494403841493196,4.80019997007267,
-14.3640360978682));
#16782=CARTESIAN_POINT('Ctrl Pts',(-0.502401352890743,4.79899997007267,
-14.359852839455));
#16783=CARTESIAN_POINT('Ctrl Pts',(-0.502401352890743,4.80019997007267,
-14.359852839455));
#16784=CARTESIAN_POINT('Ctrl Pts',(-0.510768579232868,4.79899997007267,
-14.3554761942398));
#16785=CARTESIAN_POINT('Ctrl Pts',(-0.510768579232868,4.80019997007267,
-14.3554761942398));
#16786=CARTESIAN_POINT('Ctrl Pts',(-0.518013264904825,4.79899997007267,
-14.3481720477756));
#16787=CARTESIAN_POINT('Ctrl Pts',(-0.518013264904825,4.80019997007267,
-14.3481720477756));
#16788=CARTESIAN_POINT('Ctrl Pts',(-0.522444071471968,4.79899997007267,
-14.3398333756293));
#16789=CARTESIAN_POINT('Ctrl Pts',(-0.522444071471968,4.80019997007267,
-14.3398333756293));
#16790=CARTESIAN_POINT('Ctrl Pts',(-0.535465929054675,4.79899997007267,
-14.3153265506363));
#16791=CARTESIAN_POINT('Ctrl Pts',(-0.535465929054675,4.80019997007267,
-14.3153265506363));
#16792=CARTESIAN_POINT('Ctrl Pts',(-0.532785560223143,4.79899997007267,
-14.2851736539206));
#16793=CARTESIAN_POINT('Ctrl Pts',(-0.532785560223143,4.80019997007267,
-14.2851736539206));
#16794=CARTESIAN_POINT('Ctrl Pts',(-0.534733095315954,4.79899997007267,
-14.2574904396347));
#16795=CARTESIAN_POINT('Ctrl Pts',(-0.534733095315954,4.80019997007267,
-14.2574904396347));
#16796=CARTESIAN_POINT('',(0.310906523122375,4.79899997007267,-14.0544629170723));
#16797=CARTESIAN_POINT('',(0.310906523122375,4.79899997007267,-14.0544629170723));
#16798=CARTESIAN_POINT('',(-0.534733095315953,4.79899997007267,-14.2574904396347));
#16799=CARTESIAN_POINT('Ctrl Pts',(0.310906523122375,4.79899997007267,-14.0544629170723));
#16800=CARTESIAN_POINT('Ctrl Pts',(0.310698855838112,4.79899997007267,-14.0577463512057));
#16801=CARTESIAN_POINT('Ctrl Pts',(0.315252401756426,4.79899997007267,-14.0935049571161));
#16802=CARTESIAN_POINT('Ctrl Pts',(0.306486821827702,4.79899997007267,-14.1089945825435));
#16803=CARTESIAN_POINT('Ctrl Pts',(0.300595124694771,4.79899997007267,-14.1194057798017));
#16804=CARTESIAN_POINT('Ctrl Pts',(0.296676382751214,4.79899997007267,-14.1312495529509));
#16805=CARTESIAN_POINT('Ctrl Pts',(0.28869949445667,4.79899997007267,-14.1401643931958));
#16806=CARTESIAN_POINT('Ctrl Pts',(0.280388292955486,4.79899997007267,-14.1494528564274));
#16807=CARTESIAN_POINT('Ctrl Pts',(0.270446557566757,4.79899997007267,-14.1583686111244));
#16808=CARTESIAN_POINT('Ctrl Pts',(0.258665776960071,4.79899997007267,-14.1624386022663));
#16809=CARTESIAN_POINT('Ctrl Pts',(0.183774965555659,4.79899997007267,-14.1883116703762));
#16810=CARTESIAN_POINT('Ctrl Pts',(0.106973254232311,4.79899997007267,-14.2083413548553));
#16811=CARTESIAN_POINT('Ctrl Pts',(0.0305726628463347,4.79899997007267,
-14.2293413291911));
#16812=CARTESIAN_POINT('Ctrl Pts',(-0.137828398290756,4.79899997007267,
-14.275629164113));
#16813=CARTESIAN_POINT('Ctrl Pts',(-0.306055809301753,4.79899997007267,
-14.3227495186256));
#16814=CARTESIAN_POINT('Ctrl Pts',(-0.475690647424388,4.79899997007267,
-14.3642886898854));
#16815=CARTESIAN_POINT('Ctrl Pts',(-0.484457149901037,4.79899997007267,
-14.366435378925));
#16816=CARTESIAN_POINT('Ctrl Pts',(-0.494403841493196,4.79899997007267,
-14.3640360978682));
#16817=CARTESIAN_POINT('Ctrl Pts',(-0.502401352890743,4.79899997007267,
-14.359852839455));
#16818=CARTESIAN_POINT('Ctrl Pts',(-0.510768579232868,4.79899997007267,
-14.3554761942398));
#16819=CARTESIAN_POINT('Ctrl Pts',(-0.518013264904825,4.79899997007267,
-14.3481720477756));
#16820=CARTESIAN_POINT('Ctrl Pts',(-0.522444071471968,4.79899997007267,
-14.3398333756293));
#16821=CARTESIAN_POINT('Ctrl Pts',(-0.535465929054675,4.79899997007267,
-14.3153265506363));
#16822=CARTESIAN_POINT('Ctrl Pts',(-0.532785560223143,4.79899997007267,
-14.2851736539206));
#16823=CARTESIAN_POINT('Ctrl Pts',(-0.534733095315954,4.79899997007267,
-14.2574904396347));
#16824=CARTESIAN_POINT('',(-0.534733095315953,4.79899997007267,-14.2574904396347));
#16825=CARTESIAN_POINT('Origin',(3.76783041466652,4.79899997007267,-13.0115743653155));
#16826=CARTESIAN_POINT('',(-0.623175789277923,4.79899997007267,-14.2831012583496));
#16827=CARTESIAN_POINT('',(3.76783041466652,4.79899997007267,-13.0115743653155));
#16828=CARTESIAN_POINT('',(-0.623175789277923,4.79899997007267,-14.2831012583496));
#16829=CARTESIAN_POINT('Origin',(-0.623175789277923,4.79899997007267,0.));
#16830=CARTESIAN_POINT('',(-0.623175789277923,4.79899997007267,-14.728430238087));
#16831=CARTESIAN_POINT('',(-0.623175789277923,4.79899997007267,0.));
#16832=CARTESIAN_POINT('',(-0.623175789277923,4.79899997007267,-14.728430238087));
#16833=CARTESIAN_POINT('Origin',(3.88680980331966,4.79899997007267,-13.4224498541302));
#16834=CARTESIAN_POINT('',(-0.534733095315953,4.79899997007267,-14.7028194193722));
#16835=CARTESIAN_POINT('',(3.88680980331966,4.79899997007267,-13.4224498541302));
#16836=CARTESIAN_POINT('',(-0.534733095315953,4.79899997007267,-14.7028194193722));
#16837=CARTESIAN_POINT('Ctrl Pts',(-0.46188098537269,4.79899997007267,-14.5825238969259));
#16838=CARTESIAN_POINT('Ctrl Pts',(-0.46188098537269,4.80019997007267,-14.5825238969259));
#16839=CARTESIAN_POINT('Ctrl Pts',(-0.485467376655537,4.79899997007267,
-14.5883053345572));
#16840=CARTESIAN_POINT('Ctrl Pts',(-0.485467376655537,4.80019997007267,
-14.5883053345572));
#16841=CARTESIAN_POINT('Ctrl Pts',(-0.533705953791796,4.79899997007267,
-14.6210448623489));
#16842=CARTESIAN_POINT('Ctrl Pts',(-0.533705953791796,4.80019997007267,
-14.6210448623489));
#16843=CARTESIAN_POINT('Ctrl Pts',(-0.532121943950222,4.79899997007267,
-14.6783714782978));
#16844=CARTESIAN_POINT('Ctrl Pts',(-0.532121943950222,4.80019997007267,
-14.6783714782978));
#16845=CARTESIAN_POINT('Ctrl Pts',(-0.534733095315953,4.79899997007267,
-14.7028194193722));
#16846=CARTESIAN_POINT('Ctrl Pts',(-0.534733095315953,4.80019997007267,
-14.7028194193722));
#16847=CARTESIAN_POINT('',(-0.461880985372689,4.79899997007267,-14.5825238969259));
#16848=CARTESIAN_POINT('Ctrl Pts',(-0.46188098537269,4.79899997007267,-14.5825238969259));
#16849=CARTESIAN_POINT('Ctrl Pts',(-0.485467376655537,4.79899997007267,
-14.5883053345572));
#16850=CARTESIAN_POINT('Ctrl Pts',(-0.533705953791796,4.79899997007267,
-14.6210448623489));
#16851=CARTESIAN_POINT('Ctrl Pts',(-0.532121943950222,4.79899997007267,
-14.6783714782978));
#16852=CARTESIAN_POINT('Ctrl Pts',(-0.534733095315953,4.79899997007267,
-14.7028194193722));
#16853=CARTESIAN_POINT('',(-0.461880985372689,4.79899997007267,-14.5825238969259));
#16854=CARTESIAN_POINT('Origin',(3.68966387398529,4.79899997007267,-13.443066213254));
#16855=CARTESIAN_POINT('',(0.240356917804179,4.79899997007267,-14.3897835071076));
#16856=CARTESIAN_POINT('',(3.68966387398529,4.79899997007267,-13.443066213254));
#16857=CARTESIAN_POINT('',(0.240356917804179,4.79899997007267,-14.3897835071076));
#16858=CARTESIAN_POINT('Ctrl Pts',(0.240356917804179,4.79899997007267,-14.3897835071076));
#16859=CARTESIAN_POINT('Ctrl Pts',(0.240356917804179,4.80019997007267,-14.3897835071076));
#16860=CARTESIAN_POINT('Ctrl Pts',(0.257092367485916,4.79899997007267,-14.3861894433661));
#16861=CARTESIAN_POINT('Ctrl Pts',(0.257092367485916,4.80019997007267,-14.3861894433661));
#16862=CARTESIAN_POINT('Ctrl Pts',(0.297675078697259,4.79899997007267,-14.3886866554261));
#16863=CARTESIAN_POINT('Ctrl Pts',(0.297675078697259,4.80019997007267,-14.3886866554261));
#16864=CARTESIAN_POINT('Ctrl Pts',(0.312196033375896,4.79899997007267,-14.4260058922958));
#16865=CARTESIAN_POINT('Ctrl Pts',(0.312196033375896,4.80019997007267,-14.4260058922958));
#16866=CARTESIAN_POINT('Ctrl Pts',(0.312032090876416,4.79899997007267,-14.4415159596294));
#16867=CARTESIAN_POINT('Ctrl Pts',(0.312032090876416,4.80019997007267,-14.4415159596294));
#16868=CARTESIAN_POINT('',(0.312032090876416,4.79899997007267,-14.4415159596294));
#16869=CARTESIAN_POINT('Ctrl Pts',(0.240356917804179,4.79899997007267,-14.3897835071076));
#16870=CARTESIAN_POINT('Ctrl Pts',(0.257092367485916,4.79899997007267,-14.3861894433661));
#16871=CARTESIAN_POINT('Ctrl Pts',(0.297675078697259,4.79899997007267,-14.3886866554261));
#16872=CARTESIAN_POINT('Ctrl Pts',(0.312196033375896,4.79899997007267,-14.4260058922958));
#16873=CARTESIAN_POINT('Ctrl Pts',(0.312032090876416,4.79899997007267,-14.4415159596294));
#16874=CARTESIAN_POINT('',(0.312032090876416,4.79899997007267,-14.4415159596294));
#16875=CARTESIAN_POINT('Origin',(0.312032090876416,4.79899997007267,0.));
#16876=CARTESIAN_POINT('',(0.312032090876416,4.79899997007267,-14.4802732890559));
#16877=CARTESIAN_POINT('',(0.312032090876416,4.79899997007267,0.));
#16878=CARTESIAN_POINT('',(0.312032090876416,4.79899997007267,-14.4802732890559));
#16879=CARTESIAN_POINT('Origin',(3.7725187485841,4.79899997007267,-13.51427625375));
#16880=CARTESIAN_POINT('',(0.394085798199663,4.79899997007267,-14.4573679448513));
#16881=CARTESIAN_POINT('',(3.7725187485841,4.79899997007267,-13.51427625375));
#16882=CARTESIAN_POINT('',(0.394085798199663,4.79899997007267,-14.4573679448513));
#16883=CARTESIAN_POINT('Origin',(0.394085798199663,4.79899997007267,0.));
#16884=CARTESIAN_POINT('',(0.394085798199663,4.79899997007267,-14.0312433699186));
#16885=CARTESIAN_POINT('',(0.394085798199663,4.79899997007267,0.));
#16886=CARTESIAN_POINT('',(0.394085798199663,4.79899997007267,-14.0312433699186));
#16887=CARTESIAN_POINT('Origin',(3.66216511929201,4.79899997007267,-13.1189569641068));
#16888=CARTESIAN_POINT('',(3.66216511929201,4.79899997007267,-13.1189569641068));
#16889=CARTESIAN_POINT('Origin',(0.,4.79899997007267,0.));
#16890=CARTESIAN_POINT('Ctrl Pts',(0.307677639685998,4.79899997007267,-13.5416203601009));
#16891=CARTESIAN_POINT('Ctrl Pts',(0.307677639685998,4.80019997007267,-13.5416203601009));
#16892=CARTESIAN_POINT('Ctrl Pts',(0.306980714872023,4.79899997007267,-13.5623949043264));
#16893=CARTESIAN_POINT('Ctrl Pts',(0.306980714872023,4.80019997007267,-13.5623949043264));
#16894=CARTESIAN_POINT('Ctrl Pts',(0.310412470015507,4.79899997007267,-13.58372566123));
#16895=CARTESIAN_POINT('Ctrl Pts',(0.310412470015507,4.80019997007267,-13.58372566123));
#16896=CARTESIAN_POINT('Ctrl Pts',(0.305586865244075,4.79899997007267,-13.6039439927774));
#16897=CARTESIAN_POINT('Ctrl Pts',(0.305586865244075,4.80019997007267,-13.6039439927774));
#16898=CARTESIAN_POINT('Ctrl Pts',(0.302792384567824,4.79899997007267,-13.6156523152554));
#16899=CARTESIAN_POINT('Ctrl Pts',(0.302792384567824,4.80019997007267,-13.6156523152554));
#16900=CARTESIAN_POINT('Ctrl Pts',(0.294525363366327,4.79899997007267,-13.6259343123098));
#16901=CARTESIAN_POINT('Ctrl Pts',(0.294525363366327,4.80019997007267,-13.6259343123098));
#16902=CARTESIAN_POINT('Ctrl Pts',(0.285620857470369,4.79899997007267,-13.6340339241677));
#16903=CARTESIAN_POINT('Ctrl Pts',(0.285620857470369,4.80019997007267,-13.6340339241677));
#16904=CARTESIAN_POINT('Ctrl Pts',(0.274420467635696,4.79899997007267,-13.6442218909541));
#16905=CARTESIAN_POINT('Ctrl Pts',(0.274420467635696,4.80019997007267,-13.6442218909541));
#16906=CARTESIAN_POINT('Ctrl Pts',(0.26113648983407,4.79899997007267,-13.6528540872382));
#16907=CARTESIAN_POINT('Ctrl Pts',(0.26113648983407,4.80019997007267,-13.6528540872382));
#16908=CARTESIAN_POINT('Ctrl Pts',(0.246722184722573,4.79899997007267,-13.6574877907076));
#16909=CARTESIAN_POINT('Ctrl Pts',(0.246722184722573,4.80019997007267,-13.6574877907076));
#16910=CARTESIAN_POINT('Ctrl Pts',(0.136797950486234,4.79899997007267,-13.6928246523612));
#16911=CARTESIAN_POINT('Ctrl Pts',(0.136797950486234,4.80019997007267,-13.6928246523612));
#16912=CARTESIAN_POINT('Ctrl Pts',(0.0256447369710294,4.79899997007267,
-13.7248998097856));
#16913=CARTESIAN_POINT('Ctrl Pts',(0.0256447369710294,4.80019997007267,
-13.7248998097856));
#16914=CARTESIAN_POINT('Ctrl Pts',(-0.0869286720326378,4.79899997007267,
-13.7505758423697));
#16915=CARTESIAN_POINT('Ctrl Pts',(-0.0869286720326378,4.80019997007267,
-13.7505758423697));
#16916=CARTESIAN_POINT('',(0.307677639685997,4.79899997007267,-13.5416203601009));
#16917=CARTESIAN_POINT('',(0.307677639685997,4.79899997007267,-13.5416203601009));
#16918=CARTESIAN_POINT('',(-0.086928672032638,4.79899997007267,-13.7505758423697));
#16919=CARTESIAN_POINT('Ctrl Pts',(0.307677639685998,4.79899997007267,-13.5416203601009));
#16920=CARTESIAN_POINT('Ctrl Pts',(0.306980714872023,4.79899997007267,-13.5623949043264));
#16921=CARTESIAN_POINT('Ctrl Pts',(0.310412470015507,4.79899997007267,-13.58372566123));
#16922=CARTESIAN_POINT('Ctrl Pts',(0.305586865244075,4.79899997007267,-13.6039439927774));
#16923=CARTESIAN_POINT('Ctrl Pts',(0.302792384567824,4.79899997007267,-13.6156523152554));
#16924=CARTESIAN_POINT('Ctrl Pts',(0.294525363366327,4.79899997007267,-13.6259343123098));
#16925=CARTESIAN_POINT('Ctrl Pts',(0.285620857470369,4.79899997007267,-13.6340339241677));
#16926=CARTESIAN_POINT('Ctrl Pts',(0.274420467635696,4.79899997007267,-13.6442218909541));
#16927=CARTESIAN_POINT('Ctrl Pts',(0.26113648983407,4.79899997007267,-13.6528540872382));
#16928=CARTESIAN_POINT('Ctrl Pts',(0.246722184722573,4.79899997007267,-13.6574877907076));
#16929=CARTESIAN_POINT('Ctrl Pts',(0.136797950486234,4.79899997007267,-13.6928246523612));
#16930=CARTESIAN_POINT('Ctrl Pts',(0.0256447369710294,4.79899997007267,
-13.7248998097856));
#16931=CARTESIAN_POINT('Ctrl Pts',(-0.0869286720326378,4.79899997007267,
-13.7505758423697));
#16932=CARTESIAN_POINT('',(-0.086928672032638,4.79899997007267,-13.7505758423697));
#16933=CARTESIAN_POINT('Origin',(-0.0869286720326328,4.79899997007267,3.28004409272756E-17));
#16934=CARTESIAN_POINT('',(-0.0869286720326378,4.79899997007267,-13.3195682747671));
#16935=CARTESIAN_POINT('',(-0.0869286720326328,4.79899997007267,3.28004409272756E-17));
#16936=CARTESIAN_POINT('',(-0.0869286720326378,4.79899997007267,-13.3195682747671));
#16937=CARTESIAN_POINT('Ctrl Pts',(-0.0645959020790524,4.79899997007267,
-13.290201593904));
#16938=CARTESIAN_POINT('Ctrl Pts',(-0.0645959020790524,4.80019997007267,
-13.290201593904));
#16939=CARTESIAN_POINT('Ctrl Pts',(-0.0874623531208565,4.79899997007267,
-13.2952671986743));
#16940=CARTESIAN_POINT('Ctrl Pts',(-0.0874623531208565,4.80019997007267,
-13.2952671986743));
#16941=CARTESIAN_POINT('Ctrl Pts',(-0.0869286720326378,4.79899997007267,
-13.3195682747671));
#16942=CARTESIAN_POINT('Ctrl Pts',(-0.0869286720326378,4.80019997007267,
-13.3195682747671));
#16943=CARTESIAN_POINT('',(-0.0645959020790527,4.79899997007267,-13.290201593904));
#16944=CARTESIAN_POINT('Ctrl Pts',(-0.0645959020790524,4.79899997007267,
-13.290201593904));
#16945=CARTESIAN_POINT('Ctrl Pts',(-0.0874623531208565,4.79899997007267,
-13.2952671986743));
#16946=CARTESIAN_POINT('Ctrl Pts',(-0.0869286720326378,4.79899997007267,
-13.3195682747671));
#16947=CARTESIAN_POINT('',(-0.0645959020790527,4.79899997007267,-13.290201593904));
#16948=CARTESIAN_POINT('Origin',(3.17964522644862,4.79899997007267,-12.4624738109405));
#16949=CARTESIAN_POINT('',(0.229885403725521,4.79899997007267,-13.2150683504979));
#16950=CARTESIAN_POINT('',(3.17964522644862,4.79899997007267,-12.4624738109405));
#16951=CARTESIAN_POINT('',(0.229885403725521,4.79899997007267,-13.2150683504979));
#16952=CARTESIAN_POINT('Ctrl Pts',(0.229885403725522,4.79899997007267,-13.2150683504979));
#16953=CARTESIAN_POINT('Ctrl Pts',(0.229885403725522,4.80019997007267,-13.2150683504979));
#16954=CARTESIAN_POINT('Ctrl Pts',(0.249484150752437,4.79899997007267,-13.2107288178205));
#16955=CARTESIAN_POINT('Ctrl Pts',(0.249484150752437,4.80019997007267,-13.2107288178205));
#16956=CARTESIAN_POINT('Ctrl Pts',(0.284006936294727,4.79899997007267,-13.2106281846018));
#16957=CARTESIAN_POINT('Ctrl Pts',(0.284006936294727,4.80019997007267,-13.2106281846018));
#16958=CARTESIAN_POINT('Ctrl Pts',(0.310412801532526,4.79899997007267,-13.243929089201));
#16959=CARTESIAN_POINT('Ctrl Pts',(0.310412801532526,4.80019997007267,-13.243929089201));
#16960=CARTESIAN_POINT('Ctrl Pts',(0.308129026591512,4.79899997007267,-13.2602316720017));
#16961=CARTESIAN_POINT('Ctrl Pts',(0.308129026591512,4.80019997007267,-13.2602316720017));
#16962=CARTESIAN_POINT('Ctrl Pts',(0.308129026591512,4.79899997007267,-13.2657198831499));
#16963=CARTESIAN_POINT('Ctrl Pts',(0.308129026591512,4.80019997007267,-13.2657198831499));
#16964=CARTESIAN_POINT('',(0.308129026591512,4.79899997007267,-13.2657198831499));
#16965=CARTESIAN_POINT('Ctrl Pts',(0.229885403725522,4.79899997007267,-13.2150683504979));
#16966=CARTESIAN_POINT('Ctrl Pts',(0.249484150752437,4.79899997007267,-13.2107288178205));
#16967=CARTESIAN_POINT('Ctrl Pts',(0.284006936294727,4.79899997007267,-13.2106281846018));
#16968=CARTESIAN_POINT('Ctrl Pts',(0.310412801532526,4.79899997007267,-13.243929089201));
#16969=CARTESIAN_POINT('Ctrl Pts',(0.308129026591512,4.79899997007267,-13.2602316720017));
#16970=CARTESIAN_POINT('Ctrl Pts',(0.308129026591512,4.79899997007267,-13.2657198831499));
#16971=CARTESIAN_POINT('',(0.308129026591512,4.79899997007267,-13.2657198831499));
#16972=CARTESIAN_POINT('Origin',(0.308129026591512,4.79899997007267,0.));
#16973=CARTESIAN_POINT('',(0.308129026591512,4.79899997007267,-13.3056411815406));
#16974=CARTESIAN_POINT('',(0.308129026591512,4.79899997007267,0.));
#16975=CARTESIAN_POINT('',(0.308129026591512,4.79899997007267,-13.3056411815406));
#16976=CARTESIAN_POINT('Origin',(3.4680417041034,4.79899997007267,-12.4235495625763));
#16977=CARTESIAN_POINT('',(0.394085798199663,4.79899997007267,-13.2816462944767));
#16978=CARTESIAN_POINT('',(3.4680417041034,4.79899997007267,-12.4235495625763));
#16979=CARTESIAN_POINT('',(0.394085798199663,4.79899997007267,-13.2816462944767));
#16980=CARTESIAN_POINT('Origin',(0.39408579819965,4.79899997007267,3.85736132089794E-16));
#16981=CARTESIAN_POINT('',(0.394085798199663,4.79899997007267,-12.8385779448887));
#16982=CARTESIAN_POINT('',(0.39408579819965,4.79899997007267,3.85736132089794E-16));
#16983=CARTESIAN_POINT('',(0.394085798199663,4.79899997007267,-12.8385779448887));
#16984=CARTESIAN_POINT('Origin',(3.35330013959926,4.79899997007267,-12.0125113931626));
#16985=CARTESIAN_POINT('',(0.308129026591512,4.79899997007267,-12.8625728319526));
#16986=CARTESIAN_POINT('',(3.35330013959926,4.79899997007267,-12.0125113931626));
#16987=CARTESIAN_POINT('',(0.308129026591512,4.79899997007267,-12.8625728319526));
#16988=CARTESIAN_POINT('Origin',(0.308129026591512,4.79899997007267,0.));
#16989=CARTESIAN_POINT('',(0.308129026591512,4.79899997007267,-12.9012560699263));
#16990=CARTESIAN_POINT('',(0.308129026591512,4.79899997007267,0.));
#16991=CARTESIAN_POINT('',(0.308129026591512,4.79899997007267,-12.9012560699263));
#16992=CARTESIAN_POINT('Ctrl Pts',(0.240356917804179,4.79899997007267,-12.9925513735413));
#16993=CARTESIAN_POINT('Ctrl Pts',(0.240356917804179,4.80019997007267,-12.9925513735413));
#16994=CARTESIAN_POINT('Ctrl Pts',(0.256397332474336,4.79899997007267,-12.9874505587105));
#16995=CARTESIAN_POINT('Ctrl Pts',(0.256397332474336,4.80019997007267,-12.9874505587105));
#16996=CARTESIAN_POINT('Ctrl Pts',(0.279655107043315,4.79899997007267,-12.9726943182607));
#16997=CARTESIAN_POINT('Ctrl Pts',(0.279655107043315,4.80019997007267,-12.9726943182607));
#16998=CARTESIAN_POINT('Ctrl Pts',(0.301975653993616,4.79899997007267,-12.9383335168553));
#16999=CARTESIAN_POINT('Ctrl Pts',(0.301975653993616,4.80019997007267,-12.9383335168553));
#17000=CARTESIAN_POINT('Ctrl Pts',(0.306908334013842,4.79899997007267,-12.9149502529606));
#17001=CARTESIAN_POINT('Ctrl Pts',(0.306908334013842,4.80019997007267,-12.9149502529606));
#17002=CARTESIAN_POINT('Ctrl Pts',(0.308129026591512,4.79899997007267,-12.9012560699263));
#17003=CARTESIAN_POINT('Ctrl Pts',(0.308129026591512,4.80019997007267,-12.9012560699263));
#17004=CARTESIAN_POINT('',(0.240356917804179,4.79899997007267,-12.9925513735413));
#17005=CARTESIAN_POINT('Ctrl Pts',(0.240356917804179,4.79899997007267,-12.9925513735413));
#17006=CARTESIAN_POINT('Ctrl Pts',(0.256397332474336,4.79899997007267,-12.9874505587105));
#17007=CARTESIAN_POINT('Ctrl Pts',(0.279655107043315,4.79899997007267,-12.9726943182607));
#17008=CARTESIAN_POINT('Ctrl Pts',(0.301975653993616,4.79899997007267,-12.9383335168553));
#17009=CARTESIAN_POINT('Ctrl Pts',(0.306908334013842,4.79899997007267,-12.9149502529606));
#17010=CARTESIAN_POINT('Ctrl Pts',(0.308129026591512,4.79899997007267,-12.9012560699263));
#17011=CARTESIAN_POINT('',(0.240356917804179,4.79899997007267,-12.9925513735413));
#17012=CARTESIAN_POINT('Origin',(3.32029527547039,4.79899997007267,-12.1509457055099));
#17013=CARTESIAN_POINT('',(-0.471544212110091,4.79899997007267,-13.1870812492846));
#17014=CARTESIAN_POINT('',(3.32029527547039,4.79899997007267,-12.1509457055099));
#17015=CARTESIAN_POINT('',(-0.471544212110091,4.79899997007267,-13.1870812492846));
#17016=CARTESIAN_POINT('Ctrl Pts',(-0.534733095315954,4.79899997007267,
-13.1332344405276));
#17017=CARTESIAN_POINT('Ctrl Pts',(-0.534733095315954,4.80019997007267,
-13.1332344405276));
#17018=CARTESIAN_POINT('Ctrl Pts',(-0.536944068980808,4.79899997007267,
-13.1514695524539));
#17019=CARTESIAN_POINT('Ctrl Pts',(-0.536944068980808,4.80019997007267,
-13.1514695524539));
#17020=CARTESIAN_POINT('Ctrl Pts',(-0.521181064276789,4.79899997007267,
-13.1885736648036));
#17021=CARTESIAN_POINT('Ctrl Pts',(-0.521181064276789,4.80019997007267,
-13.1885736648036));
#17022=CARTESIAN_POINT('Ctrl Pts',(-0.48442257812975,4.79899997007267,-13.1901450991914));
#17023=CARTESIAN_POINT('Ctrl Pts',(-0.48442257812975,4.80019997007267,-13.1901450991914));
#17024=CARTESIAN_POINT('Ctrl Pts',(-0.471544212110091,4.79899997007267,
-13.1870812492846));
#17025=CARTESIAN_POINT('Ctrl Pts',(-0.471544212110091,4.80019997007267,
-13.1870812492846));
#17026=CARTESIAN_POINT('',(-0.534733095315954,4.79899997007267,-13.1332344405276));
#17027=CARTESIAN_POINT('Ctrl Pts',(-0.534733095315954,4.79899997007267,
-13.1332344405276));
#17028=CARTESIAN_POINT('Ctrl Pts',(-0.536944068980808,4.79899997007267,
-13.1514695524539));
#17029=CARTESIAN_POINT('Ctrl Pts',(-0.521181064276789,4.79899997007267,
-13.1885736648036));
#17030=CARTESIAN_POINT('Ctrl Pts',(-0.48442257812975,4.79899997007267,-13.1901450991914));
#17031=CARTESIAN_POINT('Ctrl Pts',(-0.471544212110091,4.79899997007267,
-13.1870812492846));
#17032=CARTESIAN_POINT('',(-0.534733095315954,4.79899997007267,-13.1332344405276));
#17033=CARTESIAN_POINT('Origin',(-0.534733095315954,4.79899997007267,0.));
#17034=CARTESIAN_POINT('',(-0.534733095315954,4.79899997007267,-13.0977840024965));
#17035=CARTESIAN_POINT('',(-0.534733095315954,4.79899997007267,0.));
#17036=CARTESIAN_POINT('',(-0.534733095315954,4.79899997007267,-13.0977840024965));
#17037=CARTESIAN_POINT('Origin',(3.45798944498872,4.79899997007267,-11.941590216694));
#17038=CARTESIAN_POINT('',(-0.623175789277923,4.79899997007267,-13.1233948212114));
#17039=CARTESIAN_POINT('',(3.45798944498872,4.79899997007267,-11.941590216694));
#17040=CARTESIAN_POINT('',(-0.623175789277923,4.79899997007267,-13.1233948212114));
#17041=CARTESIAN_POINT('Origin',(-0.623175789277923,4.79899997007267,0.));
#17042=CARTESIAN_POINT('',(-0.623175789277923,4.79899997007267,-13.5431450998358));
#17043=CARTESIAN_POINT('',(-0.623175789277923,4.79899997007267,0.));
#17044=CARTESIAN_POINT('',(-0.623175789277923,4.79899997007267,-13.5431450998358));
#17045=CARTESIAN_POINT('Origin',(3.57013492352233,4.79899997007267,-12.3288659358975));
#17046=CARTESIAN_POINT('',(-0.534733095315953,4.79899997007267,-13.5175342811209));
#17047=CARTESIAN_POINT('',(3.57013492352233,4.79899997007267,-12.3288659358975));
#17048=CARTESIAN_POINT('',(-0.534733095315953,4.79899997007267,-13.5175342811209));
#17049=CARTESIAN_POINT('Ctrl Pts',(-0.534733095315954,4.79899997007267,
-13.5175342811209));
#17050=CARTESIAN_POINT('Ctrl Pts',(-0.534733095315954,4.80019997007267,
-13.5175342811209));
#17051=CARTESIAN_POINT('Ctrl Pts',(-0.539774931228704,4.79899997007267,
-13.4975333129769));
#17052=CARTESIAN_POINT('Ctrl Pts',(-0.539774931228704,4.80019997007267,
-13.4975333129769));
#17053=CARTESIAN_POINT('Ctrl Pts',(-0.537041490695206,4.79899997007267,
-13.4658452207277));
#17054=CARTESIAN_POINT('Ctrl Pts',(-0.537041490695206,4.80019997007267,
-13.4658452207277));
#17055=CARTESIAN_POINT('Ctrl Pts',(-0.513676980074324,4.79899997007267,
-13.4229784634351));
#17056=CARTESIAN_POINT('Ctrl Pts',(-0.513676980074324,4.80019997007267,
-13.4229784634351));
#17057=CARTESIAN_POINT('Ctrl Pts',(-0.488847719872131,4.79899997007267,
-13.4076282670949));
#17058=CARTESIAN_POINT('Ctrl Pts',(-0.488847719872131,4.80019997007267,
-13.4076282670949));
#17059=CARTESIAN_POINT('Ctrl Pts',(-0.471544212110091,4.79899997007267,
-13.404118624069));
#17060=CARTESIAN_POINT('Ctrl Pts',(-0.471544212110091,4.80019997007267,
-13.404118624069));
#17061=CARTESIAN_POINT('',(-0.471544212110092,4.79899997007267,-13.404118624069));
#17062=CARTESIAN_POINT('Ctrl Pts',(-0.534733095315954,4.79899997007267,
-13.5175342811209));
#17063=CARTESIAN_POINT('Ctrl Pts',(-0.539774931228704,4.79899997007267,
-13.4975333129769));
#17064=CARTESIAN_POINT('Ctrl Pts',(-0.537041490695206,4.79899997007267,
-13.4658452207277));
#17065=CARTESIAN_POINT('Ctrl Pts',(-0.513676980074324,4.79899997007267,
-13.4229784634351));
#17066=CARTESIAN_POINT('Ctrl Pts',(-0.488847719872131,4.79899997007267,
-13.4076282670949));
#17067=CARTESIAN_POINT('Ctrl Pts',(-0.471544212110091,4.79899997007267,
-13.404118624069));
#17068=CARTESIAN_POINT('',(-0.471544212110092,4.79899997007267,-13.404118624069));
#17069=CARTESIAN_POINT('Origin',(3.42296353372499,4.79899997007267,-12.3222764809903));
#17070=CARTESIAN_POINT('',(-0.200689750496006,4.79899997007267,-13.3288788786793));
#17071=CARTESIAN_POINT('',(3.42296353372499,4.79899997007267,-12.3222764809903));
#17072=CARTESIAN_POINT('',(-0.200689750496006,4.79899997007267,-13.3288788786793));
#17073=CARTESIAN_POINT('Origin',(-0.20068975049601,4.79899997007267,-4.90032560854261E-17));
#17074=CARTESIAN_POINT('',(-0.200689750496007,4.79899997007267,-13.7729070532643));
#17075=CARTESIAN_POINT('',(-0.20068975049601,4.79899997007267,-4.90032560854261E-17));
#17076=CARTESIAN_POINT('',(-0.200689750496007,4.79899997007267,-13.7729070532643));
#17077=CARTESIAN_POINT('Ctrl Pts',(-0.200689750496007,4.79899997007267,
-13.7729070532643));
#17078=CARTESIAN_POINT('Ctrl Pts',(-0.200689750496007,4.80019997007267,
-13.7729070532643));
#17079=CARTESIAN_POINT('Ctrl Pts',(-0.293017335079226,4.79899997007267,
-13.7991741501731));
#17080=CARTESIAN_POINT('Ctrl Pts',(-0.293017335079226,4.80019997007267,
-13.7991741501731));
#17081=CARTESIAN_POINT('Ctrl Pts',(-0.384063487677404,4.79899997007267,
-13.8304552201705));
#17082=CARTESIAN_POINT('Ctrl Pts',(-0.384063487677404,4.80019997007267,
-13.8304552201705));
#17083=CARTESIAN_POINT('Ctrl Pts',(-0.477672504245654,4.79899997007267,
-13.8517083439905));
#17084=CARTESIAN_POINT('Ctrl Pts',(-0.477672504245654,4.80019997007267,
-13.8517083439905));
#17085=CARTESIAN_POINT('Ctrl Pts',(-0.487652757229532,4.79899997007267,
-13.8539742747758));
#17086=CARTESIAN_POINT('Ctrl Pts',(-0.487652757229532,4.80019997007267,
-13.8539742747758));
#17087=CARTESIAN_POINT('Ctrl Pts',(-0.498459663756432,4.79899997007267,
-13.8481644363675));
#17088=CARTESIAN_POINT('Ctrl Pts',(-0.498459663756432,4.80019997007267,
-13.8481644363675));
#17089=CARTESIAN_POINT('Ctrl Pts',(-0.506942641868262,4.79899997007267,
-13.8424391438597));
#17090=CARTESIAN_POINT('Ctrl Pts',(-0.506942641868262,4.80019997007267,
-13.8424391438597));
#17091=CARTESIAN_POINT('Ctrl Pts',(-0.515082499250447,4.79899997007267,
-13.836945428814));
#17092=CARTESIAN_POINT('Ctrl Pts',(-0.515082499250447,4.80019997007267,
-13.836945428814));
#17093=CARTESIAN_POINT('Ctrl Pts',(-0.521667901998745,4.79899997007267,
-13.8285654566157));
#17094=CARTESIAN_POINT('Ctrl Pts',(-0.521667901998745,4.80019997007267,
-13.8285654566157));
#17095=CARTESIAN_POINT('Ctrl Pts',(-0.525413203042737,4.79899997007267,
-13.8194874114905));
#17096=CARTESIAN_POINT('Ctrl Pts',(-0.525413203042737,4.80019997007267,
-13.8194874114905));
#17097=CARTESIAN_POINT('Ctrl Pts',(-0.532716068163331,4.79899997007267,
-13.8017863673477));
#17098=CARTESIAN_POINT('Ctrl Pts',(-0.532716068163331,4.80019997007267,
-13.8017863673477));
#17099=CARTESIAN_POINT('Ctrl Pts',(-0.531991570801376,4.79899997007267,
-13.7817545379537));
#17100=CARTESIAN_POINT('Ctrl Pts',(-0.531991570801376,4.80019997007267,
-13.7817545379537));
#17101=CARTESIAN_POINT('Ctrl Pts',(-0.534733095315954,4.79899997007267,
-13.762803473444));
#17102=CARTESIAN_POINT('Ctrl Pts',(-0.534733095315954,4.80019997007267,
-13.762803473444));
#17103=CARTESIAN_POINT('',(-0.534733095315953,4.79899997007267,-13.762803473444));
#17104=CARTESIAN_POINT('Ctrl Pts',(-0.200689750496007,4.79899997007267,
-13.7729070532643));
#17105=CARTESIAN_POINT('Ctrl Pts',(-0.293017335079226,4.79899997007267,
-13.7991741501731));
#17106=CARTESIAN_POINT('Ctrl Pts',(-0.384063487677404,4.79899997007267,
-13.8304552201705));
#17107=CARTESIAN_POINT('Ctrl Pts',(-0.477672504245654,4.79899997007267,
-13.8517083439905));
#17108=CARTESIAN_POINT('Ctrl Pts',(-0.487652757229532,4.79899997007267,
-13.8539742747758));
#17109=CARTESIAN_POINT('Ctrl Pts',(-0.498459663756432,4.79899997007267,
-13.8481644363675));
#17110=CARTESIAN_POINT('Ctrl Pts',(-0.506942641868262,4.79899997007267,
-13.8424391438597));
#17111=CARTESIAN_POINT('Ctrl Pts',(-0.515082499250447,4.79899997007267,
-13.836945428814));
#17112=CARTESIAN_POINT('Ctrl Pts',(-0.521667901998745,4.79899997007267,
-13.8285654566157));
#17113=CARTESIAN_POINT('Ctrl Pts',(-0.525413203042737,4.79899997007267,
-13.8194874114905));
#17114=CARTESIAN_POINT('Ctrl Pts',(-0.532716068163331,4.79899997007267,
-13.8017863673477));
#17115=CARTESIAN_POINT('Ctrl Pts',(-0.531991570801376,4.79899997007267,
-13.7817545379537));
#17116=CARTESIAN_POINT('Ctrl Pts',(-0.534733095315954,4.79899997007267,
-13.762803473444));
#17117=CARTESIAN_POINT('',(-0.534733095315953,4.79899997007267,-13.762803473444));
#17118=CARTESIAN_POINT('Origin',(3.63566395910248,4.79899997007267,-12.5551595387668));
#17119=CARTESIAN_POINT('',(-0.623175789277923,4.79899997007267,-13.7884142921588));
#17120=CARTESIAN_POINT('',(3.63566395910248,4.79899997007267,-12.5551595387668));
#17121=CARTESIAN_POINT('',(-0.623175789277923,4.79899997007267,-13.7884142921588));
#17122=CARTESIAN_POINT('Origin',(-0.623175789277923,4.79899997007267,0.));
#17123=CARTESIAN_POINT('',(-0.623175789277923,4.79899997007267,-14.1989469870278));
#17124=CARTESIAN_POINT('',(-0.623175789277923,4.79899997007267,0.));
#17125=CARTESIAN_POINT('',(-0.623175789277923,4.79899997007267,-14.1989469870278));
#17126=CARTESIAN_POINT('Origin',(3.74534675829139,4.79899997007267,-12.9339308052991));
#17127=CARTESIAN_POINT('',(-0.534733095315953,4.79899997007267,-14.1733361683129));
#17128=CARTESIAN_POINT('',(3.74534675829139,4.79899997007267,-12.9339308052991));
#17129=CARTESIAN_POINT('',(-0.534733095315953,4.79899997007267,-14.1733361683129));
#17130=CARTESIAN_POINT('Ctrl Pts',(-0.471544212110091,4.79899997007267,
-14.0623633851775));
#17131=CARTESIAN_POINT('Ctrl Pts',(-0.471544212110091,4.80019997007267,
-14.0623633851775));
#17132=CARTESIAN_POINT('Ctrl Pts',(-0.488126082150601,4.79899997007267,
-14.0702372976881));
#17133=CARTESIAN_POINT('Ctrl Pts',(-0.488126082150601,4.80019997007267,
-14.0702372976881));
#17134=CARTESIAN_POINT('Ctrl Pts',(-0.538245240682549,4.79899997007267,
-14.0900881685158));
#17135=CARTESIAN_POINT('Ctrl Pts',(-0.538245240682549,4.80019997007267,
-14.0900881685158));
#17136=CARTESIAN_POINT('Ctrl Pts',(-0.534670973607166,4.79899997007267,
-14.1507204037758));
#17137=CARTESIAN_POINT('Ctrl Pts',(-0.534670973607166,4.80019997007267,
-14.1507204037758));
#17138=CARTESIAN_POINT('Ctrl Pts',(-0.534733095315954,4.79899997007267,
-14.1733361683129));
#17139=CARTESIAN_POINT('Ctrl Pts',(-0.534733095315954,4.80019997007267,
-14.1733361683129));
#17140=CARTESIAN_POINT('',(-0.471544212110091,4.79899997007267,-14.0623633851775));
#17141=CARTESIAN_POINT('Ctrl Pts',(-0.471544212110091,4.79899997007267,
-14.0623633851775));
#17142=CARTESIAN_POINT('Ctrl Pts',(-0.488126082150601,4.79899997007267,
-14.0702372976881));
#17143=CARTESIAN_POINT('Ctrl Pts',(-0.538245240682549,4.79899997007267,
-14.0900881685158));
#17144=CARTESIAN_POINT('Ctrl Pts',(-0.534670973607166,4.79899997007267,
-14.1507204037758));
#17145=CARTESIAN_POINT('Ctrl Pts',(-0.534733095315954,4.79899997007267,
-14.1733361683129));
#17146=CARTESIAN_POINT('',(-0.471544212110091,4.79899997007267,-14.0623633851775));
#17147=CARTESIAN_POINT('Origin',(3.55483487870344,4.79899997007267,-12.9577661362028));
#17148=CARTESIAN_POINT('',(0.216613237425245,4.79899997007267,-13.8735742005345));
#17149=CARTESIAN_POINT('',(3.55483487870344,4.79899997007267,-12.9577661362028));
#17150=CARTESIAN_POINT('',(0.216613237425245,4.79899997007267,-13.8735742005345));
#17151=CARTESIAN_POINT('Ctrl Pts',(0.216613237425245,4.79899997007267,-13.8735742005345));
#17152=CARTESIAN_POINT('Ctrl Pts',(0.216613237425245,4.80019997007267,-13.8735742005345));
#17153=CARTESIAN_POINT('Ctrl Pts',(0.24481998155306,4.79899997007267,-13.8586914947062));
#17154=CARTESIAN_POINT('Ctrl Pts',(0.24481998155306,4.80019997007267,-13.8586914947062));
#17155=CARTESIAN_POINT('Ctrl Pts',(0.295288513335917,4.79899997007267,-13.8787896944907));
#17156=CARTESIAN_POINT('Ctrl Pts',(0.295288513335917,4.80019997007267,-13.8787896944907));
#17157=CARTESIAN_POINT('Ctrl Pts',(0.311642050051006,4.79899997007267,-13.9268719646523));
#17158=CARTESIAN_POINT('Ctrl Pts',(0.311642050051006,4.80019997007267,-13.9268719646523));
#17159=CARTESIAN_POINT('Ctrl Pts',(0.309444203566541,4.79899997007267,-13.9455675803599));
#17160=CARTESIAN_POINT('Ctrl Pts',(0.309444203566541,4.80019997007267,-13.9455675803599));
#17161=CARTESIAN_POINT('',(0.309444203566542,4.79899997007267,-13.9455675803599));
#17162=CARTESIAN_POINT('Ctrl Pts',(0.216613237425245,4.79899997007267,-13.8735742005345));
#17163=CARTESIAN_POINT('Ctrl Pts',(0.24481998155306,4.79899997007267,-13.8586914947062));
#17164=CARTESIAN_POINT('Ctrl Pts',(0.295288513335917,4.79899997007267,-13.8787896944907));
#17165=CARTESIAN_POINT('Ctrl Pts',(0.311642050051006,4.79899997007267,-13.9268719646523));
#17166=CARTESIAN_POINT('Ctrl Pts',(0.309444203566541,4.79899997007267,-13.9455675803599));
#17167=CARTESIAN_POINT('',(0.309444203566542,4.79899997007267,-13.9455675803599));
#17168=CARTESIAN_POINT('Origin',(3.63385874247199,4.79899997007267,-13.0175551629279));
#17169=CARTESIAN_POINT('',(0.394085798199662,4.79899997007267,-13.9219398257789));
#17170=CARTESIAN_POINT('',(3.63385874247199,4.79899997007267,-13.0175551629279));
#17171=CARTESIAN_POINT('',(0.394085798199662,4.79899997007267,-13.9219398257789));
#17172=CARTESIAN_POINT('Origin',(0.394085798199678,4.79899997007267,-4.22577688342598E-16));
#17173=CARTESIAN_POINT('',(0.394085798199663,4.79899997007267,-13.5174994680974));
#17174=CARTESIAN_POINT('',(0.394085798199678,4.79899997007267,-4.22577688342598E-16));
#17175=CARTESIAN_POINT('',(0.394085798199663,4.79899997007267,-13.5174994680974));
#17176=CARTESIAN_POINT('Origin',(3.52912068245894,4.79899997007267,-12.6423525008263));
#17177=CARTESIAN_POINT('',(3.52912068245894,4.79899997007267,-12.6423525008263));
#17178=CARTESIAN_POINT('Origin',(0.,4.79899997007267,0.));
#17179=CARTESIAN_POINT('Ctrl Pts',(0.312046032791197,4.79899997007267,-16.1407983210457));
#17180=CARTESIAN_POINT('Ctrl Pts',(0.312046032791197,4.80019997007267,-16.1407983210457));
#17181=CARTESIAN_POINT('Ctrl Pts',(0.311282374821109,4.79899997007267,-16.1601045002952));
#17182=CARTESIAN_POINT('Ctrl Pts',(0.311282374821109,4.80019997007267,-16.1601045002952));
#17183=CARTESIAN_POINT('Ctrl Pts',(0.318381062540689,4.79899997007267,-16.1819273063761));
#17184=CARTESIAN_POINT('Ctrl Pts',(0.318381062540689,4.80019997007267,-16.1819273063761));
#17185=CARTESIAN_POINT('Ctrl Pts',(0.308733221626289,4.79899997007267,-16.1986674048345));
#17186=CARTESIAN_POINT('Ctrl Pts',(0.308733221626289,4.80019997007267,-16.1986674048345));
#17187=CARTESIAN_POINT('Ctrl Pts',(0.303586698994116,4.79899997007267,-16.207597205434));
#17188=CARTESIAN_POINT('Ctrl Pts',(0.303586698994116,4.80019997007267,-16.207597205434));
#17189=CARTESIAN_POINT('Ctrl Pts',(0.299998430293341,4.79899997007267,-16.2176664264532));
#17190=CARTESIAN_POINT('Ctrl Pts',(0.299998430293341,4.80019997007267,-16.2176664264532));
#17191=CARTESIAN_POINT('Ctrl Pts',(0.293165346444501,4.79899997007267,-16.2253824486839));
#17192=CARTESIAN_POINT('Ctrl Pts',(0.293165346444501,4.80019997007267,-16.2253824486839));
#17193=CARTESIAN_POINT('Ctrl Pts',(0.285291806547175,4.79899997007267,-16.2342733697125));
#17194=CARTESIAN_POINT('Ctrl Pts',(0.285291806547175,4.80019997007267,-16.2342733697125));
#17195=CARTESIAN_POINT('Ctrl Pts',(0.276384285690854,4.79899997007267,-16.2432493178068));
#17196=CARTESIAN_POINT('Ctrl Pts',(0.276384285690854,4.80019997007267,-16.2432493178068));
#17197=CARTESIAN_POINT('Ctrl Pts',(0.26535427075449,4.79899997007267,-16.2476515760632));
#17198=CARTESIAN_POINT('Ctrl Pts',(0.26535427075449,4.80019997007267,-16.2476515760632));
#17199=CARTESIAN_POINT('Ctrl Pts',(0.222749276398355,4.79899997007267,-16.2646559218641));
#17200=CARTESIAN_POINT('Ctrl Pts',(0.222749276398355,4.80019997007267,-16.2646559218641));
#17201=CARTESIAN_POINT('Ctrl Pts',(0.178250344843972,4.79899997007267,-16.2765830432089));
#17202=CARTESIAN_POINT('Ctrl Pts',(0.178250344843972,4.80019997007267,-16.2765830432089));
#17203=CARTESIAN_POINT('Ctrl Pts',(0.134057619939436,4.79899997007267,-16.2888849286626));
#17204=CARTESIAN_POINT('Ctrl Pts',(0.134057619939436,4.80019997007267,-16.2888849286626));
#17205=CARTESIAN_POINT('Ctrl Pts',(-0.00463487683418165,4.79899997007267,
-16.3274926228541));
#17206=CARTESIAN_POINT('Ctrl Pts',(-0.00463487683418165,4.80019997007267,
-16.3274926228541));
#17207=CARTESIAN_POINT('Ctrl Pts',(-0.144011020084346,4.79899997007267,
-16.3636044953424));
#17208=CARTESIAN_POINT('Ctrl Pts',(-0.144011020084346,4.80019997007267,
-16.3636044953424));
#17209=CARTESIAN_POINT('Ctrl Pts',(-0.283207377982864,4.79899997007267,
-16.4003541437743));
#17210=CARTESIAN_POINT('Ctrl Pts',(-0.283207377982864,4.80019997007267,
-16.4003541437743));
#17211=CARTESIAN_POINT('Ctrl Pts',(-0.349492979534399,4.79899997007267,
-16.4178544044844));
#17212=CARTESIAN_POINT('Ctrl Pts',(-0.349492979534399,4.80019997007267,
-16.4178544044844));
#17213=CARTESIAN_POINT('Ctrl Pts',(-0.415309904334695,4.79899997007267,
-16.4374459994266));
#17214=CARTESIAN_POINT('Ctrl Pts',(-0.415309904334695,4.80019997007267,
-16.4374459994266));
#17215=CARTESIAN_POINT('Ctrl Pts',(-0.482382727133401,4.79899997007267,
-16.4516331957593));
#17216=CARTESIAN_POINT('Ctrl Pts',(-0.482382727133401,4.80019997007267,
-16.4516331957593));
#17217=CARTESIAN_POINT('Ctrl Pts',(-0.489784800574401,4.79899997007267,
-16.4531988771306));
#17218=CARTESIAN_POINT('Ctrl Pts',(-0.489784800574401,4.80019997007267,
-16.4531988771306));
#17219=CARTESIAN_POINT('Ctrl Pts',(-0.498104561743065,4.79899997007267,
-16.451001036215));
#17220=CARTESIAN_POINT('Ctrl Pts',(-0.498104561743065,4.80019997007267,
-16.451001036215));
#17221=CARTESIAN_POINT('Ctrl Pts',(-0.504641473942625,4.79899997007267,
-16.447191728105));
#17222=CARTESIAN_POINT('Ctrl Pts',(-0.504641473942625,4.80019997007267,
-16.447191728105));
#17223=CARTESIAN_POINT('Ctrl Pts',(-0.5121235865065,4.79899997007267,-16.4428316156849));
#17224=CARTESIAN_POINT('Ctrl Pts',(-0.5121235865065,4.80019997007267,-16.4428316156849));
#17225=CARTESIAN_POINT('Ctrl Pts',(-0.518948823626604,4.79899997007267,
-16.4361995432475));
#17226=CARTESIAN_POINT('Ctrl Pts',(-0.518948823626604,4.80019997007267,
-16.4361995432475));
#17227=CARTESIAN_POINT('Ctrl Pts',(-0.522455292907481,4.79899997007267,
-16.4282813829866));
#17228=CARTESIAN_POINT('Ctrl Pts',(-0.522455292907481,4.80019997007267,
-16.4282813829866));
#17229=CARTESIAN_POINT('Ctrl Pts',(-0.52781642491957,4.79899997007267,-16.4161751019812));
#17230=CARTESIAN_POINT('Ctrl Pts',(-0.52781642491957,4.80019997007267,-16.4161751019812));
#17231=CARTESIAN_POINT('Ctrl Pts',(-0.528309893952362,4.79899997007267,
-16.4024309632065));
#17232=CARTESIAN_POINT('Ctrl Pts',(-0.528309893952362,4.80019997007267,
-16.4024309632065));
#17233=CARTESIAN_POINT('Ctrl Pts',(-0.530262463202831,4.79899997007267,
-16.3893354964505));
#17234=CARTESIAN_POINT('Ctrl Pts',(-0.530262463202831,4.80019997007267,
-16.3893354964505));
#17235=CARTESIAN_POINT('Ctrl Pts',(-0.532407124257439,4.79899997007267,
-16.3749517108118));
#17236=CARTESIAN_POINT('Ctrl Pts',(-0.532407124257439,4.80019997007267,
-16.3749517108118));
#17237=CARTESIAN_POINT('Ctrl Pts',(-0.53324288461158,4.79899997007267,-16.360403014193));
#17238=CARTESIAN_POINT('Ctrl Pts',(-0.53324288461158,4.80019997007267,-16.360403014193));
#17239=CARTESIAN_POINT('Ctrl Pts',(-0.534733095315953,4.79899997007267,
-16.3459367730643));
#17240=CARTESIAN_POINT('Ctrl Pts',(-0.534733095315953,4.80019997007267,
-16.3459367730643));
#17241=CARTESIAN_POINT('',(0.312046032791198,4.79899997007267,-16.1407983210457));
#17242=CARTESIAN_POINT('',(0.312046032791198,4.79899997007267,-16.1407983210457));
#17243=CARTESIAN_POINT('',(-0.534733095315953,4.79899997007267,-16.3459367730643));
#17244=CARTESIAN_POINT('Ctrl Pts',(0.312046032791197,4.79899997007267,-16.1407983210457));
#17245=CARTESIAN_POINT('Ctrl Pts',(0.311282374821109,4.79899997007267,-16.1601045002952));
#17246=CARTESIAN_POINT('Ctrl Pts',(0.318381062540689,4.79899997007267,-16.1819273063761));
#17247=CARTESIAN_POINT('Ctrl Pts',(0.308733221626289,4.79899997007267,-16.1986674048345));
#17248=CARTESIAN_POINT('Ctrl Pts',(0.303586698994116,4.79899997007267,-16.207597205434));
#17249=CARTESIAN_POINT('Ctrl Pts',(0.299998430293341,4.79899997007267,-16.2176664264532));
#17250=CARTESIAN_POINT('Ctrl Pts',(0.293165346444501,4.79899997007267,-16.2253824486839));
#17251=CARTESIAN_POINT('Ctrl Pts',(0.285291806547175,4.79899997007267,-16.2342733697125));
#17252=CARTESIAN_POINT('Ctrl Pts',(0.276384285690854,4.79899997007267,-16.2432493178068));
#17253=CARTESIAN_POINT('Ctrl Pts',(0.26535427075449,4.79899997007267,-16.2476515760632));
#17254=CARTESIAN_POINT('Ctrl Pts',(0.222749276398355,4.79899997007267,-16.2646559218641));
#17255=CARTESIAN_POINT('Ctrl Pts',(0.178250344843972,4.79899997007267,-16.2765830432089));
#17256=CARTESIAN_POINT('Ctrl Pts',(0.134057619939436,4.79899997007267,-16.2888849286626));
#17257=CARTESIAN_POINT('Ctrl Pts',(-0.00463487683418165,4.79899997007267,
-16.3274926228541));
#17258=CARTESIAN_POINT('Ctrl Pts',(-0.144011020084346,4.79899997007267,
-16.3636044953424));
#17259=CARTESIAN_POINT('Ctrl Pts',(-0.283207377982864,4.79899997007267,
-16.4003541437743));
#17260=CARTESIAN_POINT('Ctrl Pts',(-0.349492979534399,4.79899997007267,
-16.4178544044844));
#17261=CARTESIAN_POINT('Ctrl Pts',(-0.415309904334695,4.79899997007267,
-16.4374459994266));
#17262=CARTESIAN_POINT('Ctrl Pts',(-0.482382727133401,4.79899997007267,
-16.4516331957593));
#17263=CARTESIAN_POINT('Ctrl Pts',(-0.489784800574401,4.79899997007267,
-16.4531988771306));
#17264=CARTESIAN_POINT('Ctrl Pts',(-0.498104561743065,4.79899997007267,
-16.451001036215));
#17265=CARTESIAN_POINT('Ctrl Pts',(-0.504641473942625,4.79899997007267,
-16.447191728105));
#17266=CARTESIAN_POINT('Ctrl Pts',(-0.5121235865065,4.79899997007267,-16.4428316156849));
#17267=CARTESIAN_POINT('Ctrl Pts',(-0.518948823626604,4.79899997007267,
-16.4361995432475));
#17268=CARTESIAN_POINT('Ctrl Pts',(-0.522455292907481,4.79899997007267,
-16.4282813829866));
#17269=CARTESIAN_POINT('Ctrl Pts',(-0.52781642491957,4.79899997007267,-16.4161751019812));
#17270=CARTESIAN_POINT('Ctrl Pts',(-0.528309893952362,4.79899997007267,
-16.4024309632065));
#17271=CARTESIAN_POINT('Ctrl Pts',(-0.530262463202831,4.79899997007267,
-16.3893354964505));
#17272=CARTESIAN_POINT('Ctrl Pts',(-0.532407124257439,4.79899997007267,
-16.3749517108118));
#17273=CARTESIAN_POINT('Ctrl Pts',(-0.53324288461158,4.79899997007267,-16.360403014193));
#17274=CARTESIAN_POINT('Ctrl Pts',(-0.534733095315953,4.79899997007267,
-16.3459367730643));
#17275=CARTESIAN_POINT('',(-0.534733095315953,4.79899997007267,-16.3459367730643));
#17276=CARTESIAN_POINT('Origin',(4.32580458498077,4.79899997007267,-14.9384451668008));
#17277=CARTESIAN_POINT('',(-0.623175789277923,4.79899997007267,-16.3715475917791));
#17278=CARTESIAN_POINT('',(4.32580458498077,4.79899997007267,-14.9384451668008));
#17279=CARTESIAN_POINT('',(-0.623175789277923,4.79899997007267,-16.3715475917791));
#17280=CARTESIAN_POINT('Origin',(-0.623175789277931,4.79899997007267,-3.05087881978816E-16));
#17281=CARTESIAN_POINT('',(-0.623175789277923,4.79899997007267,-16.8144681956348));
#17282=CARTESIAN_POINT('',(-0.623175789277931,4.79899997007267,-3.05087881978816E-16));
#17283=CARTESIAN_POINT('',(-0.623175789277923,4.79899997007267,-16.8144681956348));
#17284=CARTESIAN_POINT('Origin',(4.4441405232788,4.79899997007267,-15.3470986070566));
#17285=CARTESIAN_POINT('',(-0.534733095315953,4.79899997007267,-16.7888573769199));
#17286=CARTESIAN_POINT('',(4.4441405232788,4.79899997007267,-15.3470986070566));
#17287=CARTESIAN_POINT('',(-0.534733095315953,4.79899997007267,-16.7888573769199));
#17288=CARTESIAN_POINT('Ctrl Pts',(-0.534733095315953,4.79899997007267,
-16.7888573769199));
#17289=CARTESIAN_POINT('Ctrl Pts',(-0.534733095315953,4.80019997007267,
-16.7888573769199));
#17290=CARTESIAN_POINT('Ctrl Pts',(-0.533253415895933,4.79899997007267,
-16.7702763845774));
#17291=CARTESIAN_POINT('Ctrl Pts',(-0.533253415895933,4.80019997007267,
-16.7702763845774));
#17292=CARTESIAN_POINT('Ctrl Pts',(-0.538904721352288,4.79899997007267,
-16.7492140201532));
#17293=CARTESIAN_POINT('Ctrl Pts',(-0.538904721352288,4.80019997007267,
-16.7492140201532));
#17294=CARTESIAN_POINT('Ctrl Pts',(-0.529373417631158,4.79899997007267,
-16.7331953754853));
#17295=CARTESIAN_POINT('Ctrl Pts',(-0.529373417631158,4.80019997007267,
-16.7331953754853));
#17296=CARTESIAN_POINT('Ctrl Pts',(-0.52316012971726,4.79899997007267,-16.7227531050232));
#17297=CARTESIAN_POINT('Ctrl Pts',(-0.52316012971726,4.80019997007267,-16.7227531050232));
#17298=CARTESIAN_POINT('Ctrl Pts',(-0.518853742153311,4.79899997007267,
-16.7108560267553));
#17299=CARTESIAN_POINT('Ctrl Pts',(-0.518853742153311,4.80019997007267,
-16.7108560267553));
#17300=CARTESIAN_POINT('Ctrl Pts',(-0.5105697968864,4.79899997007267,-16.7019665830203));
#17301=CARTESIAN_POINT('Ctrl Pts',(-0.5105697968864,4.80019997007267,-16.7019665830203));
#17302=CARTESIAN_POINT('Ctrl Pts',(-0.501514944549456,4.79899997007267,
-16.6922498842994));
#17303=CARTESIAN_POINT('Ctrl Pts',(-0.501514944549456,4.80019997007267,
-16.6922498842994));
#17304=CARTESIAN_POINT('Ctrl Pts',(-0.491096811022365,4.79899997007267,
-16.6823227823713));
#17305=CARTESIAN_POINT('Ctrl Pts',(-0.491096811022365,4.80019997007267,
-16.6823227823713));
#17306=CARTESIAN_POINT('Ctrl Pts',(-0.478383576386234,4.79899997007267,
-16.6784785334249));
#17307=CARTESIAN_POINT('Ctrl Pts',(-0.478383576386234,4.80019997007267,
-16.6784785334249));
#17308=CARTESIAN_POINT('Ctrl Pts',(-0.239492180599534,4.79899997007267,
-16.6062421574865));
#17309=CARTESIAN_POINT('Ctrl Pts',(-0.239492180599534,4.80019997007267,
-16.6062421574865));
#17310=CARTESIAN_POINT('Ctrl Pts',(0.000724051270541105,4.79899997007267,
-16.5382619560509));
#17311=CARTESIAN_POINT('Ctrl Pts',(0.000724051270541105,4.80019997007267,
-16.5382619560509));
#17312=CARTESIAN_POINT('Ctrl Pts',(0.241990749922674,4.79899997007267,-16.4744060783956));
#17313=CARTESIAN_POINT('Ctrl Pts',(0.241990749922674,4.80019997007267,-16.4744060783956));
#17314=CARTESIAN_POINT('Ctrl Pts',(0.251837538120931,4.79899997007267,-16.4717999362882));
#17315=CARTESIAN_POINT('Ctrl Pts',(0.251837538120931,4.80019997007267,-16.4717999362882));
#17316=CARTESIAN_POINT('Ctrl Pts',(0.262776223102319,4.79899997007267,-16.4756637966676));
#17317=CARTESIAN_POINT('Ctrl Pts',(0.262776223102319,4.80019997007267,-16.4756637966676));
#17318=CARTESIAN_POINT('Ctrl Pts',(0.272057636670742,4.79899997007267,-16.4798598158141));
#17319=CARTESIAN_POINT('Ctrl Pts',(0.272057636670742,4.80019997007267,-16.4798598158141));
#17320=CARTESIAN_POINT('Ctrl Pts',(0.280453609680766,4.79899997007267,-16.4836555375803));
#17321=CARTESIAN_POINT('Ctrl Pts',(0.280453609680766,4.80019997007267,-16.4836555375803));
#17322=CARTESIAN_POINT('Ctrl Pts',(0.287741638697033,4.79899997007267,-16.4902136880584));
#17323=CARTESIAN_POINT('Ctrl Pts',(0.287741638697033,4.80019997007267,-16.4902136880584));
#17324=CARTESIAN_POINT('Ctrl Pts',(0.293266859922183,4.79899997007267,-16.4975874114682));
#17325=CARTESIAN_POINT('Ctrl Pts',(0.293266859922183,4.80019997007267,-16.4975874114682));
#17326=CARTESIAN_POINT('Ctrl Pts',(0.307976857964243,4.79899997007267,-16.5172187443148));
#17327=CARTESIAN_POINT('Ctrl Pts',(0.307976857964243,4.80019997007267,-16.5172187443148));
#17328=CARTESIAN_POINT('Ctrl Pts',(0.307359866134722,4.79899997007267,-16.5454405938569));
#17329=CARTESIAN_POINT('Ctrl Pts',(0.307359866134722,4.80019997007267,-16.5454405938569));
#17330=CARTESIAN_POINT('Ctrl Pts',(0.310216967901245,4.79899997007267,-16.5676344257834));
#17331=CARTESIAN_POINT('Ctrl Pts',(0.310216967901245,4.80019997007267,-16.5676344257834));
#17332=CARTESIAN_POINT('',(0.310216967901245,4.79899997007267,-16.5676344257834));
#17333=CARTESIAN_POINT('Ctrl Pts',(-0.534733095315953,4.79899997007267,
-16.7888573769199));
#17334=CARTESIAN_POINT('Ctrl Pts',(-0.533253415895933,4.79899997007267,
-16.7702763845774));
#17335=CARTESIAN_POINT('Ctrl Pts',(-0.538904721352288,4.79899997007267,
-16.7492140201532));
#17336=CARTESIAN_POINT('Ctrl Pts',(-0.529373417631158,4.79899997007267,
-16.7331953754853));
#17337=CARTESIAN_POINT('Ctrl Pts',(-0.52316012971726,4.79899997007267,-16.7227531050232));
#17338=CARTESIAN_POINT('Ctrl Pts',(-0.518853742153311,4.79899997007267,
-16.7108560267553));
#17339=CARTESIAN_POINT('Ctrl Pts',(-0.5105697968864,4.79899997007267,-16.7019665830203));
#17340=CARTESIAN_POINT('Ctrl Pts',(-0.501514944549456,4.79899997007267,
-16.6922498842994));
#17341=CARTESIAN_POINT('Ctrl Pts',(-0.491096811022365,4.79899997007267,
-16.6823227823713));
#17342=CARTESIAN_POINT('Ctrl Pts',(-0.478383576386234,4.79899997007267,
-16.6784785334249));
#17343=CARTESIAN_POINT('Ctrl Pts',(-0.239492180599534,4.79899997007267,
-16.6062421574865));
#17344=CARTESIAN_POINT('Ctrl Pts',(0.000724051270541105,4.79899997007267,
-16.5382619560509));
#17345=CARTESIAN_POINT('Ctrl Pts',(0.241990749922674,4.79899997007267,-16.4744060783956));
#17346=CARTESIAN_POINT('Ctrl Pts',(0.251837538120931,4.79899997007267,-16.4717999362882));
#17347=CARTESIAN_POINT('Ctrl Pts',(0.262776223102319,4.79899997007267,-16.4756637966676));
#17348=CARTESIAN_POINT('Ctrl Pts',(0.272057636670742,4.79899997007267,-16.4798598158141));
#17349=CARTESIAN_POINT('Ctrl Pts',(0.280453609680766,4.79899997007267,-16.4836555375803));
#17350=CARTESIAN_POINT('Ctrl Pts',(0.287741638697033,4.79899997007267,-16.4902136880584));
#17351=CARTESIAN_POINT('Ctrl Pts',(0.293266859922183,4.79899997007267,-16.4975874114682));
#17352=CARTESIAN_POINT('Ctrl Pts',(0.307976857964243,4.79899997007267,-16.5172187443148));
#17353=CARTESIAN_POINT('Ctrl Pts',(0.307359866134722,4.79899997007267,-16.5454405938569));
#17354=CARTESIAN_POINT('Ctrl Pts',(0.310216967901245,4.79899997007267,-16.5676344257834));
#17355=CARTESIAN_POINT('',(0.310216967901245,4.79899997007267,-16.5676344257834));
#17356=CARTESIAN_POINT('Origin',(4.31295216934195,4.79899997007267,-15.4502683671413));
#17357=CARTESIAN_POINT('',(0.394085798199663,4.79899997007267,-16.5442223888543));
#17358=CARTESIAN_POINT('',(4.31295216934195,4.79899997007267,-15.4502683671413));
#17359=CARTESIAN_POINT('',(0.394085798199663,4.79899997007267,-16.5442223888543));
#17360=CARTESIAN_POINT('Origin',(0.394085798199663,4.79899997007267,0.));
#17361=CARTESIAN_POINT('',(0.394085798199663,4.79899997007267,-16.1178968687354));
#17362=CARTESIAN_POINT('',(0.394085798199663,4.79899997007267,0.));
#17363=CARTESIAN_POINT('',(0.394085798199663,4.79899997007267,-16.1178968687354));
#17364=CARTESIAN_POINT('Origin',(4.2025465012049,4.79899997007267,-15.0547626589885));
#17365=CARTESIAN_POINT('',(4.2025465012049,4.79899997007267,-15.0547626589885));
#17366=CARTESIAN_POINT('Origin',(0.,4.79899997007267,0.));
#17367=CARTESIAN_POINT('Ctrl Pts',(-0.442226215964198,4.79899997007267,
-14.882283411092));
#17368=CARTESIAN_POINT('Ctrl Pts',(-0.442226215964198,4.80019997007267,
-14.882283411092));
#17369=CARTESIAN_POINT('Ctrl Pts',(-0.4429923143963,4.79899997007267,-14.8819654510417));
#17370=CARTESIAN_POINT('Ctrl Pts',(-0.4429923143963,4.80019997007267,-14.8819654510417));
#17371=CARTESIAN_POINT('Ctrl Pts',(-0.443703264293472,4.79899997007267,
-14.8814459732891));
#17372=CARTESIAN_POINT('Ctrl Pts',(-0.443703264293472,4.80019997007267,
-14.8814459732891));
#17373=CARTESIAN_POINT('Ctrl Pts',(-0.44452451126049,4.79899997007267,-14.8813295309411));
#17374=CARTESIAN_POINT('Ctrl Pts',(-0.44452451126049,4.80019997007267,-14.8813295309411));
#17375=CARTESIAN_POINT('Ctrl Pts',(-0.459506361016196,4.79899997007267,
-14.8792052956841));
#17376=CARTESIAN_POINT('Ctrl Pts',(-0.459506361016196,4.80019997007267,
-14.8792052956841));
#17377=CARTESIAN_POINT('Ctrl Pts',(-0.475251035243322,4.79899997007267,
-14.8805145343699));
#17378=CARTESIAN_POINT('Ctrl Pts',(-0.475251035243322,4.80019997007267,
-14.8805145343699));
#17379=CARTESIAN_POINT('Ctrl Pts',(-0.489553133199112,4.79899997007267,
-14.8755730577087));
#17380=CARTESIAN_POINT('Ctrl Pts',(-0.489553133199112,4.80019997007267,
-14.8755730577087));
#17381=CARTESIAN_POINT('Ctrl Pts',(-0.499250499593607,4.79899997007267,
-14.8722225485834));
#17382=CARTESIAN_POINT('Ctrl Pts',(-0.499250499593607,4.80019997007267,
-14.8722225485834));
#17383=CARTESIAN_POINT('Ctrl Pts',(-0.508071963542467,4.79899997007267,
-14.865406958523));
#17384=CARTESIAN_POINT('Ctrl Pts',(-0.508071963542467,4.80019997007267,
-14.865406958523));
#17385=CARTESIAN_POINT('Ctrl Pts',(-0.514271036302074,4.79899997007267,
-14.85723161001));
#17386=CARTESIAN_POINT('Ctrl Pts',(-0.514271036302074,4.80019997007267,
-14.85723161001));
#17387=CARTESIAN_POINT('Ctrl Pts',(-0.529677124358415,4.79899997007267,
-14.8369140328549));
#17388=CARTESIAN_POINT('Ctrl Pts',(-0.529677124358415,4.80019997007267,
-14.8369140328549));
#17389=CARTESIAN_POINT('Ctrl Pts',(-0.530815154603121,4.79899997007267,
-14.8121054656467));
#17390=CARTESIAN_POINT('Ctrl Pts',(-0.530815154603121,4.80019997007267,
-14.8121054656467));
#17391=CARTESIAN_POINT('Ctrl Pts',(-0.534733095315953,4.79899997007267,
-14.7883891766281));
#17392=CARTESIAN_POINT('Ctrl Pts',(-0.534733095315953,4.80019997007267,
-14.7883891766281));
#17393=CARTESIAN_POINT('',(-0.442226215964199,4.79899997007267,-14.882283411092));
#17394=CARTESIAN_POINT('',(-0.442226215964199,4.79899997007267,-14.882283411092));
#17395=CARTESIAN_POINT('',(-0.534733095315953,4.79899997007267,-14.7883891766281));
#17396=CARTESIAN_POINT('Ctrl Pts',(-0.442226215964198,4.79899997007267,
-14.882283411092));
#17397=CARTESIAN_POINT('Ctrl Pts',(-0.4429923143963,4.79899997007267,-14.8819654510417));
#17398=CARTESIAN_POINT('Ctrl Pts',(-0.443703264293472,4.79899997007267,
-14.8814459732891));
#17399=CARTESIAN_POINT('Ctrl Pts',(-0.44452451126049,4.79899997007267,-14.8813295309411));
#17400=CARTESIAN_POINT('Ctrl Pts',(-0.459506361016196,4.79899997007267,
-14.8792052956841));
#17401=CARTESIAN_POINT('Ctrl Pts',(-0.475251035243322,4.79899997007267,
-14.8805145343699));
#17402=CARTESIAN_POINT('Ctrl Pts',(-0.489553133199112,4.79899997007267,
-14.8755730577087));
#17403=CARTESIAN_POINT('Ctrl Pts',(-0.499250499593607,4.79899997007267,
-14.8722225485834));
#17404=CARTESIAN_POINT('Ctrl Pts',(-0.508071963542467,4.79899997007267,
-14.865406958523));
#17405=CARTESIAN_POINT('Ctrl Pts',(-0.514271036302074,4.79899997007267,
-14.85723161001));
#17406=CARTESIAN_POINT('Ctrl Pts',(-0.529677124358415,4.79899997007267,
-14.8369140328549));
#17407=CARTESIAN_POINT('Ctrl Pts',(-0.530815154603121,4.79899997007267,
-14.8121054656467));
#17408=CARTESIAN_POINT('Ctrl Pts',(-0.534733095315953,4.79899997007267,
-14.7883891766281));
#17409=CARTESIAN_POINT('',(-0.534733095315953,4.79899997007267,-14.7883891766281));
#17410=CARTESIAN_POINT('Origin',(3.9096716377583,4.79899997007267,-13.5013993890583));
#17411=CARTESIAN_POINT('',(-0.623175789277923,4.79899997007267,-14.8139999953429));
#17412=CARTESIAN_POINT('',(3.9096716377583,4.79899997007267,-13.5013993890583));
#17413=CARTESIAN_POINT('',(-0.623175789277923,4.79899997007267,-14.8139999953429));
#17414=CARTESIAN_POINT('Origin',(-0.623175789277931,4.79899997007267,-3.36329972544485E-16));
#17415=CARTESIAN_POINT('',(-0.623175789277923,4.79899997007267,-15.2157771783064));
#17416=CARTESIAN_POINT('',(-0.623175789277931,4.79899997007267,-3.36329972544485E-16));
#17417=CARTESIAN_POINT('',(-0.623175789277923,4.79899997007267,-15.2157771783064));
#17418=CARTESIAN_POINT('Origin',(4.0170152102154,4.79899997007267,-13.8720925259434));
#17419=CARTESIAN_POINT('',(-0.534733095315953,4.79899997007267,-15.1901663595915));
#17420=CARTESIAN_POINT('',(4.0170152102154,4.79899997007267,-13.8720925259434));
#17421=CARTESIAN_POINT('',(-0.534733095315953,4.79899997007267,-15.1901663595915));
#17422=CARTESIAN_POINT('Ctrl Pts',(-0.534733095315953,4.79899997007267,
-15.1901663595915));
#17423=CARTESIAN_POINT('Ctrl Pts',(-0.534733095315953,4.80019997007267,
-15.1901663595915));
#17424=CARTESIAN_POINT('Ctrl Pts',(-0.534646828574654,4.79899997007267,
-15.1576428636497));
#17425=CARTESIAN_POINT('Ctrl Pts',(-0.534646828574654,4.80019997007267,
-15.1576428636497));
#17426=CARTESIAN_POINT('Ctrl Pts',(-0.529879675873168,4.79899997007267,
-15.1089133771512));
#17427=CARTESIAN_POINT('Ctrl Pts',(-0.529879675873168,4.80019997007267,
-15.1089133771512));
#17428=CARTESIAN_POINT('Ctrl Pts',(-0.485688766481112,4.79899997007267,
-15.1045312816179));
#17429=CARTESIAN_POINT('Ctrl Pts',(-0.485688766481112,4.80019997007267,
-15.1045312816179));
#17430=CARTESIAN_POINT('',(-0.485688766481112,4.79899997007267,-15.1045312816179));
#17431=CARTESIAN_POINT('Ctrl Pts',(-0.534733095315953,4.79899997007267,
-15.1901663595915));
#17432=CARTESIAN_POINT('Ctrl Pts',(-0.534646828574654,4.79899997007267,
-15.1576428636497));
#17433=CARTESIAN_POINT('Ctrl Pts',(-0.529879675873168,4.79899997007267,
-15.1089133771512));
#17434=CARTESIAN_POINT('Ctrl Pts',(-0.485688766481112,4.79899997007267,
-15.1045312816179));
#17435=CARTESIAN_POINT('',(-0.485688766481112,4.79899997007267,-15.1045312816179));
#17436=CARTESIAN_POINT('Origin',(-0.282238351136587,4.79899997007267,-15.1083319334713));
#17437=CARTESIAN_POINT('',(0.128326280417797,4.79899997007267,-15.1160016805456));
#17438=CARTESIAN_POINT('',(-0.282238351136587,4.79899997007267,-15.1083319334713));
#17439=CARTESIAN_POINT('',(0.128326280417797,4.79899997007267,-15.1160016805456));
#17440=CARTESIAN_POINT('Origin',(6.60043591876367,4.79899997007267,-11.3533442732773));
#17441=CARTESIAN_POINT('',(-0.385240498360589,4.79899997007267,-15.4145713822776));
#17442=CARTESIAN_POINT('',(6.60043591876367,4.79899997007267,-11.3533442732773));
#17443=CARTESIAN_POINT('',(-0.385240498360589,4.79899997007267,-15.4145713822776));
#17444=CARTESIAN_POINT('Ctrl Pts',(-0.534733095315953,4.79899997007267,
-15.339682236668));
#17445=CARTESIAN_POINT('Ctrl Pts',(-0.534733095315953,4.80019997007267,
-15.339682236668));
#17446=CARTESIAN_POINT('Ctrl Pts',(-0.531422464720494,4.79899997007267,
-15.3700445991667));
#17447=CARTESIAN_POINT('Ctrl Pts',(-0.531422464720494,4.80019997007267,
-15.3700445991667));
#17448=CARTESIAN_POINT('Ctrl Pts',(-0.489294834611268,4.79899997007267,
-15.4349280372014));
#17449=CARTESIAN_POINT('Ctrl Pts',(-0.489294834611268,4.80019997007267,
-15.4349280372014));
#17450=CARTESIAN_POINT('Ctrl Pts',(-0.414485496101517,4.79899997007267,
-15.420530626794));
#17451=CARTESIAN_POINT('Ctrl Pts',(-0.414485496101517,4.80019997007267,
-15.420530626794));
#17452=CARTESIAN_POINT('Ctrl Pts',(-0.385240498360589,4.79899997007267,
-15.4145713822776));
#17453=CARTESIAN_POINT('Ctrl Pts',(-0.385240498360589,4.80019997007267,
-15.4145713822776));
#17454=CARTESIAN_POINT('',(-0.534733095315953,4.79899997007267,-15.339682236668));
#17455=CARTESIAN_POINT('Ctrl Pts',(-0.534733095315953,4.79899997007267,
-15.339682236668));
#17456=CARTESIAN_POINT('Ctrl Pts',(-0.531422464720494,4.79899997007267,
-15.3700445991667));
#17457=CARTESIAN_POINT('Ctrl Pts',(-0.489294834611268,4.79899997007267,
-15.4349280372014));
#17458=CARTESIAN_POINT('Ctrl Pts',(-0.414485496101517,4.79899997007267,
-15.420530626794));
#17459=CARTESIAN_POINT('Ctrl Pts',(-0.385240498360589,4.79899997007267,
-15.4145713822776));
#17460=CARTESIAN_POINT('',(-0.534733095315953,4.79899997007267,-15.339682236668));
#17461=CARTESIAN_POINT('Origin',(4.05696165084219,4.79899997007267,-14.0100409009079));
#17462=CARTESIAN_POINT('',(-0.623175789277923,4.79899997007267,-15.3652930553829));
#17463=CARTESIAN_POINT('',(4.05696165084219,4.79899997007267,-14.0100409009079));
#17464=CARTESIAN_POINT('',(-0.623175789277923,4.79899997007267,-15.3652930553829));
#17465=CARTESIAN_POINT('Origin',(-0.623175789277923,4.79899997007267,0.));
#17466=CARTESIAN_POINT('',(-0.623175789277923,4.79899997007267,-15.7439468499691));
#17467=CARTESIAN_POINT('',(-0.623175789277923,4.79899997007267,0.));
#17468=CARTESIAN_POINT('',(-0.623175789277923,4.79899997007267,-15.7439468499691));
#17469=CARTESIAN_POINT('Origin',(4.15812730374319,4.79899997007267,-14.3593996222603));
#17470=CARTESIAN_POINT('',(-0.534733095315953,4.79899997007267,-15.7183360312542));
#17471=CARTESIAN_POINT('',(4.15812730374319,4.79899997007267,-14.3593996222603));
#17472=CARTESIAN_POINT('',(-0.534733095315953,4.79899997007267,-15.7183360312542));
#17473=CARTESIAN_POINT('Ctrl Pts',(-0.534733095315953,4.79899997007267,
-15.7183360312542));
#17474=CARTESIAN_POINT('Ctrl Pts',(-0.534733095315953,4.80019997007267,
-15.7183360312542));
#17475=CARTESIAN_POINT('Ctrl Pts',(-0.533431841846636,4.79899997007267,
-15.7004537016324));
#17476=CARTESIAN_POINT('Ctrl Pts',(-0.533431841846636,4.80019997007267,
-15.7004537016324));
#17477=CARTESIAN_POINT('Ctrl Pts',(-0.536530346080244,4.79899997007267,
-15.6592039376091));
#17478=CARTESIAN_POINT('Ctrl Pts',(-0.536530346080244,4.80019997007267,
-15.6592039376091));
#17479=CARTESIAN_POINT('Ctrl Pts',(-0.500375649679378,4.79899997007267,
-15.6414649919309));
#17480=CARTESIAN_POINT('Ctrl Pts',(-0.500375649679378,4.80019997007267,
-15.6414649919309));
#17481=CARTESIAN_POINT('Ctrl Pts',(-0.485744812896634,4.79899997007267,
-15.6429145336822));
#17482=CARTESIAN_POINT('Ctrl Pts',(-0.485744812896634,4.80019997007267,
-15.6429145336822));
#17483=CARTESIAN_POINT('',(-0.485744812896634,4.79899997007267,-15.6429145336822));
#17484=CARTESIAN_POINT('Ctrl Pts',(-0.534733095315953,4.79899997007267,
-15.7183360312542));
#17485=CARTESIAN_POINT('Ctrl Pts',(-0.533431841846636,4.79899997007267,
-15.7004537016324));
#17486=CARTESIAN_POINT('Ctrl Pts',(-0.536530346080244,4.79899997007267,
-15.6592039376091));
#17487=CARTESIAN_POINT('Ctrl Pts',(-0.500375649679378,4.79899997007267,
-15.6414649919309));
#17488=CARTESIAN_POINT('Ctrl Pts',(-0.485744812896634,4.79899997007267,
-15.6429145336822));
#17489=CARTESIAN_POINT('',(-0.485744812896634,4.79899997007267,-15.6429145336822));
#17490=CARTESIAN_POINT('Origin',(-0.29229238541039,4.79899997007267,-15.6465284133876));
#17491=CARTESIAN_POINT('',(0.14655337001615,4.79899997007267,-15.6547264793925));
#17492=CARTESIAN_POINT('',(-0.29229238541039,4.79899997007267,-15.6465284133876));
#17493=CARTESIAN_POINT('',(0.14655337001615,4.79899997007267,-15.6547264793925));
#17494=CARTESIAN_POINT('Ctrl Pts',(0.14655337001615,4.79899997007267,-15.6547264793925));
#17495=CARTESIAN_POINT('Ctrl Pts',(0.14655337001615,4.80019997007267,-15.6547264793925));
#17496=CARTESIAN_POINT('Ctrl Pts',(-0.0450239862823514,4.79899997007267,
-15.7632422161767));
#17497=CARTESIAN_POINT('Ctrl Pts',(-0.0450239862823514,4.80019997007267,
-15.7632422161767));
#17498=CARTESIAN_POINT('Ctrl Pts',(-0.236084387912389,4.79899997007267,
-15.8726757145305));
#17499=CARTESIAN_POINT('Ctrl Pts',(-0.236084387912389,4.80019997007267,
-15.8726757145305));
#17500=CARTESIAN_POINT('Ctrl Pts',(-0.42817869887935,4.79899997007267,-15.980273689745));
#17501=CARTESIAN_POINT('Ctrl Pts',(-0.42817869887935,4.80019997007267,-15.980273689745));
#17502=CARTESIAN_POINT('Ctrl Pts',(-0.444680896118432,4.79899997007267,
-15.9895170817048));
#17503=CARTESIAN_POINT('Ctrl Pts',(-0.444680896118432,4.80019997007267,
-15.9895170817048));
#17504=CARTESIAN_POINT('Ctrl Pts',(-0.46117946138613,4.79899997007267,-15.9993111207901));
#17505=CARTESIAN_POINT('Ctrl Pts',(-0.46117946138613,4.80019997007267,-15.9993111207901));
#17506=CARTESIAN_POINT('Ctrl Pts',(-0.479152733299179,4.79899997007267,
-16.0052038540591));
#17507=CARTESIAN_POINT('Ctrl Pts',(-0.479152733299179,4.80019997007267,
-16.0052038540591));
#17508=CARTESIAN_POINT('Ctrl Pts',(-0.486211237166785,4.79899997007267,
-16.007518061554));
#17509=CARTESIAN_POINT('Ctrl Pts',(-0.486211237166785,4.80019997007267,
-16.007518061554));
#17510=CARTESIAN_POINT('Ctrl Pts',(-0.494536834614225,4.79899997007267,
-16.0070829172124));
#17511=CARTESIAN_POINT('Ctrl Pts',(-0.494536834614225,4.80019997007267,
-16.0070829172124));
#17512=CARTESIAN_POINT('Ctrl Pts',(-0.501418403593658,4.79899997007267,
-16.0042861259152));
#17513=CARTESIAN_POINT('Ctrl Pts',(-0.501418403593658,4.80019997007267,
-16.0042861259152));
#17514=CARTESIAN_POINT('Ctrl Pts',(-0.50872448486,4.79899997007267,-16.0013168053194));
#17515=CARTESIAN_POINT('Ctrl Pts',(-0.50872448486,4.80019997007267,-16.0013168053194));
#17516=CARTESIAN_POINT('Ctrl Pts',(-0.515195096825878,4.79899997007267,
-15.9955601941791));
#17517=CARTESIAN_POINT('Ctrl Pts',(-0.515195096825878,4.80019997007267,
-15.9955601941791));
#17518=CARTESIAN_POINT('Ctrl Pts',(-0.519359684512311,4.79899997007267,
-15.9888630382399));
#17519=CARTESIAN_POINT('Ctrl Pts',(-0.519359684512311,4.80019997007267,
-15.9888630382399));
#17520=CARTESIAN_POINT('Ctrl Pts',(-0.524934690045138,4.79899997007267,
-15.9798977614284));
#17521=CARTESIAN_POINT('Ctrl Pts',(-0.524934690045138,4.80019997007267,
-15.9798977614284));
#17522=CARTESIAN_POINT('Ctrl Pts',(-0.52808506341329,4.79899997007267,-15.9693477768274));
#17523=CARTESIAN_POINT('Ctrl Pts',(-0.52808506341329,4.80019997007267,-15.9693477768274));
#17524=CARTESIAN_POINT('Ctrl Pts',(-0.52963818851873,4.79899997007267,-15.958905330878));
#17525=CARTESIAN_POINT('Ctrl Pts',(-0.52963818851873,4.80019997007267,-15.958905330878));
#17526=CARTESIAN_POINT('Ctrl Pts',(-0.533246499891045,4.79899997007267,
-15.934644827753));
#17527=CARTESIAN_POINT('Ctrl Pts',(-0.533246499891045,4.80019997007267,
-15.934644827753));
#17528=CARTESIAN_POINT('Ctrl Pts',(-0.533034793050219,4.79899997007267,
-15.9099683227042));
#17529=CARTESIAN_POINT('Ctrl Pts',(-0.533034793050219,4.80019997007267,
-15.9099683227042));
#17530=CARTESIAN_POINT('Ctrl Pts',(-0.534733095315953,4.79899997007267,
-15.8854998186173));
#17531=CARTESIAN_POINT('Ctrl Pts',(-0.534733095315953,4.80019997007267,
-15.8854998186173));
#17532=CARTESIAN_POINT('',(-0.534733095315953,4.79899997007267,-15.8854998186173));
#17533=CARTESIAN_POINT('Ctrl Pts',(0.14655337001615,4.79899997007267,-15.6547264793925));
#17534=CARTESIAN_POINT('Ctrl Pts',(-0.0450239862823514,4.79899997007267,
-15.7632422161767));
#17535=CARTESIAN_POINT('Ctrl Pts',(-0.236084387912389,4.79899997007267,
-15.8726757145305));
#17536=CARTESIAN_POINT('Ctrl Pts',(-0.42817869887935,4.79899997007267,-15.980273689745));
#17537=CARTESIAN_POINT('Ctrl Pts',(-0.444680896118432,4.79899997007267,
-15.9895170817048));
#17538=CARTESIAN_POINT('Ctrl Pts',(-0.46117946138613,4.79899997007267,-15.9993111207901));
#17539=CARTESIAN_POINT('Ctrl Pts',(-0.479152733299179,4.79899997007267,
-16.0052038540591));
#17540=CARTESIAN_POINT('Ctrl Pts',(-0.486211237166785,4.79899997007267,
-16.007518061554));
#17541=CARTESIAN_POINT('Ctrl Pts',(-0.494536834614225,4.79899997007267,
-16.0070829172124));
#17542=CARTESIAN_POINT('Ctrl Pts',(-0.501418403593658,4.79899997007267,
-16.0042861259152));
#17543=CARTESIAN_POINT('Ctrl Pts',(-0.50872448486,4.79899997007267,-16.0013168053194));
#17544=CARTESIAN_POINT('Ctrl Pts',(-0.515195096825878,4.79899997007267,
-15.9955601941791));
#17545=CARTESIAN_POINT('Ctrl Pts',(-0.519359684512311,4.79899997007267,
-15.9888630382399));
#17546=CARTESIAN_POINT('Ctrl Pts',(-0.524934690045138,4.79899997007267,
-15.9798977614284));
#17547=CARTESIAN_POINT('Ctrl Pts',(-0.52808506341329,4.79899997007267,-15.9693477768274));
#17548=CARTESIAN_POINT('Ctrl Pts',(-0.52963818851873,4.79899997007267,-15.958905330878));
#17549=CARTESIAN_POINT('Ctrl Pts',(-0.533246499891045,4.79899997007267,
-15.934644827753));
#17550=CARTESIAN_POINT('Ctrl Pts',(-0.533034793050219,4.79899997007267,
-15.9099683227042));
#17551=CARTESIAN_POINT('Ctrl Pts',(-0.534733095315953,4.79899997007267,
-15.8854998186173));
#17552=CARTESIAN_POINT('',(-0.534733095315953,4.79899997007267,-15.8854998186173));
#17553=CARTESIAN_POINT('Origin',(4.20278877005356,4.79899997007267,-14.5136305525835));
#17554=CARTESIAN_POINT('',(-0.623175789277923,4.79899997007267,-15.9111106373321));
#17555=CARTESIAN_POINT('',(4.20278877005356,4.79899997007267,-14.5136305525835));
#17556=CARTESIAN_POINT('',(-0.623175789277923,4.79899997007267,-15.9111106373321));
#17557=CARTESIAN_POINT('Origin',(-0.623175789277923,4.79899997007267,0.));
#17558=CARTESIAN_POINT('',(-0.623175789277923,4.79899997007267,-16.2687252037062));
#17559=CARTESIAN_POINT('',(-0.623175789277923,4.79899997007267,0.));
#17560=CARTESIAN_POINT('',(-0.623175789277923,4.79899997007267,-16.2687252037062));
#17561=CARTESIAN_POINT('Origin',(4.29833333242505,4.79899997007267,-14.8435777746417));
#17562=CARTESIAN_POINT('',(-0.534733095315953,4.79899997007267,-16.2431143849914));
#17563=CARTESIAN_POINT('',(4.29833333242505,4.79899997007267,-14.8435777746417));
#17564=CARTESIAN_POINT('',(-0.534733095315953,4.79899997007267,-16.2431143849914));
#17565=CARTESIAN_POINT('Ctrl Pts',(-0.534733095315953,4.79899997007267,
-16.2431143849914));
#17566=CARTESIAN_POINT('Ctrl Pts',(-0.534733095315953,4.80019997007267,
-16.2431143849914));
#17567=CARTESIAN_POINT('Ctrl Pts',(-0.532439471113484,4.79899997007267,
-16.2260074967077));
#17568=CARTESIAN_POINT('Ctrl Pts',(-0.532439471113484,4.80019997007267,
-16.2260074967077));
#17569=CARTESIAN_POINT('Ctrl Pts',(-0.536195065893039,4.79899997007267,
-16.2061067607582));
#17570=CARTESIAN_POINT('Ctrl Pts',(-0.536195065893039,4.80019997007267,
-16.2061067607582));
#17571=CARTESIAN_POINT('Ctrl Pts',(-0.526186932004674,4.79899997007267,
-16.1920446273921));
#17572=CARTESIAN_POINT('Ctrl Pts',(-0.526186932004674,4.80019997007267,
-16.1920446273921));
#17573=CARTESIAN_POINT('Ctrl Pts',(-0.519560843040634,4.79899997007267,
-16.1827345054705));
#17574=CARTESIAN_POINT('Ctrl Pts',(-0.519560843040634,4.80019997007267,
-16.1827345054705));
#17575=CARTESIAN_POINT('Ctrl Pts',(-0.514998146777291,4.79899997007267,
-16.1712305233124));
#17576=CARTESIAN_POINT('Ctrl Pts',(-0.514998146777291,4.80019997007267,
-16.1712305233124));
#17577=CARTESIAN_POINT('Ctrl Pts',(-0.505746536578556,4.79899997007267,
-16.1645229802538));
#17578=CARTESIAN_POINT('Ctrl Pts',(-0.505746536578556,4.80019997007267,
-16.1645229802538));
#17579=CARTESIAN_POINT('Ctrl Pts',(-0.471334008161086,4.79899997007267,
-16.1395734297258));
#17580=CARTESIAN_POINT('Ctrl Pts',(-0.471334008161086,4.80019997007267,
-16.1395734297258));
#17581=CARTESIAN_POINT('Ctrl Pts',(-0.433121486215788,4.79899997007267,
-16.1203368874831));
#17582=CARTESIAN_POINT('Ctrl Pts',(-0.433121486215788,4.80019997007267,
-16.1203368874831));
#17583=CARTESIAN_POINT('Ctrl Pts',(-0.396808961034403,4.79899997007267,
-16.0982438410978));
#17584=CARTESIAN_POINT('Ctrl Pts',(-0.396808961034403,4.80019997007267,
-16.0982438410978));
#17585=CARTESIAN_POINT('',(-0.396808961034403,4.79899997007267,-16.0982438410978));
#17586=CARTESIAN_POINT('Ctrl Pts',(-0.534733095315953,4.79899997007267,
-16.2431143849914));
#17587=CARTESIAN_POINT('Ctrl Pts',(-0.532439471113484,4.79899997007267,
-16.2260074967077));
#17588=CARTESIAN_POINT('Ctrl Pts',(-0.536195065893039,4.79899997007267,
-16.2061067607582));
#17589=CARTESIAN_POINT('Ctrl Pts',(-0.526186932004674,4.79899997007267,
-16.1920446273921));
#17590=CARTESIAN_POINT('Ctrl Pts',(-0.519560843040634,4.79899997007267,
-16.1827345054705));
#17591=CARTESIAN_POINT('Ctrl Pts',(-0.514998146777291,4.79899997007267,
-16.1712305233124));
#17592=CARTESIAN_POINT('Ctrl Pts',(-0.505746536578556,4.79899997007267,
-16.1645229802538));
#17593=CARTESIAN_POINT('Ctrl Pts',(-0.471334008161086,4.79899997007267,
-16.1395734297258));
#17594=CARTESIAN_POINT('Ctrl Pts',(-0.433121486215788,4.79899997007267,
-16.1203368874831));
#17595=CARTESIAN_POINT('Ctrl Pts',(-0.396808961034403,4.79899997007267,
-16.0982438410978));
#17596=CARTESIAN_POINT('',(-0.396808961034403,4.79899997007267,-16.0982438410978));
#17597=CARTESIAN_POINT('Origin',(6.91038162701979,4.79899997007267,-11.8297155388897));
#17598=CARTESIAN_POINT('',(0.394085798199662,4.79899997007267,-15.6362391043693));
#17599=CARTESIAN_POINT('',(6.91038162701979,4.79899997007267,-11.8297155388897));
#17600=CARTESIAN_POINT('',(0.394085798199662,4.79899997007267,-15.6362391043693));
#17601=CARTESIAN_POINT('Origin',(0.394085798199663,4.79899997007267,0.));
#17602=CARTESIAN_POINT('',(0.394085798199663,4.79899997007267,-15.4838954306233));
#17603=CARTESIAN_POINT('',(0.394085798199663,4.79899997007267,0.));
#17604=CARTESIAN_POINT('',(0.394085798199663,4.79899997007267,-15.4838954306233));
#17605=CARTESIAN_POINT('Origin',(-0.937536580674545,4.79899997007267,-15.4028425543484));
#17606=CARTESIAN_POINT('',(-0.1616857424983,4.79899997007267,-15.4500668598213));
#17607=CARTESIAN_POINT('',(-0.937536580674545,4.79899997007267,-15.4028425543484));
#17608=CARTESIAN_POINT('',(-0.1616857424983,4.79899997007267,-15.4500668598213));
#17609=CARTESIAN_POINT('Origin',(7.12429200200825,4.79899997007267,-10.5122737355245));
#17610=CARTESIAN_POINT('',(0.394085798199664,4.79899997007267,-15.0734139261217));
#17611=CARTESIAN_POINT('',(7.12429200200825,4.79899997007267,-10.5122737355245));
#17612=CARTESIAN_POINT('',(0.394085798199664,4.79899997007267,-15.0734139261217));
#17613=CARTESIAN_POINT('Origin',(0.394085798199668,4.79899997007267,-1.40011191711686E-16));
#17614=CARTESIAN_POINT('',(0.394085798199663,4.79899997007267,-14.9208301671628));
#17615=CARTESIAN_POINT('',(0.394085798199668,4.79899997007267,-1.40011191711686E-16));
#17616=CARTESIAN_POINT('',(0.394085798199663,4.79899997007267,-14.9208301671628));
#17617=CARTESIAN_POINT('Origin',(-0.685427984849463,4.79899997007267,-14.8710739114047));
#17618=CARTESIAN_POINT('',(-0.685427984849463,4.79899997007267,-14.8710739114047));
#17619=CARTESIAN_POINT('Origin',(0.,4.79899997007267,0.));
#17620=CARTESIAN_POINT('Origin',(7.06591512391468,4.79899997007267,-15.0739522643512));
#17621=CARTESIAN_POINT('',(-0.0358308316203396,4.79899997007267,-18.4028956810083));
#17622=CARTESIAN_POINT('',(-0.0358308316203396,4.79899997007267,-18.4028956810083));
#17623=CARTESIAN_POINT('',(-0.605604188509252,4.79899997007267,-18.66997694205));
#17624=CARTESIAN_POINT('',(7.06591512391468,4.79899997007267,-15.0739522643512));
#17625=CARTESIAN_POINT('',(-0.605604188509252,4.79899997007267,-18.66997694205));
#17626=CARTESIAN_POINT('Origin',(-7.34326144389624,4.79899997007267,-15.4722216431066));
#17627=CARTESIAN_POINT('',(-0.03583083162034,4.79899997007267,-18.9403967188547));
#17628=CARTESIAN_POINT('',(-7.34326144389624,4.79899997007267,-15.4722216431066));
#17629=CARTESIAN_POINT('',(-0.03583083162034,4.79899997007267,-18.9403967188547));
#17630=CARTESIAN_POINT('Origin',(-0.0358308316203396,4.79899997007267,0.));
#17631=CARTESIAN_POINT('',(-0.0358308316203396,4.79899997007267,-18.7823579663993));
#17632=CARTESIAN_POINT('',(-0.0358308316203396,4.79899997007267,0.));
#17633=CARTESIAN_POINT('',(-0.0358308316203396,4.79899997007267,-18.7823579663993));
#17634=CARTESIAN_POINT('Origin',(0.,4.79899997007267,-18.7823579663993));
#17635=CARTESIAN_POINT('',(0.394085798199663,4.79899997007267,-18.7823579663993));
#17636=CARTESIAN_POINT('',(0.,4.79899997007267,-18.7823579663993));
#17637=CARTESIAN_POINT('',(0.394085798199663,4.79899997007267,-18.7823579663993));
#17638=CARTESIAN_POINT('Origin',(0.394085798199658,4.79899997007267,9.64822195926803E-17));
#17639=CARTESIAN_POINT('',(0.394085798199663,4.79899997007267,-18.5609344334636));
#17640=CARTESIAN_POINT('',(0.394085798199658,4.79899997007267,9.64822195926803E-17));
#17641=CARTESIAN_POINT('',(0.394085798199663,4.79899997007267,-18.5609344334636));
#17642=CARTESIAN_POINT('Origin',(0.,4.79899997007267,-18.5609344334636));
#17643=CARTESIAN_POINT('',(-0.0358308316203396,4.79899997007267,-18.5609344334636));
#17644=CARTESIAN_POINT('',(0.,4.79899997007267,-18.5609344334636));
#17645=CARTESIAN_POINT('',(-0.0358308316203396,4.79899997007267,-18.5609344334636));
#17646=CARTESIAN_POINT('Origin',(-0.0358308316203396,4.79899997007267,0.));
#17647=CARTESIAN_POINT('',(-0.0358308316203396,4.79899997007267,0.));
#17648=CARTESIAN_POINT('Origin',(0.,4.79899997007267,0.));
#17649=CARTESIAN_POINT('Ctrl Pts',(0.309119077388461,4.79899997007267,-16.6687828858116));
#17650=CARTESIAN_POINT('Ctrl Pts',(0.309119077388461,4.80019997007267,-16.6687828858116));
#17651=CARTESIAN_POINT('Ctrl Pts',(0.308907317362929,4.79899997007267,-16.6705402621923));
#17652=CARTESIAN_POINT('Ctrl Pts',(0.308907317362929,4.80019997007267,-16.6705402621923));
#17653=CARTESIAN_POINT('Ctrl Pts',(0.3102330519889,4.79899997007267,-16.7039119497405));
#17654=CARTESIAN_POINT('Ctrl Pts',(0.3102330519889,4.80019997007267,-16.7039119497405));
#17655=CARTESIAN_POINT('Ctrl Pts',(0.302372047957622,4.79899997007267,-16.7177381875273));
#17656=CARTESIAN_POINT('Ctrl Pts',(0.302372047957622,4.80019997007267,-16.7177381875273));
#17657=CARTESIAN_POINT('Ctrl Pts',(0.296459434579666,4.79899997007267,-16.7281375205106));
#17658=CARTESIAN_POINT('Ctrl Pts',(0.296459434579666,4.80019997007267,-16.7281375205106));
#17659=CARTESIAN_POINT('Ctrl Pts',(0.292527371108432,4.79899997007267,-16.7399828175463));
#17660=CARTESIAN_POINT('Ctrl Pts',(0.292527371108432,4.80019997007267,-16.7399828175463));
#17661=CARTESIAN_POINT('Ctrl Pts',(0.284522100288387,4.79899997007267,-16.7488721798718));
#17662=CARTESIAN_POINT('Ctrl Pts',(0.284522100288387,4.80019997007267,-16.7488721798718));
#17663=CARTESIAN_POINT('Ctrl Pts',(0.275833948425446,4.79899997007267,-16.758519839718));
#17664=CARTESIAN_POINT('Ctrl Pts',(0.275833948425446,4.80019997007267,-16.758519839718));
#17665=CARTESIAN_POINT('Ctrl Pts',(0.265530635275803,4.79899997007267,-16.7677601822892));
#17666=CARTESIAN_POINT('Ctrl Pts',(0.265530635275803,4.80019997007267,-16.7677601822892));
#17667=CARTESIAN_POINT('Ctrl Pts',(0.253329240331001,4.79899997007267,-16.7721972178652));
#17668=CARTESIAN_POINT('Ctrl Pts',(0.253329240331001,4.80019997007267,-16.7721972178652));
#17669=CARTESIAN_POINT('Ctrl Pts',(0.202905778335454,4.79899997007267,-16.7905337028122));
#17670=CARTESIAN_POINT('Ctrl Pts',(0.202905778335454,4.80019997007267,-16.7905337028122));
#17671=CARTESIAN_POINT('Ctrl Pts',(0.150385207508541,4.79899997007267,-16.8025218735863));
#17672=CARTESIAN_POINT('Ctrl Pts',(0.150385207508541,4.80019997007267,-16.8025218735863));
#17673=CARTESIAN_POINT('Ctrl Pts',(0.098581194071041,4.79899997007267,-16.8164895645765));
#17674=CARTESIAN_POINT('Ctrl Pts',(0.098581194071041,4.80019997007267,-16.8164895645765));
#17675=CARTESIAN_POINT('Ctrl Pts',(-0.086377841966864,4.79899997007267,
-16.866359265586));
#17676=CARTESIAN_POINT('Ctrl Pts',(-0.086377841966864,4.80019997007267,
-16.866359265586));
#17677=CARTESIAN_POINT('Ctrl Pts',(-0.271359011878471,4.79899997007267,
-16.9161856350717));
#17678=CARTESIAN_POINT('Ctrl Pts',(-0.271359011878471,4.80019997007267,
-16.9161856350717));
#17679=CARTESIAN_POINT('Ctrl Pts',(-0.456936298852135,4.79899997007267,
-16.9637030282067));
#17680=CARTESIAN_POINT('Ctrl Pts',(-0.456936298852135,4.80019997007267,
-16.9637030282067));
#17681=CARTESIAN_POINT('Ctrl Pts',(-0.483309753189867,4.79899997007267,
-16.9704559979183));
#17682=CARTESIAN_POINT('Ctrl Pts',(-0.483309753189867,4.80019997007267,
-16.9704559979183));
#17683=CARTESIAN_POINT('Ctrl Pts',(-0.480063263458569,4.79899997007267,
-16.971586812316));
#17684=CARTESIAN_POINT('Ctrl Pts',(-0.480063263458569,4.80019997007267,
-16.971586812316));
#17685=CARTESIAN_POINT('Ctrl Pts',(-0.491437441845839,4.79899997007267,
-16.9658793815939));
#17686=CARTESIAN_POINT('Ctrl Pts',(-0.491437441845839,4.80019997007267,
-16.9658793815939));
#17687=CARTESIAN_POINT('Ctrl Pts',(-0.498109693498197,4.79899997007267,
-16.9625313231435));
#17688=CARTESIAN_POINT('Ctrl Pts',(-0.498109693498197,4.80019997007267,
-16.9625313231435));
#17689=CARTESIAN_POINT('Ctrl Pts',(-0.506356266391676,4.79899997007267,
-16.9612886036262));
#17690=CARTESIAN_POINT('Ctrl Pts',(-0.506356266391676,4.80019997007267,
-16.9612886036262));
#17691=CARTESIAN_POINT('Ctrl Pts',(-0.511454196802909,4.79899997007267,
-16.9558352062427));
#17692=CARTESIAN_POINT('Ctrl Pts',(-0.511454196802909,4.80019997007267,
-16.9558352062427));
#17693=CARTESIAN_POINT('Ctrl Pts',(-0.518025839208733,4.79899997007267,
-16.948805338314));
#17694=CARTESIAN_POINT('Ctrl Pts',(-0.518025839208733,4.80019997007267,
-16.948805338314));
#17695=CARTESIAN_POINT('Ctrl Pts',(-0.521457782415344,4.79899997007267,
-16.9392554412161));
#17696=CARTESIAN_POINT('Ctrl Pts',(-0.521457782415344,4.80019997007267,
-16.9392554412161));
#17697=CARTESIAN_POINT('Ctrl Pts',(-0.524771652826041,4.79899997007267,
-16.9302208526861));
#17698=CARTESIAN_POINT('Ctrl Pts',(-0.524771652826041,4.80019997007267,
-16.9302208526861));
#17699=CARTESIAN_POINT('Ctrl Pts',(-0.529264408889432,4.79899997007267,
-16.9179722740249));
#17700=CARTESIAN_POINT('Ctrl Pts',(-0.529264408889432,4.80019997007267,
-16.9179722740249));
#17701=CARTESIAN_POINT('Ctrl Pts',(-0.531412614485983,4.79899997007267,
-16.9049869910457));
#17702=CARTESIAN_POINT('Ctrl Pts',(-0.531412614485983,4.80019997007267,
-16.9049869910457));
#17703=CARTESIAN_POINT('Ctrl Pts',(-0.534733095315953,4.79899997007267,
-16.8923700602254));
#17704=CARTESIAN_POINT('Ctrl Pts',(-0.534733095315953,4.80019997007267,
-16.8923700602254));
#17705=CARTESIAN_POINT('',(0.309119077388462,4.79899997007267,-16.6687828858116));
#17706=CARTESIAN_POINT('',(0.309119077388462,4.79899997007267,-16.6687828858116));
#17707=CARTESIAN_POINT('',(-0.534733095315953,4.79899997007267,-16.8923700602254));
#17708=CARTESIAN_POINT('Ctrl Pts',(0.309119077388461,4.79899997007267,-16.6687828858116));
#17709=CARTESIAN_POINT('Ctrl Pts',(0.308907317362929,4.79899997007267,-16.6705402621923));
#17710=CARTESIAN_POINT('Ctrl Pts',(0.3102330519889,4.79899997007267,-16.7039119497405));
#17711=CARTESIAN_POINT('Ctrl Pts',(0.302372047957622,4.79899997007267,-16.7177381875273));
#17712=CARTESIAN_POINT('Ctrl Pts',(0.296459434579666,4.79899997007267,-16.7281375205106));
#17713=CARTESIAN_POINT('Ctrl Pts',(0.292527371108432,4.79899997007267,-16.7399828175463));
#17714=CARTESIAN_POINT('Ctrl Pts',(0.284522100288387,4.79899997007267,-16.7488721798718));
#17715=CARTESIAN_POINT('Ctrl Pts',(0.275833948425446,4.79899997007267,-16.758519839718));
#17716=CARTESIAN_POINT('Ctrl Pts',(0.265530635275803,4.79899997007267,-16.7677601822892));
#17717=CARTESIAN_POINT('Ctrl Pts',(0.253329240331001,4.79899997007267,-16.7721972178652));
#17718=CARTESIAN_POINT('Ctrl Pts',(0.202905778335454,4.79899997007267,-16.7905337028122));
#17719=CARTESIAN_POINT('Ctrl Pts',(0.150385207508541,4.79899997007267,-16.8025218735863));
#17720=CARTESIAN_POINT('Ctrl Pts',(0.098581194071041,4.79899997007267,-16.8164895645765));
#17721=CARTESIAN_POINT('Ctrl Pts',(-0.086377841966864,4.79899997007267,
-16.866359265586));
#17722=CARTESIAN_POINT('Ctrl Pts',(-0.271359011878471,4.79899997007267,
-16.9161856350717));
#17723=CARTESIAN_POINT('Ctrl Pts',(-0.456936298852135,4.79899997007267,
-16.9637030282067));
#17724=CARTESIAN_POINT('Ctrl Pts',(-0.483309753189867,4.79899997007267,
-16.9704559979183));
#17725=CARTESIAN_POINT('Ctrl Pts',(-0.480063263458569,4.79899997007267,
-16.971586812316));
#17726=CARTESIAN_POINT('Ctrl Pts',(-0.491437441845839,4.79899997007267,
-16.9658793815939));
#17727=CARTESIAN_POINT('Ctrl Pts',(-0.498109693498197,4.79899997007267,
-16.9625313231435));
#17728=CARTESIAN_POINT('Ctrl Pts',(-0.506356266391676,4.79899997007267,
-16.9612886036262));
#17729=CARTESIAN_POINT('Ctrl Pts',(-0.511454196802909,4.79899997007267,
-16.9558352062427));
#17730=CARTESIAN_POINT('Ctrl Pts',(-0.518025839208733,4.79899997007267,
-16.948805338314));
#17731=CARTESIAN_POINT('Ctrl Pts',(-0.521457782415344,4.79899997007267,
-16.9392554412161));
#17732=CARTESIAN_POINT('Ctrl Pts',(-0.524771652826041,4.79899997007267,
-16.9302208526861));
#17733=CARTESIAN_POINT('Ctrl Pts',(-0.529264408889432,4.79899997007267,
-16.9179722740249));
#17734=CARTESIAN_POINT('Ctrl Pts',(-0.531412614485983,4.79899997007267,
-16.9049869910457));
#17735=CARTESIAN_POINT('Ctrl Pts',(-0.534733095315953,4.79899997007267,
-16.8923700602254));
#17736=CARTESIAN_POINT('',(-0.534733095315953,4.79899997007267,-16.8923700602254));
#17737=CARTESIAN_POINT('Origin',(4.47179620332234,4.79899997007267,-15.4426028888049));
#17738=CARTESIAN_POINT('',(-0.623175789277923,4.79899997007267,-16.9179808789403));
#17739=CARTESIAN_POINT('',(4.47179620332234,4.79899997007267,-15.4426028888049));
#17740=CARTESIAN_POINT('',(-0.623175789277923,4.79899997007267,-16.9179808789403));
#17741=CARTESIAN_POINT('Origin',(-0.623175789277923,4.79899997007267,0.));
#17742=CARTESIAN_POINT('',(-0.623175789277923,4.79899997007267,-17.2267614288715));
#17743=CARTESIAN_POINT('',(-0.623175789277923,4.79899997007267,0.));
#17744=CARTESIAN_POINT('',(-0.623175789277923,4.79899997007267,-17.2267614288715));
#17745=CARTESIAN_POINT('Origin',(-7.0078801109192,4.79899997007267,-14.0398975440498));
#17746=CARTESIAN_POINT('',(0.134931437438517,4.79899997007267,-17.605163375138));
#17747=CARTESIAN_POINT('',(-7.0078801109192,4.79899997007267,-14.0398975440498));
#17748=CARTESIAN_POINT('',(0.134931437438517,4.79899997007267,-17.605163375138));
#17749=CARTESIAN_POINT('Ctrl Pts',(0.134931437438517,4.79899997007267,-17.605163375138));
#17750=CARTESIAN_POINT('Ctrl Pts',(0.134931437438517,4.80019997007267,-17.605163375138));
#17751=CARTESIAN_POINT('Ctrl Pts',(-0.0519380624485523,4.79899997007267,
-17.6568227393041));
#17752=CARTESIAN_POINT('Ctrl Pts',(-0.0519380624485523,4.80019997007267,
-17.6568227393041));
#17753=CARTESIAN_POINT('Ctrl Pts',(-0.2385637934088,4.79899997007267,-17.7093721409925));
#17754=CARTESIAN_POINT('Ctrl Pts',(-0.2385637934088,4.80019997007267,-17.7093721409925));
#17755=CARTESIAN_POINT('Ctrl Pts',(-0.425677062222691,4.79899997007267,
-17.7601414676363));
#17756=CARTESIAN_POINT('Ctrl Pts',(-0.425677062222691,4.80019997007267,
-17.7601414676363));
#17757=CARTESIAN_POINT('Ctrl Pts',(-0.443655760369226,4.79899997007267,
-17.7650196166025));
#17758=CARTESIAN_POINT('Ctrl Pts',(-0.443655760369226,4.80019997007267,
-17.7650196166025));
#17759=CARTESIAN_POINT('Ctrl Pts',(-0.461643843937514,4.79899997007267,
-17.7719250124431));
#17760=CARTESIAN_POINT('Ctrl Pts',(-0.461643843937514,4.80019997007267,
-17.7719250124431));
#17761=CARTESIAN_POINT('Ctrl Pts',(-0.480271886562693,4.79899997007267,
-17.7720861097285));
#17762=CARTESIAN_POINT('Ctrl Pts',(-0.480271886562693,4.80019997007267,
-17.7720861097285));
#17763=CARTESIAN_POINT('Ctrl Pts',(-0.489235871239303,4.79899997007267,
-17.7721636312173));
#17764=CARTESIAN_POINT('Ctrl Pts',(-0.489235871239303,4.80019997007267,
-17.7721636312173));
#17765=CARTESIAN_POINT('Ctrl Pts',(-0.497761187916395,4.79899997007267,
-17.7665083217904));
#17766=CARTESIAN_POINT('Ctrl Pts',(-0.497761187916395,4.80019997007267,
-17.7665083217904));
#17767=CARTESIAN_POINT('Ctrl Pts',(-0.504693483696972,4.79899997007267,
-17.7608248100174));
#17768=CARTESIAN_POINT('Ctrl Pts',(-0.504693483696972,4.80019997007267,
-17.7608248100174));
#17769=CARTESIAN_POINT('Ctrl Pts',(-0.511864994708896,4.79899997007267,
-17.7549451752532));
#17770=CARTESIAN_POINT('Ctrl Pts',(-0.511864994708896,4.80019997007267,
-17.7549451752532));
#17771=CARTESIAN_POINT('Ctrl Pts',(-0.518339528995714,4.79899997007267,
-17.7472778168997));
#17772=CARTESIAN_POINT('Ctrl Pts',(-0.518339528995714,4.80019997007267,
-17.7472778168997));
#17773=CARTESIAN_POINT('Ctrl Pts',(-0.521264835691712,4.79899997007267,
-17.738477631908));
#17774=CARTESIAN_POINT('Ctrl Pts',(-0.521264835691712,4.80019997007267,
-17.738477631908));
#17775=CARTESIAN_POINT('Ctrl Pts',(-0.529523116903899,4.79899997007267,
-17.7136342872836));
#17776=CARTESIAN_POINT('Ctrl Pts',(-0.529523116903899,4.80019997007267,
-17.7136342872836));
#17777=CARTESIAN_POINT('Ctrl Pts',(-0.528910959542811,4.79899997007267,
-17.6866332001094));
#17778=CARTESIAN_POINT('Ctrl Pts',(-0.528910959542811,4.80019997007267,
-17.6866332001094));
#17779=CARTESIAN_POINT('Ctrl Pts',(-0.530856804262575,4.79899997007267,
-17.6605256404947));
#17780=CARTESIAN_POINT('Ctrl Pts',(-0.530856804262575,4.80019997007267,
-17.6605256404947));
#17781=CARTESIAN_POINT('',(-0.530856804262575,4.79899997007267,-17.6605256404947));
#17782=CARTESIAN_POINT('Ctrl Pts',(0.134931437438517,4.79899997007267,-17.605163375138));
#17783=CARTESIAN_POINT('Ctrl Pts',(-0.0519380624485523,4.79899997007267,
-17.6568227393041));
#17784=CARTESIAN_POINT('Ctrl Pts',(-0.2385637934088,4.79899997007267,-17.7093721409925));
#17785=CARTESIAN_POINT('Ctrl Pts',(-0.425677062222691,4.79899997007267,
-17.7601414676363));
#17786=CARTESIAN_POINT('Ctrl Pts',(-0.443655760369226,4.79899997007267,
-17.7650196166025));
#17787=CARTESIAN_POINT('Ctrl Pts',(-0.461643843937514,4.79899997007267,
-17.7719250124431));
#17788=CARTESIAN_POINT('Ctrl Pts',(-0.480271886562693,4.79899997007267,
-17.7720861097285));
#17789=CARTESIAN_POINT('Ctrl Pts',(-0.489235871239303,4.79899997007267,
-17.7721636312173));
#17790=CARTESIAN_POINT('Ctrl Pts',(-0.497761187916395,4.79899997007267,
-17.7665083217904));
#17791=CARTESIAN_POINT('Ctrl Pts',(-0.504693483696972,4.79899997007267,
-17.7608248100174));
#17792=CARTESIAN_POINT('Ctrl Pts',(-0.511864994708896,4.79899997007267,
-17.7549451752532));
#17793=CARTESIAN_POINT('Ctrl Pts',(-0.518339528995714,4.79899997007267,
-17.7472778168997));
#17794=CARTESIAN_POINT('Ctrl Pts',(-0.521264835691712,4.79899997007267,
-17.738477631908));
#17795=CARTESIAN_POINT('Ctrl Pts',(-0.529523116903899,4.79899997007267,
-17.7136342872836));
#17796=CARTESIAN_POINT('Ctrl Pts',(-0.528910959542811,4.79899997007267,
-17.6866332001094));
#17797=CARTESIAN_POINT('Ctrl Pts',(-0.530856804262575,4.79899997007267,
-17.6605256404947));
#17798=CARTESIAN_POINT('',(-0.530856804262575,4.79899997007267,-17.6605256404947));
#17799=CARTESIAN_POINT('Origin',(4.67732568209813,4.79899997007267,-16.1523646888459));
#17800=CARTESIAN_POINT('',(-0.623175789277922,4.79899997007267,-17.6872589373138));
#17801=CARTESIAN_POINT('',(4.67732568209813,4.79899997007267,-16.1523646888459));
#17802=CARTESIAN_POINT('',(-0.623175789277922,4.79899997007267,-17.6872589373138));
#17803=CARTESIAN_POINT('Origin',(-0.623175789277923,4.79899997007267,0.));
#17804=CARTESIAN_POINT('',(-0.623175789277923,4.79899997007267,-18.0237918268733));
#17805=CARTESIAN_POINT('',(-0.623175789277923,4.79899997007267,0.));
#17806=CARTESIAN_POINT('',(-0.623175789277923,4.79899997007267,-18.0237918268733));
#17807=CARTESIAN_POINT('Origin',(4.76723781286692,4.79899997007267,-16.4628612471018));
#17808=CARTESIAN_POINT('',(-0.533812679248034,4.79899997007267,-17.9979144784091));
#17809=CARTESIAN_POINT('',(4.76723781286692,4.79899997007267,-16.4628612471018));
#17810=CARTESIAN_POINT('',(-0.533812679248034,4.79899997007267,-17.9979144784091));
#17811=CARTESIAN_POINT('Ctrl Pts',(-0.533812679248035,4.79899997007267,
-17.9979144784091));
#17812=CARTESIAN_POINT('Ctrl Pts',(-0.533812679248035,4.80019997007267,
-17.9979144784091));
#17813=CARTESIAN_POINT('Ctrl Pts',(-0.533407750533717,4.79899997007267,
-17.9956338636702));
#17814=CARTESIAN_POINT('Ctrl Pts',(-0.533407750533717,4.80019997007267,
-17.9956338636702));
#17815=CARTESIAN_POINT('Ctrl Pts',(-0.532710250380863,4.79899997007267,
-17.9630128095428));
#17816=CARTESIAN_POINT('Ctrl Pts',(-0.532710250380863,4.80019997007267,
-17.9630128095428));
#17817=CARTESIAN_POINT('Ctrl Pts',(-0.524330096850129,4.79899997007267,
-17.9496624554945));
#17818=CARTESIAN_POINT('Ctrl Pts',(-0.524330096850129,4.80019997007267,
-17.9496624554945));
#17819=CARTESIAN_POINT('Ctrl Pts',(-0.517700829128285,4.79899997007267,
-17.9391014233079));
#17820=CARTESIAN_POINT('Ctrl Pts',(-0.517700829128285,4.80019997007267,
-17.9391014233079));
#17821=CARTESIAN_POINT('Ctrl Pts',(-0.512974294534028,4.79899997007267,
-17.9270306068771));
#17822=CARTESIAN_POINT('Ctrl Pts',(-0.512974294534028,4.80019997007267,
-17.9270306068771));
#17823=CARTESIAN_POINT('Ctrl Pts',(-0.50431154270905,4.79899997007267,-17.918061809734));
#17824=CARTESIAN_POINT('Ctrl Pts',(-0.50431154270905,4.80019997007267,-17.918061809734));
#17825=CARTESIAN_POINT('Ctrl Pts',(-0.495249378349615,4.79899997007267,
-17.908679489259));
#17826=CARTESIAN_POINT('Ctrl Pts',(-0.495249378349615,4.80019997007267,
-17.908679489259));
#17827=CARTESIAN_POINT('Ctrl Pts',(-0.484100890672297,4.79899997007267,
-17.9010387831228));
#17828=CARTESIAN_POINT('Ctrl Pts',(-0.484100890672297,4.80019997007267,
-17.9010387831228));
#17829=CARTESIAN_POINT('Ctrl Pts',(-0.472202375948606,4.79899997007267,
-17.895693120606));
#17830=CARTESIAN_POINT('Ctrl Pts',(-0.472202375948606,4.80019997007267,
-17.895693120606));
#17831=CARTESIAN_POINT('Ctrl Pts',(-0.457463181142978,4.79899997007267,
-17.8890712217363));
#17832=CARTESIAN_POINT('Ctrl Pts',(-0.457463181142978,4.80019997007267,
-17.8890712217363));
#17833=CARTESIAN_POINT('Ctrl Pts',(-0.441075634235702,4.79899997007267,
-17.8870040710048));
#17834=CARTESIAN_POINT('Ctrl Pts',(-0.441075634235702,4.80019997007267,
-17.8870040710048));
#17835=CARTESIAN_POINT('Ctrl Pts',(-0.425512263379252,4.79899997007267,
-17.8826595462042));
#17836=CARTESIAN_POINT('Ctrl Pts',(-0.425512263379252,4.80019997007267,
-17.8826595462042));
#17837=CARTESIAN_POINT('',(-0.425512263379253,4.79899997007267,-17.8826595462042));
#17838=CARTESIAN_POINT('Ctrl Pts',(-0.533812679248035,4.79899997007267,
-17.9979144784091));
#17839=CARTESIAN_POINT('Ctrl Pts',(-0.533407750533717,4.79899997007267,
-17.9956338636702));
#17840=CARTESIAN_POINT('Ctrl Pts',(-0.532710250380863,4.79899997007267,
-17.9630128095428));
#17841=CARTESIAN_POINT('Ctrl Pts',(-0.524330096850129,4.79899997007267,
-17.9496624554945));
#17842=CARTESIAN_POINT('Ctrl Pts',(-0.517700829128285,4.79899997007267,
-17.9391014233079));
#17843=CARTESIAN_POINT('Ctrl Pts',(-0.512974294534028,4.79899997007267,
-17.9270306068771));
#17844=CARTESIAN_POINT('Ctrl Pts',(-0.50431154270905,4.79899997007267,-17.918061809734));
#17845=CARTESIAN_POINT('Ctrl Pts',(-0.495249378349615,4.79899997007267,
-17.908679489259));
#17846=CARTESIAN_POINT('Ctrl Pts',(-0.484100890672297,4.79899997007267,
-17.9010387831228));
#17847=CARTESIAN_POINT('Ctrl Pts',(-0.472202375948606,4.79899997007267,
-17.895693120606));
#17848=CARTESIAN_POINT('Ctrl Pts',(-0.457463181142978,4.79899997007267,
-17.8890712217363));
#17849=CARTESIAN_POINT('Ctrl Pts',(-0.441075634235702,4.79899997007267,
-17.8870040710048));
#17850=CARTESIAN_POINT('Ctrl Pts',(-0.425512263379252,4.79899997007267,
-17.8826595462042));
#17851=CARTESIAN_POINT('',(-0.425512263379253,4.79899997007267,-17.8826595462042));
#17852=CARTESIAN_POINT('Origin',(4.60031753850039,4.79899997007267,-16.4796959839105));
#17853=CARTESIAN_POINT('',(0.394085798199662,4.79899997007267,-17.6538682298545));
#17854=CARTESIAN_POINT('',(4.60031753850039,4.79899997007267,-16.4796959839105));
#17855=CARTESIAN_POINT('',(0.394085798199662,4.79899997007267,-17.6538682298545));
#17856=CARTESIAN_POINT('Origin',(0.3940857981997,4.79899997007267,-8.22602993371884E-16));
#17857=CARTESIAN_POINT('',(0.394085798199663,4.79899997007267,-17.4980450629089));
#17858=CARTESIAN_POINT('',(0.3940857981997,4.79899997007267,-8.22602993371884E-16));
#17859=CARTESIAN_POINT('',(0.394085798199663,4.79899997007267,-17.4980450629089));
#17860=CARTESIAN_POINT('Origin',(-6.93039527646621,4.79899997007267,-13.8268021853452));
#17861=CARTESIAN_POINT('',(-0.407230531026099,4.79899997007267,-17.0964020200289));
#17862=CARTESIAN_POINT('',(-6.93039527646621,4.79899997007267,-13.8268021853452));
#17863=CARTESIAN_POINT('',(-0.407230531026099,4.79899997007267,-17.0964020200289));
#17864=CARTESIAN_POINT('Ctrl Pts',(-0.407230531026097,4.79899997007267,
-17.0964020200289));
#17865=CARTESIAN_POINT('Ctrl Pts',(-0.407230531026097,4.80019997007267,
-17.0964020200289));
#17866=CARTESIAN_POINT('Ctrl Pts',(-0.188001329254386,4.79899997007267,
-17.038163467274));
#17867=CARTESIAN_POINT('Ctrl Pts',(-0.188001329254386,4.80019997007267,
-17.038163467274));
#17868=CARTESIAN_POINT('Ctrl Pts',(0.0302296097111481,4.79899997007267,
-16.9760282036729));
#17869=CARTESIAN_POINT('Ctrl Pts',(0.0302296097111481,4.80019997007267,
-16.9760282036729));
#17870=CARTESIAN_POINT('Ctrl Pts',(0.250457074289038,4.79899997007267,-16.9216863617641));
#17871=CARTESIAN_POINT('Ctrl Pts',(0.250457074289038,4.80019997007267,-16.9216863617641));
#17872=CARTESIAN_POINT('Ctrl Pts',(0.259638983673985,4.79899997007267,-16.919420695812));
#17873=CARTESIAN_POINT('Ctrl Pts',(0.259638983673985,4.80019997007267,-16.919420695812));
#17874=CARTESIAN_POINT('Ctrl Pts',(0.270010863106763,4.79899997007267,-16.9226576792169));
#17875=CARTESIAN_POINT('Ctrl Pts',(0.270010863106763,4.80019997007267,-16.9226576792169));
#17876=CARTESIAN_POINT('Ctrl Pts',(0.27827803898088,4.79899997007267,-16.9272505547025));
#17877=CARTESIAN_POINT('Ctrl Pts',(0.27827803898088,4.80019997007267,-16.9272505547025));
#17878=CARTESIAN_POINT('Ctrl Pts',(0.287449647140083,4.79899997007267,-16.9323458925687));
#17879=CARTESIAN_POINT('Ctrl Pts',(0.287449647140083,4.80019997007267,-16.9323458925687));
#17880=CARTESIAN_POINT('Ctrl Pts',(0.294991897544948,4.79899997007267,-16.9405990731158));
#17881=CARTESIAN_POINT('Ctrl Pts',(0.294991897544948,4.80019997007267,-16.9405990731158));
#17882=CARTESIAN_POINT('Ctrl Pts',(0.300534810734353,4.79899997007267,-16.949507326456));
#17883=CARTESIAN_POINT('Ctrl Pts',(0.300534810734353,4.80019997007267,-16.949507326456));
#17884=CARTESIAN_POINT('Ctrl Pts',(0.310469622548559,4.79899997007267,-16.9654739883002));
#17885=CARTESIAN_POINT('Ctrl Pts',(0.310469622548559,4.80019997007267,-16.9654739883002));
#17886=CARTESIAN_POINT('Ctrl Pts',(0.311166316014632,4.79899997007267,-16.9856265147265));
#17887=CARTESIAN_POINT('Ctrl Pts',(0.311166316014632,4.80019997007267,-16.9856265147265));
#17888=CARTESIAN_POINT('Ctrl Pts',(0.315001712374111,4.79899997007267,-17.004036417252));
#17889=CARTESIAN_POINT('Ctrl Pts',(0.315001712374111,4.80019997007267,-17.004036417252));
#17890=CARTESIAN_POINT('',(0.315001712374112,4.79899997007267,-17.004036417252));
#17891=CARTESIAN_POINT('Ctrl Pts',(-0.407230531026097,4.79899997007267,
-17.0964020200289));
#17892=CARTESIAN_POINT('Ctrl Pts',(-0.188001329254386,4.79899997007267,
-17.038163467274));
#17893=CARTESIAN_POINT('Ctrl Pts',(0.0302296097111481,4.79899997007267,
-16.9760282036729));
#17894=CARTESIAN_POINT('Ctrl Pts',(0.250457074289038,4.79899997007267,-16.9216863617641));
#17895=CARTESIAN_POINT('Ctrl Pts',(0.259638983673985,4.79899997007267,-16.919420695812));
#17896=CARTESIAN_POINT('Ctrl Pts',(0.270010863106763,4.79899997007267,-16.9226576792169));
#17897=CARTESIAN_POINT('Ctrl Pts',(0.27827803898088,4.79899997007267,-16.9272505547025));
#17898=CARTESIAN_POINT('Ctrl Pts',(0.287449647140083,4.79899997007267,-16.9323458925687));
#17899=CARTESIAN_POINT('Ctrl Pts',(0.294991897544948,4.79899997007267,-16.9405990731158));
#17900=CARTESIAN_POINT('Ctrl Pts',(0.300534810734353,4.79899997007267,-16.949507326456));
#17901=CARTESIAN_POINT('Ctrl Pts',(0.310469622548559,4.79899997007267,-16.9654739883002));
#17902=CARTESIAN_POINT('Ctrl Pts',(0.311166316014632,4.79899997007267,-16.9856265147265));
#17903=CARTESIAN_POINT('Ctrl Pts',(0.315001712374111,4.79899997007267,-17.004036417252));
#17904=CARTESIAN_POINT('',(0.315001712374112,4.79899997007267,-17.004036417252));
#17905=CARTESIAN_POINT('Origin',(4.4263132422508,4.79899997007267,-15.8563612079765));
#17906=CARTESIAN_POINT('',(0.394085798199663,4.79899997007267,-16.9819600447634));
#17907=CARTESIAN_POINT('',(4.4263132422508,4.79899997007267,-15.8563612079765));
#17908=CARTESIAN_POINT('',(0.394085798199663,4.79899997007267,-16.9819600447634));
#17909=CARTESIAN_POINT('Origin',(0.394085798199663,4.79899997007267,0.));
#17910=CARTESIAN_POINT('',(0.394085798199663,4.79899997007267,-16.6450643720527));
#17911=CARTESIAN_POINT('',(0.394085798199663,4.79899997007267,0.));
#17912=CARTESIAN_POINT('',(0.394085798199663,4.79899997007267,-16.6450643720527));
#17913=CARTESIAN_POINT('Origin',(4.33906725278332,4.79899997007267,-15.5438203083092));
#17914=CARTESIAN_POINT('',(4.33906725278332,4.79899997007267,-15.5438203083092));
#17915=CARTESIAN_POINT('Origin',(0.,4.79899997007267,0.));
#17916=CARTESIAN_POINT('Origin',(0.188498489135861,4.79899997007267,0.));
#17917=CARTESIAN_POINT('',(0.188498489135861,4.79999997007267,-17.9532491676218));
#17918=CARTESIAN_POINT('',(0.188498489135861,4.79999997007267,-18.031948416051));
#17919=CARTESIAN_POINT('',(0.188498489135861,4.79999997007267,0.));
#17920=CARTESIAN_POINT('',(0.188498489135861,4.79899997007267,-18.031948416051));
#17921=CARTESIAN_POINT('',(0.188498489135861,4.79899997007267,-18.031948416051));
#17922=CARTESIAN_POINT('',(0.188498489135861,4.79899997007267,-17.9532491676218));
#17923=CARTESIAN_POINT('',(0.188498489135861,4.79899997007267,0.));
#17924=CARTESIAN_POINT('',(0.188498489135861,4.79899997007267,-17.9532491676218));
#17925=CARTESIAN_POINT('Origin',(0.,4.79899997007267,-17.9532491676218));
#17926=CARTESIAN_POINT('',(0.333514614131729,4.79999997007267,-17.9532491676218));
#17927=CARTESIAN_POINT('',(0.,4.79999997007267,-17.9532491676218));
#17928=CARTESIAN_POINT('',(0.333514614131729,4.79899997007267,-17.9532491676218));
#17929=CARTESIAN_POINT('',(0.,4.79899997007267,-17.9532491676218));
#17930=CARTESIAN_POINT('',(0.333514614131729,4.79899997007267,-17.9532491676218));
#17931=CARTESIAN_POINT('Origin',(0.333514614131729,4.79899997007267,0.));
#17932=CARTESIAN_POINT('',(0.333514614131729,4.79999997007267,-17.9733399861663));
#17933=CARTESIAN_POINT('',(0.333514614131729,4.79999997007267,0.));
#17934=CARTESIAN_POINT('',(0.333514614131729,4.79899997007267,-17.9733399861663));
#17935=CARTESIAN_POINT('',(0.333514614131729,4.79899997007267,0.));
#17936=CARTESIAN_POINT('',(0.333514614131729,4.79899997007267,-17.9733399861663));
#17937=CARTESIAN_POINT('Origin',(0.,4.79899997007267,-17.9733399861663));
#17938=CARTESIAN_POINT('',(0.272425457165265,4.79999997007267,-17.9733399861663));
#17939=CARTESIAN_POINT('',(0.,4.79999997007267,-17.9733399861663));
#17940=CARTESIAN_POINT('',(0.272425457165265,4.79899997007267,-17.9733399861663));
#17941=CARTESIAN_POINT('',(0.,4.79899997007267,-17.9733399861663));
#17942=CARTESIAN_POINT('',(0.272425457165265,4.79899997007267,-17.9733399861663));
#17943=CARTESIAN_POINT('Origin',(0.272425457165265,4.79899997007267,0.));
#17944=CARTESIAN_POINT('',(0.272425457165265,4.79999997007267,-18.0151055856582));
#17945=CARTESIAN_POINT('',(0.272425457165265,4.79999997007267,0.));
#17946=CARTESIAN_POINT('',(0.272425457165265,4.79899997007267,-18.0151055856582));
#17947=CARTESIAN_POINT('',(0.272425457165265,4.79899997007267,0.));
#17948=CARTESIAN_POINT('',(0.272425457165265,4.79899997007267,-18.0151055856582));
#17949=CARTESIAN_POINT('Origin',(-7.23150159555231,4.79899997007267,-14.1913107791714));
#17950=CARTESIAN_POINT('',(0.333881907217918,4.79999997007267,-18.0464221020483));
#17951=CARTESIAN_POINT('',(-7.23150159555231,4.79999997007267,-14.1913107791714));
#17952=CARTESIAN_POINT('',(0.333881907217918,4.79899997007267,-18.0464221020483));
#17953=CARTESIAN_POINT('',(-7.23150159555231,4.79899997007267,-14.1913107791714));
#17954=CARTESIAN_POINT('',(0.333881907217918,4.79899997007267,-18.0464221020483));
#17955=CARTESIAN_POINT('Origin',(0.333881907217918,4.79899997007267,0.));
#17956=CARTESIAN_POINT('',(0.333881907217917,4.79999997007267,-18.0674542075924));
#17957=CARTESIAN_POINT('',(0.333881907217918,4.79999997007267,0.));
#17958=CARTESIAN_POINT('',(0.333881907217917,4.79899997007267,-18.0674542075924));
#17959=CARTESIAN_POINT('',(0.333881907217918,4.79899997007267,0.));
#17960=CARTESIAN_POINT('',(0.333881907217917,4.79899997007267,-18.0674542075924));
#17961=CARTESIAN_POINT('Origin',(-7.6018929669179,4.79899997007267,-13.6468945821266));
#17962=CARTESIAN_POINT('',(0.270142020806836,4.79999997007267,-18.031948416051));
#17963=CARTESIAN_POINT('',(-7.6018929669179,4.79999997007267,-13.6468945821266));
#17964=CARTESIAN_POINT('',(0.270142020806836,4.79899997007267,-18.031948416051));
#17965=CARTESIAN_POINT('',(-7.6018929669179,4.79899997007267,-13.6468945821266));
#17966=CARTESIAN_POINT('',(0.270142020806836,4.79899997007267,-18.031948416051));
#17967=CARTESIAN_POINT('Origin',(0.229320254971349,4.79899997007267,-18.031948416051));
#17968=CARTESIAN_POINT('Origin',(0.229320254971349,4.79999997007267,-18.031948416051));
#17969=CARTESIAN_POINT('Origin',(0.229320254971349,4.79899997007267,-18.031948416051));
#17970=CARTESIAN_POINT('Ctrl Pts',(0.36390008429549,4.79899997007267,-18.1080235644629));
#17971=CARTESIAN_POINT('Ctrl Pts',(0.36390008429549,4.80019997007267,-18.1080235644629));
#17972=CARTESIAN_POINT('Ctrl Pts',(0.167833879655303,4.79899997007267,-18.3086165188941));
#17973=CARTESIAN_POINT('Ctrl Pts',(0.167833879655303,4.80019997007267,-18.3086165188941));
#17974=CARTESIAN_POINT('Ctrl Pts',(-0.032960319370582,4.79899997007267,
-18.1123536111145));
#17975=CARTESIAN_POINT('Ctrl Pts',(-0.032960319370582,4.80019997007267,
-18.1123536111145));
#17976=CARTESIAN_POINT('Ctrl Pts',(0.1631058852696,4.79899997007267,-17.9117606566833));
#17977=CARTESIAN_POINT('Ctrl Pts',(0.1631058852696,4.80019997007267,-17.9117606566833));
#17978=CARTESIAN_POINT('Origin',(0.263502984782544,4.79899997007267,-18.0098921105731));
#17979=CARTESIAN_POINT('Origin',(0.,4.79899997007267,0.));
#17980=CARTESIAN_POINT('Origin',(4.63504136047501,4.79899997007267,-9.8687755633447));
#17981=CARTESIAN_POINT('',(-0.0369436702080149,4.79899997007267,-12.0630542470314));
#17982=CARTESIAN_POINT('',(-0.0369436702080149,4.79899997007267,-12.0630542470314));
#17983=CARTESIAN_POINT('',(-0.605604188509254,4.79899997007267,-12.3301355080731));
#17984=CARTESIAN_POINT('',(4.63504136047501,4.79899997007267,-9.8687755633447));
#17985=CARTESIAN_POINT('',(-0.605604188509254,4.79899997007267,-12.3301355080731));
#17986=CARTESIAN_POINT('Origin',(-4.86727092821322,4.79899997007267,-10.3202300594065));
#17987=CARTESIAN_POINT('',(-0.0369436702080143,4.79899997007267,-12.5983296077025));
#17988=CARTESIAN_POINT('',(-4.86727092821322,4.79899997007267,-10.3202300594065));
#17989=CARTESIAN_POINT('',(-0.0369436702080143,4.79899997007267,-12.5983296077025));
#17990=CARTESIAN_POINT('Origin',(-0.0369436702080192,4.79899997007267,-1.27605898030091E-17));
#17991=CARTESIAN_POINT('',(-0.0369436702080149,4.79899997007267,-12.4413838547339));
#17992=CARTESIAN_POINT('',(-0.0369436702080192,4.79899997007267,-1.27605898030091E-17));
#17993=CARTESIAN_POINT('',(-0.0369436702080149,4.79899997007267,-12.4413838547339));
#17994=CARTESIAN_POINT('Origin',(0.,4.79899997007267,-12.4413838547339));
#17995=CARTESIAN_POINT('',(0.394085798199663,4.79899997007267,-12.4413838547339));
#17996=CARTESIAN_POINT('',(0.,4.79899997007267,-12.4413838547339));
#17997=CARTESIAN_POINT('',(0.394085798199663,4.79899997007267,-12.4413838547339));
#17998=CARTESIAN_POINT('Origin',(0.39408579819966,4.79899997007267,9.64995119150141E-17));
#17999=CARTESIAN_POINT('',(0.394085798199663,4.79899997007267,-12.22));
#18000=CARTESIAN_POINT('',(0.39408579819966,4.79899997007267,9.64995119150141E-17));
#18001=CARTESIAN_POINT('',(0.394085798199663,4.79899997007267,-12.22));
#18002=CARTESIAN_POINT('Origin',(0.,4.79899997007267,-12.22));
#18003=CARTESIAN_POINT('',(-0.0369436702080149,4.79899997007267,-12.22));
#18004=CARTESIAN_POINT('',(0.,4.79899997007267,-12.22));
#18005=CARTESIAN_POINT('',(-0.0369436702080149,4.79899997007267,-12.22));
#18006=CARTESIAN_POINT('Origin',(-0.0369436702080149,4.79899997007267,0.));
#18007=CARTESIAN_POINT('',(-0.0369436702080149,4.79899997007267,0.));
#18008=CARTESIAN_POINT('Origin',(0.,4.79899997007267,0.));
#18009=CARTESIAN_POINT('Origin',(0.,4.79999997007267,-507.487638052681));
#18010=CARTESIAN_POINT('',(0.25026606364772,4.79999997007267,-17.9823953630985));
#18011=CARTESIAN_POINT('',(0.25026606364772,4.79999997007267,-18.0260891519965));
#18012=CARTESIAN_POINT('',(0.25026606364772,4.79999997007267,0.));
#18013=CARTESIAN_POINT('',(0.209504743803324,4.79999997007267,-17.9823953630985));
#18014=CARTESIAN_POINT('',(0.,4.79999997007267,-17.9823953630985));
#18015=CARTESIAN_POINT('',(0.209504743803324,4.79999997007267,-18.0260891519965));
#18016=CARTESIAN_POINT('',(0.209504743803324,4.79999997007267,0.));
#18017=CARTESIAN_POINT('Origin',(0.229885403725522,4.79999997007267,-18.0260891519965));
#18018=CARTESIAN_POINT('Origin',(0.25026606364772,4.79899997007267,0.));
#18019=CARTESIAN_POINT('',(0.25026606364772,4.79899997007267,-18.0260891519965));
#18020=CARTESIAN_POINT('',(0.25026606364772,4.79899997007267,-18.0260891519965));
#18021=CARTESIAN_POINT('',(0.25026606364772,4.79899997007267,-17.9823953630985));
#18022=CARTESIAN_POINT('',(0.25026606364772,4.79899997007267,0.));
#18023=CARTESIAN_POINT('',(0.25026606364772,4.79899997007267,-17.9823953630985));
#18024=CARTESIAN_POINT('Origin',(0.,4.79899997007267,-17.9823953630985));
#18025=CARTESIAN_POINT('',(0.209504743803324,4.79899997007267,-17.9823953630985));
#18026=CARTESIAN_POINT('',(0.,4.79899997007267,-17.9823953630985));
#18027=CARTESIAN_POINT('',(0.209504743803324,4.79899997007267,-17.9823953630985));
#18028=CARTESIAN_POINT('Origin',(0.209504743803324,4.79899997007267,0.));
#18029=CARTESIAN_POINT('',(0.209504743803324,4.79899997007267,-18.0260891519965));
#18030=CARTESIAN_POINT('',(0.209504743803324,4.79899997007267,0.));
#18031=CARTESIAN_POINT('',(0.209504743803324,4.79899997007267,-18.0260891519965));
#18032=CARTESIAN_POINT('Origin',(0.229885403725522,4.79899997007267,-18.0260891519965));
#18033=CARTESIAN_POINT('Origin',(0.229885403725522,4.79899997007267,-18.0260891519965));
#18034=CARTESIAN_POINT('Origin',(0.,4.79899997007267,0.));
#18035=CARTESIAN_POINT('',(-0.882712185382672,68.2000000299267,-65.9376585483554));
#18036=CARTESIAN_POINT('',(-5.88417419791224,68.2000000299255,-63.9438152313232));
#18037=CARTESIAN_POINT('Origin',(50.,400.,50.));
#18038=CARTESIAN_POINT('',(450.,400.,48.0000007152557));
#18039=CARTESIAN_POINT('',(400.,400.,48.0000007152557));
#18040=CARTESIAN_POINT('',(150.,400.,48.0000007152557));
#18041=CARTESIAN_POINT('',(450.,400.,50.));
#18042=CARTESIAN_POINT('',(450.,400.,50.));
#18043=CARTESIAN_POINT('',(400.,400.,50.));
#18044=CARTESIAN_POINT('',(175.,400.,50.));
#18045=CARTESIAN_POINT('',(400.,400.,50.));
#18046=CARTESIAN_POINT('Origin',(400.,450.,50.));
#18047=CARTESIAN_POINT('',(400.,450.,48.0000007152557));
#18048=CARTESIAN_POINT('',(400.,350.,48.0000007152557));
#18049=CARTESIAN_POINT('',(400.,450.,50.));
#18050=CARTESIAN_POINT('',(400.,350.,50.));
#18051=CARTESIAN_POINT('',(400.,450.,50.));
#18052=CARTESIAN_POINT('Origin',(300.,250.,50.));
#18053=CARTESIAN_POINT('',(450.,450.,50.));
#18054=CARTESIAN_POINT('',(450.,150.,50.));
#18055=CARTESIAN_POINT('',(375.,450.,50.));
#18056=CARTESIAN_POINT('Origin',(450.,450.,50.));
#18057=CARTESIAN_POINT('',(450.,450.,48.0000007152557));
#18058=CARTESIAN_POINT('',(350.,450.,48.0000007152557));
#18059=CARTESIAN_POINT('',(450.,450.,50.));
#18060=CARTESIAN_POINT('Origin',(450.,50.,50.));
#18061=CARTESIAN_POINT('',(450.,150.,48.0000007152557));
#18062=CARTESIAN_POINT('Origin',(250.,250.,48.0000007152557));
#18063=CARTESIAN_POINT('Origin',(50.,400.,50.));
#18064=CARTESIAN_POINT('',(400.,400.,48.0000007152557));
#18065=CARTESIAN_POINT('',(350.,400.,48.0000007152557));
#18066=CARTESIAN_POINT('',(150.,400.,48.0000007152557));
#18067=CARTESIAN_POINT('',(400.,400.,50.));
#18068=CARTESIAN_POINT('',(400.,400.,50.));
#18069=CARTESIAN_POINT('',(350.,400.,50.));
#18070=CARTESIAN_POINT('',(175.,400.,50.));
#18071=CARTESIAN_POINT('',(350.,400.,50.));
#18072=CARTESIAN_POINT('Origin',(350.,450.,50.));
#18073=CARTESIAN_POINT('',(350.,450.,48.0000007152557));
#18074=CARTESIAN_POINT('',(350.,350.,48.0000007152557));
#18075=CARTESIAN_POINT('',(350.,450.,50.));
#18076=CARTESIAN_POINT('',(350.,350.,50.));
#18077=CARTESIAN_POINT('',(350.,450.,50.));
#18078=CARTESIAN_POINT('Origin',(300.,250.,50.));
#18079=CARTESIAN_POINT('',(400.,450.,50.));
#18080=CARTESIAN_POINT('',(400.,350.,50.));
#18081=CARTESIAN_POINT('',(375.,450.,50.));
#18082=CARTESIAN_POINT('Origin',(450.,450.,50.));
#18083=CARTESIAN_POINT('',(400.,450.,48.0000007152557));
#18084=CARTESIAN_POINT('',(350.,450.,48.0000007152557));
#18085=CARTESIAN_POINT('',(400.,450.,50.));
#18086=CARTESIAN_POINT('Origin',(400.,450.,50.));
#18087=CARTESIAN_POINT('',(400.,350.,48.0000007152557));
#18088=CARTESIAN_POINT('Origin',(250.,250.,48.0000007152557));
#18089=CARTESIAN_POINT('Origin',(50.,400.,50.));
#18090=CARTESIAN_POINT('',(300.,400.,48.0000007152557));
#18091=CARTESIAN_POINT('',(250.,400.,48.0000007152557));
#18092=CARTESIAN_POINT('',(150.,400.,48.0000007152557));
#18093=CARTESIAN_POINT('',(300.,400.,50.));
#18094=CARTESIAN_POINT('',(300.,400.,50.));
#18095=CARTESIAN_POINT('',(250.,400.,50.));
#18096=CARTESIAN_POINT('',(175.,400.,50.));
#18097=CARTESIAN_POINT('',(250.,400.,50.));
#18098=CARTESIAN_POINT('Origin',(300.,250.,50.));
#18099=CARTESIAN_POINT('',(300.,450.,50.));
#18100=CARTESIAN_POINT('',(300.,350.,50.));
#18101=CARTESIAN_POINT('',(250.,450.,50.));
#18102=CARTESIAN_POINT('',(375.,450.,50.));
#18103=CARTESIAN_POINT('',(250.,350.,50.));
#18104=CARTESIAN_POINT('Origin',(300.,450.,50.));
#18105=CARTESIAN_POINT('',(300.,450.,48.0000007152557));
#18106=CARTESIAN_POINT('',(300.,350.,48.0000007152557));
#18107=CARTESIAN_POINT('',(300.,450.,50.));
#18108=CARTESIAN_POINT('Origin',(250.,450.,50.));
#18109=CARTESIAN_POINT('',(250.,450.,48.0000007152557));
#18110=CARTESIAN_POINT('',(250.,350.,48.0000007152557));
#18111=CARTESIAN_POINT('',(250.,450.,50.));
#18112=CARTESIAN_POINT('Origin',(450.,450.,50.));
#18113=CARTESIAN_POINT('',(350.,450.,48.0000007152557));
#18114=CARTESIAN_POINT('Origin',(250.,250.,48.0000007152557));
#18115=CARTESIAN_POINT('Origin',(50.,400.,50.));
#18116=CARTESIAN_POINT('',(350.,400.,48.0000007152557));
#18117=CARTESIAN_POINT('',(300.,400.,48.0000007152557));
#18118=CARTESIAN_POINT('',(150.,400.,48.0000007152557));
#18119=CARTESIAN_POINT('',(350.,400.,50.));
#18120=CARTESIAN_POINT('',(350.,400.,50.));
#18121=CARTESIAN_POINT('',(300.,400.,50.));
#18122=CARTESIAN_POINT('',(175.,400.,50.));
#18123=CARTESIAN_POINT('',(300.,400.,50.));
#18124=CARTESIAN_POINT('Origin',(350.,450.,50.));
#18125=CARTESIAN_POINT('',(350.,450.,48.0000007152557));
#18126=CARTESIAN_POINT('',(350.,350.,48.0000007152557));
#18127=CARTESIAN_POINT('',(350.,450.,50.));
#18128=CARTESIAN_POINT('',(350.,450.,50.));
#18129=CARTESIAN_POINT('',(350.,350.,50.));
#18130=CARTESIAN_POINT('Origin',(300.,250.,50.));
#18131=CARTESIAN_POINT('',(300.,450.,50.));
#18132=CARTESIAN_POINT('',(375.,450.,50.));
#18133=CARTESIAN_POINT('',(300.,350.,50.));
#18134=CARTESIAN_POINT('Origin',(300.,450.,50.));
#18135=CARTESIAN_POINT('',(300.,450.,48.0000007152557));
#18136=CARTESIAN_POINT('',(300.,350.,48.0000007152557));
#18137=CARTESIAN_POINT('',(300.,450.,50.));
#18138=CARTESIAN_POINT('Origin',(450.,450.,50.));
#18139=CARTESIAN_POINT('',(350.,450.,48.0000007152557));
#18140=CARTESIAN_POINT('Origin',(250.,250.,48.0000007152557));
#18141=CARTESIAN_POINT('Origin',(50.,400.,50.));
#18142=CARTESIAN_POINT('',(200.,400.,48.0000007152557));
#18143=CARTESIAN_POINT('',(150.,400.,48.0000007152557));
#18144=CARTESIAN_POINT('',(150.,400.,48.0000007152557));
#18145=CARTESIAN_POINT('',(200.,400.,50.));
#18146=CARTESIAN_POINT('',(200.,400.,50.));
#18147=CARTESIAN_POINT('',(150.,400.,50.));
#18148=CARTESIAN_POINT('',(175.,400.,50.));
#18149=CARTESIAN_POINT('',(150.,400.,50.));
#18150=CARTESIAN_POINT('Origin',(150.,450.,50.));
#18151=CARTESIAN_POINT('',(150.,450.,48.0000007152557));
#18152=CARTESIAN_POINT('',(150.,350.,48.0000007152557));
#18153=CARTESIAN_POINT('',(150.,450.,50.));
#18154=CARTESIAN_POINT('',(150.,350.,50.));
#18155=CARTESIAN_POINT('',(150.,450.,50.));
#18156=CARTESIAN_POINT('Origin',(300.,250.,50.));
#18157=CARTESIAN_POINT('',(200.,450.,50.));
#18158=CARTESIAN_POINT('',(200.,350.,50.));
#18159=CARTESIAN_POINT('',(375.,450.,50.));
#18160=CARTESIAN_POINT('Origin',(450.,450.,50.));
#18161=CARTESIAN_POINT('',(200.,450.,48.0000007152557));
#18162=CARTESIAN_POINT('',(350.,450.,48.0000007152557));
#18163=CARTESIAN_POINT('',(200.,450.,50.));
#18164=CARTESIAN_POINT('Origin',(200.,450.,50.));
#18165=CARTESIAN_POINT('',(200.,350.,48.0000007152557));
#18166=CARTESIAN_POINT('Origin',(250.,250.,48.0000007152557));
#18167=CARTESIAN_POINT('Origin',(50.,400.,50.));
#18168=CARTESIAN_POINT('',(250.,400.,48.0000007152557));
#18169=CARTESIAN_POINT('',(200.,400.,48.0000007152557));
#18170=CARTESIAN_POINT('',(150.,400.,48.0000007152557));
#18171=CARTESIAN_POINT('',(250.,400.,50.));
#18172=CARTESIAN_POINT('',(250.,400.,50.));
#18173=CARTESIAN_POINT('',(200.,400.,50.));
#18174=CARTESIAN_POINT('',(175.,400.,50.));
#18175=CARTESIAN_POINT('',(200.,400.,50.));
#18176=CARTESIAN_POINT('Origin',(250.,450.,50.));
#18177=CARTESIAN_POINT('',(250.,450.,48.0000007152557));
#18178=CARTESIAN_POINT('',(250.,350.,48.0000007152557));
#18179=CARTESIAN_POINT('',(250.,450.,50.));
#18180=CARTESIAN_POINT('',(250.,450.,50.));
#18181=CARTESIAN_POINT('',(250.,350.,50.));
#18182=CARTESIAN_POINT('Origin',(300.,250.,50.));
#18183=CARTESIAN_POINT('',(200.,450.,50.));
#18184=CARTESIAN_POINT('',(375.,450.,50.));
#18185=CARTESIAN_POINT('',(200.,350.,50.));
#18186=CARTESIAN_POINT('Origin',(200.,450.,50.));
#18187=CARTESIAN_POINT('',(200.,450.,48.0000007152557));
#18188=CARTESIAN_POINT('',(200.,350.,48.0000007152557));
#18189=CARTESIAN_POINT('',(200.,450.,50.));
#18190=CARTESIAN_POINT('Origin',(450.,450.,50.));
#18191=CARTESIAN_POINT('',(350.,450.,48.0000007152557));
#18192=CARTESIAN_POINT('Origin',(250.,250.,48.0000007152557));
#18193=CARTESIAN_POINT('Origin',(50.,400.,50.));
#18194=CARTESIAN_POINT('',(100.,400.,48.0000007152557));
#18195=CARTESIAN_POINT('',(50.,400.,48.0000007152557));
#18196=CARTESIAN_POINT('',(150.,400.,48.0000007152557));
#18197=CARTESIAN_POINT('',(100.,400.,50.));
#18198=CARTESIAN_POINT('',(100.,400.,50.));
#18199=CARTESIAN_POINT('',(50.,400.,50.));
#18200=CARTESIAN_POINT('',(175.,400.,50.));
#18201=CARTESIAN_POINT('',(50.,400.,50.));
#18202=CARTESIAN_POINT('Origin',(100.,450.,50.));
#18203=CARTESIAN_POINT('',(100.,450.,48.0000007152557));
#18204=CARTESIAN_POINT('',(100.,350.,48.0000007152557));
#18205=CARTESIAN_POINT('',(100.,450.,50.));
#18206=CARTESIAN_POINT('',(100.,450.,50.));
#18207=CARTESIAN_POINT('',(100.,350.,50.));
#18208=CARTESIAN_POINT('Origin',(300.,250.,50.));
#18209=CARTESIAN_POINT('',(50.,450.,50.));
#18210=CARTESIAN_POINT('',(375.,450.,50.));
#18211=CARTESIAN_POINT('',(50.,350.,50.));
#18212=CARTESIAN_POINT('Origin',(50.,450.,50.));
#18213=CARTESIAN_POINT('',(50.,450.,48.0000007152557));
#18214=CARTESIAN_POINT('',(50.,350.,48.0000007152557));
#18215=CARTESIAN_POINT('',(50.,450.,50.));
#18216=CARTESIAN_POINT('Origin',(450.,450.,50.));
#18217=CARTESIAN_POINT('',(350.,450.,48.0000007152557));
#18218=CARTESIAN_POINT('Origin',(250.,250.,48.0000007152557));
#18219=CARTESIAN_POINT('Origin',(50.,400.,50.));
#18220=CARTESIAN_POINT('',(150.,400.,48.0000007152557));
#18221=CARTESIAN_POINT('',(100.,400.,48.0000007152557));
#18222=CARTESIAN_POINT('',(150.,400.,48.0000007152557));
#18223=CARTESIAN_POINT('',(150.,400.,50.));
#18224=CARTESIAN_POINT('',(150.,400.,50.));
#18225=CARTESIAN_POINT('',(100.,400.,50.));
#18226=CARTESIAN_POINT('',(175.,400.,50.));
#18227=CARTESIAN_POINT('',(100.,400.,50.));
#18228=CARTESIAN_POINT('Origin',(150.,450.,50.));
#18229=CARTESIAN_POINT('',(150.,450.,48.0000007152557));
#18230=CARTESIAN_POINT('',(150.,350.,48.0000007152557));
#18231=CARTESIAN_POINT('',(150.,450.,50.));
#18232=CARTESIAN_POINT('',(150.,450.,50.));
#18233=CARTESIAN_POINT('',(150.,350.,50.));
#18234=CARTESIAN_POINT('Origin',(300.,250.,50.));
#18235=CARTESIAN_POINT('',(100.,450.,50.));
#18236=CARTESIAN_POINT('',(375.,450.,50.));
#18237=CARTESIAN_POINT('',(100.,350.,50.));
#18238=CARTESIAN_POINT('Origin',(100.,450.,50.));
#18239=CARTESIAN_POINT('',(100.,450.,48.0000007152557));
#18240=CARTESIAN_POINT('',(100.,350.,48.0000007152557));
#18241=CARTESIAN_POINT('',(100.,450.,50.));
#18242=CARTESIAN_POINT('Origin',(450.,450.,50.));
#18243=CARTESIAN_POINT('',(350.,450.,48.0000007152557));
#18244=CARTESIAN_POINT('Origin',(250.,250.,48.0000007152557));
#18245=CARTESIAN_POINT('Origin',(300.,250.,50.));
#18246=CARTESIAN_POINT('',(100.,100.,50.));
#18247=CARTESIAN_POINT('',(50.,100.,50.));
#18248=CARTESIAN_POINT('',(175.,100.,50.));
#18249=CARTESIAN_POINT('',(50.,50.,50.));
#18250=CARTESIAN_POINT('',(50.,350.,50.));
#18251=CARTESIAN_POINT('',(100.,50.,50.));
#18252=CARTESIAN_POINT('',(175.,50.,50.));
#18253=CARTESIAN_POINT('',(100.,350.,50.));
#18254=CARTESIAN_POINT('Origin',(50.,50.,50.));
#18255=CARTESIAN_POINT('',(100.,50.,48.0000007152557));
#18256=CARTESIAN_POINT('',(50.,50.,48.0000007152557));
#18257=CARTESIAN_POINT('',(150.,50.,48.0000007152557));
#18258=CARTESIAN_POINT('',(100.,50.,50.));
#18259=CARTESIAN_POINT('',(50.,50.,50.));
#18260=CARTESIAN_POINT('Origin',(50.,450.,50.));
#18261=CARTESIAN_POINT('',(50.,100.,48.0000007152557));
#18262=CARTESIAN_POINT('',(50.,350.,48.0000007152557));
#18263=CARTESIAN_POINT('',(50.,100.,50.));
#18264=CARTESIAN_POINT('Origin',(50.,100.,50.));
#18265=CARTESIAN_POINT('',(100.,100.,48.0000007152557));
#18266=CARTESIAN_POINT('',(150.,100.,48.0000007152557));
#18267=CARTESIAN_POINT('',(100.,100.,50.));
#18268=CARTESIAN_POINT('Origin',(100.,450.,50.));
#18269=CARTESIAN_POINT('',(100.,350.,48.0000007152557));
#18270=CARTESIAN_POINT('Origin',(250.,250.,48.0000007152557));
#18271=CARTESIAN_POINT('Origin',(50.,150.,50.));
#18272=CARTESIAN_POINT('',(100.,150.,48.0000007152557));
#18273=CARTESIAN_POINT('',(50.,150.,48.0000007152557));
#18274=CARTESIAN_POINT('',(150.,150.,48.0000007152557));
#18275=CARTESIAN_POINT('',(100.,150.,50.));
#18276=CARTESIAN_POINT('',(100.,150.,50.));
#18277=CARTESIAN_POINT('',(50.,150.,50.));
#18278=CARTESIAN_POINT('',(175.,150.,50.));
#18279=CARTESIAN_POINT('',(50.,150.,50.));
#18280=CARTESIAN_POINT('Origin',(300.,250.,50.));
#18281=CARTESIAN_POINT('',(100.,200.,50.));
#18282=CARTESIAN_POINT('',(100.,350.,50.));
#18283=CARTESIAN_POINT('',(50.,200.,50.));
#18284=CARTESIAN_POINT('',(175.,200.,50.));
#18285=CARTESIAN_POINT('',(50.,350.,50.));
#18286=CARTESIAN_POINT('Origin',(100.,450.,50.));
#18287=CARTESIAN_POINT('',(100.,200.,48.0000007152557));
#18288=CARTESIAN_POINT('',(100.,350.,48.0000007152557));
#18289=CARTESIAN_POINT('',(100.,200.,50.));
#18290=CARTESIAN_POINT('Origin',(50.,450.,50.));
#18291=CARTESIAN_POINT('',(50.,200.,48.0000007152557));
#18292=CARTESIAN_POINT('',(50.,350.,48.0000007152557));
#18293=CARTESIAN_POINT('',(50.,200.,50.));
#18294=CARTESIAN_POINT('Origin',(50.,200.,50.));
#18295=CARTESIAN_POINT('',(150.,200.,48.0000007152557));
#18296=CARTESIAN_POINT('Origin',(250.,250.,48.0000007152557));
#18297=CARTESIAN_POINT('Origin',(50.,250.,50.));
#18298=CARTESIAN_POINT('',(100.,250.,48.0000007152557));
#18299=CARTESIAN_POINT('',(50.,250.,48.0000007152557));
#18300=CARTESIAN_POINT('',(150.,250.,48.0000007152557));
#18301=CARTESIAN_POINT('',(100.,250.,50.));
#18302=CARTESIAN_POINT('',(100.,250.,50.));
#18303=CARTESIAN_POINT('',(50.,250.,50.));
#18304=CARTESIAN_POINT('',(175.,250.,50.));
#18305=CARTESIAN_POINT('',(50.,250.,50.));
#18306=CARTESIAN_POINT('Origin',(100.,450.,50.));
#18307=CARTESIAN_POINT('',(100.,300.,48.0000007152557));
#18308=CARTESIAN_POINT('',(100.,350.,48.0000007152557));
#18309=CARTESIAN_POINT('',(100.,300.,50.));
#18310=CARTESIAN_POINT('',(100.,300.,50.));
#18311=CARTESIAN_POINT('',(100.,350.,50.));
#18312=CARTESIAN_POINT('Origin',(300.,250.,50.));
#18313=CARTESIAN_POINT('',(50.,300.,50.));
#18314=CARTESIAN_POINT('',(175.,300.,50.));
#18315=CARTESIAN_POINT('',(50.,350.,50.));
#18316=CARTESIAN_POINT('Origin',(50.,450.,50.));
#18317=CARTESIAN_POINT('',(50.,300.,48.0000007152557));
#18318=CARTESIAN_POINT('',(50.,350.,48.0000007152557));
#18319=CARTESIAN_POINT('',(50.,300.,50.));
#18320=CARTESIAN_POINT('Origin',(50.,300.,50.));
#18321=CARTESIAN_POINT('',(150.,300.,48.0000007152557));
#18322=CARTESIAN_POINT('Origin',(250.,250.,48.0000007152557));
#18323=CARTESIAN_POINT('Origin',(50.,450.,50.));
#18324=CARTESIAN_POINT('',(50.,350.,48.0000007152557));
#18325=CARTESIAN_POINT('',(50.,400.,48.0000007152557));
#18326=CARTESIAN_POINT('',(50.,350.,48.0000007152557));
#18327=CARTESIAN_POINT('',(50.,350.,50.));
#18328=CARTESIAN_POINT('',(50.,350.,50.));
#18329=CARTESIAN_POINT('',(50.,400.,50.));
#18330=CARTESIAN_POINT('',(50.,350.,50.));
#18331=CARTESIAN_POINT('',(50.,400.,50.));
#18332=CARTESIAN_POINT('Origin',(300.,250.,50.));
#18333=CARTESIAN_POINT('',(100.,350.,50.));
#18334=CARTESIAN_POINT('',(175.,350.,50.));
#18335=CARTESIAN_POINT('',(100.,400.,50.));
#18336=CARTESIAN_POINT('',(100.,350.,50.));
#18337=CARTESIAN_POINT('',(175.,400.,50.));
#18338=CARTESIAN_POINT('Origin',(50.,400.,50.));
#18339=CARTESIAN_POINT('',(100.,400.,48.0000007152557));
#18340=CARTESIAN_POINT('',(150.,400.,48.0000007152557));
#18341=CARTESIAN_POINT('',(100.,400.,50.));
#18342=CARTESIAN_POINT('Origin',(100.,450.,50.));
#18343=CARTESIAN_POINT('',(100.,350.,48.0000007152557));
#18344=CARTESIAN_POINT('',(100.,350.,48.0000007152557));
#18345=CARTESIAN_POINT('',(100.,350.,50.));
#18346=CARTESIAN_POINT('Origin',(50.,350.,50.));
#18347=CARTESIAN_POINT('',(150.,350.,48.0000007152557));
#18348=CARTESIAN_POINT('Origin',(250.,250.,48.0000007152557));
#18349=CARTESIAN_POINT('Origin',(50.,100.,50.));
#18350=CARTESIAN_POINT('',(100.,100.,48.0000007152557));
#18351=CARTESIAN_POINT('',(50.,100.,48.0000007152557));
#18352=CARTESIAN_POINT('',(150.,100.,48.0000007152557));
#18353=CARTESIAN_POINT('',(100.,100.,50.));
#18354=CARTESIAN_POINT('',(100.,100.,50.));
#18355=CARTESIAN_POINT('',(50.,100.,50.));
#18356=CARTESIAN_POINT('',(175.,100.,50.));
#18357=CARTESIAN_POINT('',(50.,100.,50.));
#18358=CARTESIAN_POINT('Origin',(300.,250.,50.));
#18359=CARTESIAN_POINT('',(100.,150.,50.));
#18360=CARTESIAN_POINT('',(50.,150.,50.));
#18361=CARTESIAN_POINT('',(175.,150.,50.));
#18362=CARTESIAN_POINT('',(50.,350.,50.));
#18363=CARTESIAN_POINT('',(100.,350.,50.));
#18364=CARTESIAN_POINT('Origin',(50.,450.,50.));
#18365=CARTESIAN_POINT('',(50.,150.,48.0000007152557));
#18366=CARTESIAN_POINT('',(50.,350.,48.0000007152557));
#18367=CARTESIAN_POINT('',(50.,150.,50.));
#18368=CARTESIAN_POINT('Origin',(50.,150.,50.));
#18369=CARTESIAN_POINT('',(100.,150.,48.0000007152557));
#18370=CARTESIAN_POINT('',(150.,150.,48.0000007152557));
#18371=CARTESIAN_POINT('',(100.,150.,50.));
#18372=CARTESIAN_POINT('Origin',(100.,450.,50.));
#18373=CARTESIAN_POINT('',(100.,350.,48.0000007152557));
#18374=CARTESIAN_POINT('Origin',(250.,250.,48.0000007152557));
#18375=CARTESIAN_POINT('Origin',(50.,200.,50.));
#18376=CARTESIAN_POINT('',(100.,200.,48.0000007152557));
#18377=CARTESIAN_POINT('',(50.,200.,48.0000007152557));
#18378=CARTESIAN_POINT('',(150.,200.,48.0000007152557));
#18379=CARTESIAN_POINT('',(100.,200.,50.));
#18380=CARTESIAN_POINT('',(100.,200.,50.));
#18381=CARTESIAN_POINT('',(50.,200.,50.));
#18382=CARTESIAN_POINT('',(175.,200.,50.));
#18383=CARTESIAN_POINT('',(50.,200.,50.));
#18384=CARTESIAN_POINT('Origin',(50.,450.,50.));
#18385=CARTESIAN_POINT('',(50.,250.,48.0000007152557));
#18386=CARTESIAN_POINT('',(50.,350.,48.0000007152557));
#18387=CARTESIAN_POINT('',(50.,250.,50.));
#18388=CARTESIAN_POINT('',(50.,350.,50.));
#18389=CARTESIAN_POINT('',(50.,250.,50.));
#18390=CARTESIAN_POINT('Origin',(300.,250.,50.));
#18391=CARTESIAN_POINT('',(100.,250.,50.));
#18392=CARTESIAN_POINT('',(175.,250.,50.));
#18393=CARTESIAN_POINT('',(100.,350.,50.));
#18394=CARTESIAN_POINT('Origin',(50.,250.,50.));
#18395=CARTESIAN_POINT('',(100.,250.,48.0000007152557));
#18396=CARTESIAN_POINT('',(150.,250.,48.0000007152557));
#18397=CARTESIAN_POINT('',(100.,250.,50.));
#18398=CARTESIAN_POINT('Origin',(100.,450.,50.));
#18399=CARTESIAN_POINT('',(100.,350.,48.0000007152557));
#18400=CARTESIAN_POINT('Origin',(250.,250.,48.0000007152557));
#18401=CARTESIAN_POINT('Origin',(50.,300.,50.));
#18402=CARTESIAN_POINT('',(100.,300.,48.0000007152557));
#18403=CARTESIAN_POINT('',(50.,300.,48.0000007152557));
#18404=CARTESIAN_POINT('',(150.,300.,48.0000007152557));
#18405=CARTESIAN_POINT('',(100.,300.,50.));
#18406=CARTESIAN_POINT('',(100.,300.,50.));
#18407=CARTESIAN_POINT('',(50.,300.,50.));
#18408=CARTESIAN_POINT('',(175.,300.,50.));
#18409=CARTESIAN_POINT('',(50.,300.,50.));
#18410=CARTESIAN_POINT('Origin',(50.,450.,50.));
#18411=CARTESIAN_POINT('',(50.,350.,48.0000007152557));
#18412=CARTESIAN_POINT('',(50.,350.,48.0000007152557));
#18413=CARTESIAN_POINT('',(50.,350.,50.));
#18414=CARTESIAN_POINT('',(50.,350.,50.));
#18415=CARTESIAN_POINT('',(50.,350.,50.));
#18416=CARTESIAN_POINT('Origin',(300.,250.,50.));
#18417=CARTESIAN_POINT('',(100.,350.,50.));
#18418=CARTESIAN_POINT('',(175.,350.,50.));
#18419=CARTESIAN_POINT('',(100.,350.,50.));
#18420=CARTESIAN_POINT('Origin',(50.,350.,50.));
#18421=CARTESIAN_POINT('',(100.,350.,48.0000007152557));
#18422=CARTESIAN_POINT('',(150.,350.,48.0000007152557));
#18423=CARTESIAN_POINT('',(100.,350.,50.));
#18424=CARTESIAN_POINT('Origin',(100.,450.,50.));
#18425=CARTESIAN_POINT('',(100.,350.,48.0000007152557));
#18426=CARTESIAN_POINT('Origin',(250.,250.,48.0000007152557));
#18427=CARTESIAN_POINT('Origin',(300.,250.,50.));
#18428=CARTESIAN_POINT('',(150.,100.,50.));
#18429=CARTESIAN_POINT('',(100.,100.,50.));
#18430=CARTESIAN_POINT('',(175.,100.,50.));
#18431=CARTESIAN_POINT('',(100.,50.,50.));
#18432=CARTESIAN_POINT('',(100.,350.,50.));
#18433=CARTESIAN_POINT('',(150.,50.,50.));
#18434=CARTESIAN_POINT('',(175.,50.,50.));
#18435=CARTESIAN_POINT('',(150.,350.,50.));
#18436=CARTESIAN_POINT('Origin',(50.,50.,50.));
#18437=CARTESIAN_POINT('',(150.,50.,48.0000007152557));
#18438=CARTESIAN_POINT('',(100.,50.,48.0000007152557));
#18439=CARTESIAN_POINT('',(150.,50.,48.0000007152557));
#18440=CARTESIAN_POINT('',(150.,50.,50.));
#18441=CARTESIAN_POINT('',(100.,50.,50.));
#18442=CARTESIAN_POINT('Origin',(100.,450.,50.));
#18443=CARTESIAN_POINT('',(100.,100.,48.0000007152557));
#18444=CARTESIAN_POINT('',(100.,350.,48.0000007152557));
#18445=CARTESIAN_POINT('',(100.,100.,50.));
#18446=CARTESIAN_POINT('Origin',(50.,100.,50.));
#18447=CARTESIAN_POINT('',(150.,100.,48.0000007152557));
#18448=CARTESIAN_POINT('',(150.,100.,48.0000007152557));
#18449=CARTESIAN_POINT('',(150.,100.,50.));
#18450=CARTESIAN_POINT('Origin',(150.,450.,50.));
#18451=CARTESIAN_POINT('',(150.,350.,48.0000007152557));
#18452=CARTESIAN_POINT('Origin',(250.,250.,48.0000007152557));
#18453=CARTESIAN_POINT('Origin',(50.,150.,50.));
#18454=CARTESIAN_POINT('',(150.,150.,48.0000007152557));
#18455=CARTESIAN_POINT('',(100.,150.,48.0000007152557));
#18456=CARTESIAN_POINT('',(150.,150.,48.0000007152557));
#18457=CARTESIAN_POINT('',(150.,150.,50.));
#18458=CARTESIAN_POINT('',(150.,150.,50.));
#18459=CARTESIAN_POINT('',(100.,150.,50.));
#18460=CARTESIAN_POINT('',(175.,150.,50.));
#18461=CARTESIAN_POINT('',(100.,150.,50.));
#18462=CARTESIAN_POINT('Origin',(300.,250.,50.));
#18463=CARTESIAN_POINT('',(150.,200.,50.));
#18464=CARTESIAN_POINT('',(150.,350.,50.));
#18465=CARTESIAN_POINT('',(100.,200.,50.));
#18466=CARTESIAN_POINT('',(175.,200.,50.));
#18467=CARTESIAN_POINT('',(100.,350.,50.));
#18468=CARTESIAN_POINT('Origin',(150.,450.,50.));
#18469=CARTESIAN_POINT('',(150.,200.,48.0000007152557));
#18470=CARTESIAN_POINT('',(150.,350.,48.0000007152557));
#18471=CARTESIAN_POINT('',(150.,200.,50.));
#18472=CARTESIAN_POINT('Origin',(100.,450.,50.));
#18473=CARTESIAN_POINT('',(100.,200.,48.0000007152557));
#18474=CARTESIAN_POINT('',(100.,350.,48.0000007152557));
#18475=CARTESIAN_POINT('',(100.,200.,50.));
#18476=CARTESIAN_POINT('Origin',(50.,200.,50.));
#18477=CARTESIAN_POINT('',(150.,200.,48.0000007152557));
#18478=CARTESIAN_POINT('Origin',(250.,250.,48.0000007152557));
#18479=CARTESIAN_POINT('Origin',(50.,250.,50.));
#18480=CARTESIAN_POINT('',(150.,250.,48.0000007152557));
#18481=CARTESIAN_POINT('',(100.,250.,48.0000007152557));
#18482=CARTESIAN_POINT('',(150.,250.,48.0000007152557));
#18483=CARTESIAN_POINT('',(150.,250.,50.));
#18484=CARTESIAN_POINT('',(150.,250.,50.));
#18485=CARTESIAN_POINT('',(100.,250.,50.));
#18486=CARTESIAN_POINT('',(175.,250.,50.));
#18487=CARTESIAN_POINT('',(100.,250.,50.));
#18488=CARTESIAN_POINT('Origin',(150.,450.,50.));
#18489=CARTESIAN_POINT('',(150.,300.,48.0000007152557));
#18490=CARTESIAN_POINT('',(150.,350.,48.0000007152557));
#18491=CARTESIAN_POINT('',(150.,300.,50.));
#18492=CARTESIAN_POINT('',(150.,300.,50.));
#18493=CARTESIAN_POINT('',(150.,350.,50.));
#18494=CARTESIAN_POINT('Origin',(300.,250.,50.));
#18495=CARTESIAN_POINT('',(100.,300.,50.));
#18496=CARTESIAN_POINT('',(175.,300.,50.));
#18497=CARTESIAN_POINT('',(100.,350.,50.));
#18498=CARTESIAN_POINT('Origin',(100.,450.,50.));
#18499=CARTESIAN_POINT('',(100.,300.,48.0000007152557));
#18500=CARTESIAN_POINT('',(100.,350.,48.0000007152557));
#18501=CARTESIAN_POINT('',(100.,300.,50.));
#18502=CARTESIAN_POINT('Origin',(50.,300.,50.));
#18503=CARTESIAN_POINT('',(150.,300.,48.0000007152557));
#18504=CARTESIAN_POINT('Origin',(250.,250.,48.0000007152557));
#18505=CARTESIAN_POINT('Origin',(100.,450.,50.));
#18506=CARTESIAN_POINT('',(100.,350.,48.0000007152557));
#18507=CARTESIAN_POINT('',(100.,400.,48.0000007152557));
#18508=CARTESIAN_POINT('',(100.,350.,48.0000007152557));
#18509=CARTESIAN_POINT('',(100.,350.,50.));
#18510=CARTESIAN_POINT('',(100.,350.,50.));
#18511=CARTESIAN_POINT('',(100.,400.,50.));
#18512=CARTESIAN_POINT('',(100.,350.,50.));
#18513=CARTESIAN_POINT('',(100.,400.,50.));
#18514=CARTESIAN_POINT('Origin',(300.,250.,50.));
#18515=CARTESIAN_POINT('',(150.,350.,50.));
#18516=CARTESIAN_POINT('',(175.,350.,50.));
#18517=CARTESIAN_POINT('',(150.,400.,50.));
#18518=CARTESIAN_POINT('',(150.,350.,50.));
#18519=CARTESIAN_POINT('',(175.,400.,50.));
#18520=CARTESIAN_POINT('Origin',(50.,400.,50.));
#18521=CARTESIAN_POINT('',(150.,400.,48.0000007152557));
#18522=CARTESIAN_POINT('',(150.,400.,48.0000007152557));
#18523=CARTESIAN_POINT('',(150.,400.,50.));
#18524=CARTESIAN_POINT('Origin',(150.,450.,50.));
#18525=CARTESIAN_POINT('',(150.,350.,48.0000007152557));
#18526=CARTESIAN_POINT('',(150.,350.,48.0000007152557));
#18527=CARTESIAN_POINT('',(150.,350.,50.));
#18528=CARTESIAN_POINT('Origin',(50.,350.,50.));
#18529=CARTESIAN_POINT('',(150.,350.,48.0000007152557));
#18530=CARTESIAN_POINT('Origin',(250.,250.,48.0000007152557));
#18531=CARTESIAN_POINT('Origin',(50.,100.,50.));
#18532=CARTESIAN_POINT('',(150.,100.,48.0000007152557));
#18533=CARTESIAN_POINT('',(100.,100.,48.0000007152557));
#18534=CARTESIAN_POINT('',(150.,100.,48.0000007152557));
#18535=CARTESIAN_POINT('',(150.,100.,50.));
#18536=CARTESIAN_POINT('',(150.,100.,50.));
#18537=CARTESIAN_POINT('',(100.,100.,50.));
#18538=CARTESIAN_POINT('',(175.,100.,50.));
#18539=CARTESIAN_POINT('',(100.,100.,50.));
#18540=CARTESIAN_POINT('Origin',(300.,250.,50.));
#18541=CARTESIAN_POINT('',(150.,150.,50.));
#18542=CARTESIAN_POINT('',(100.,150.,50.));
#18543=CARTESIAN_POINT('',(175.,150.,50.));
#18544=CARTESIAN_POINT('',(100.,350.,50.));
#18545=CARTESIAN_POINT('',(150.,350.,50.));
#18546=CARTESIAN_POINT('Origin',(100.,450.,50.));
#18547=CARTESIAN_POINT('',(100.,150.,48.0000007152557));
#18548=CARTESIAN_POINT('',(100.,350.,48.0000007152557));
#18549=CARTESIAN_POINT('',(100.,150.,50.));
#18550=CARTESIAN_POINT('Origin',(50.,150.,50.));
#18551=CARTESIAN_POINT('',(150.,150.,48.0000007152557));
#18552=CARTESIAN_POINT('',(150.,150.,48.0000007152557));
#18553=CARTESIAN_POINT('',(150.,150.,50.));
#18554=CARTESIAN_POINT('Origin',(150.,450.,50.));
#18555=CARTESIAN_POINT('',(150.,350.,48.0000007152557));
#18556=CARTESIAN_POINT('Origin',(250.,250.,48.0000007152557));
#18557=CARTESIAN_POINT('Origin',(50.,200.,50.));
#18558=CARTESIAN_POINT('',(150.,200.,48.0000007152557));
#18559=CARTESIAN_POINT('',(100.,200.,48.0000007152557));
#18560=CARTESIAN_POINT('',(150.,200.,48.0000007152557));
#18561=CARTESIAN_POINT('',(150.,200.,50.));
#18562=CARTESIAN_POINT('',(150.,200.,50.));
#18563=CARTESIAN_POINT('',(100.,200.,50.));
#18564=CARTESIAN_POINT('',(175.,200.,50.));
#18565=CARTESIAN_POINT('',(100.,200.,50.));
#18566=CARTESIAN_POINT('Origin',(100.,450.,50.));
#18567=CARTESIAN_POINT('',(100.,250.,48.0000007152557));
#18568=CARTESIAN_POINT('',(100.,350.,48.0000007152557));
#18569=CARTESIAN_POINT('',(100.,250.,50.));
#18570=CARTESIAN_POINT('',(100.,350.,50.));
#18571=CARTESIAN_POINT('',(100.,250.,50.));
#18572=CARTESIAN_POINT('Origin',(300.,250.,50.));
#18573=CARTESIAN_POINT('',(150.,250.,50.));
#18574=CARTESIAN_POINT('',(175.,250.,50.));
#18575=CARTESIAN_POINT('',(150.,350.,50.));
#18576=CARTESIAN_POINT('Origin',(50.,250.,50.));
#18577=CARTESIAN_POINT('',(150.,250.,48.0000007152557));
#18578=CARTESIAN_POINT('',(150.,250.,48.0000007152557));
#18579=CARTESIAN_POINT('',(150.,250.,50.));
#18580=CARTESIAN_POINT('Origin',(150.,450.,50.));
#18581=CARTESIAN_POINT('',(150.,350.,48.0000007152557));
#18582=CARTESIAN_POINT('Origin',(250.,250.,48.0000007152557));
#18583=CARTESIAN_POINT('Origin',(50.,300.,50.));
#18584=CARTESIAN_POINT('',(150.,300.,48.0000007152557));
#18585=CARTESIAN_POINT('',(100.,300.,48.0000007152557));
#18586=CARTESIAN_POINT('',(150.,300.,48.0000007152557));
#18587=CARTESIAN_POINT('',(150.,300.,50.));
#18588=CARTESIAN_POINT('',(150.,300.,50.));
#18589=CARTESIAN_POINT('',(100.,300.,50.));
#18590=CARTESIAN_POINT('',(175.,300.,50.));
#18591=CARTESIAN_POINT('',(100.,300.,50.));
#18592=CARTESIAN_POINT('Origin',(100.,450.,50.));
#18593=CARTESIAN_POINT('',(100.,350.,48.0000007152557));
#18594=CARTESIAN_POINT('',(100.,350.,48.0000007152557));
#18595=CARTESIAN_POINT('',(100.,350.,50.));
#18596=CARTESIAN_POINT('',(100.,350.,50.));
#18597=CARTESIAN_POINT('',(100.,350.,50.));
#18598=CARTESIAN_POINT('Origin',(300.,250.,50.));
#18599=CARTESIAN_POINT('',(150.,350.,50.));
#18600=CARTESIAN_POINT('',(175.,350.,50.));
#18601=CARTESIAN_POINT('',(150.,350.,50.));
#18602=CARTESIAN_POINT('Origin',(50.,350.,50.));
#18603=CARTESIAN_POINT('',(150.,350.,48.0000007152557));
#18604=CARTESIAN_POINT('',(150.,350.,48.0000007152557));
#18605=CARTESIAN_POINT('',(150.,350.,50.));
#18606=CARTESIAN_POINT('Origin',(150.,450.,50.));
#18607=CARTESIAN_POINT('',(150.,350.,48.0000007152557));
#18608=CARTESIAN_POINT('Origin',(250.,250.,48.0000007152557));
#18609=CARTESIAN_POINT('Origin',(150.,450.,50.));
#18610=CARTESIAN_POINT('',(150.,100.,48.0000007152557));
#18611=CARTESIAN_POINT('',(150.,150.,48.0000007152557));
#18612=CARTESIAN_POINT('',(150.,350.,48.0000007152557));
#18613=CARTESIAN_POINT('',(150.,100.,50.));
#18614=CARTESIAN_POINT('',(150.,100.,50.));
#18615=CARTESIAN_POINT('',(150.,150.,50.));
#18616=CARTESIAN_POINT('',(150.,350.,50.));
#18617=CARTESIAN_POINT('',(150.,150.,50.));
#18618=CARTESIAN_POINT('Origin',(300.,250.,50.));
#18619=CARTESIAN_POINT('',(200.,100.,50.));
#18620=CARTESIAN_POINT('',(175.,100.,50.));
#18621=CARTESIAN_POINT('',(200.,150.,50.));
#18622=CARTESIAN_POINT('',(200.,350.,50.));
#18623=CARTESIAN_POINT('',(175.,150.,50.));
#18624=CARTESIAN_POINT('Origin',(50.,150.,50.));
#18625=CARTESIAN_POINT('',(200.,150.,48.0000007152557));
#18626=CARTESIAN_POINT('',(150.,150.,48.0000007152557));
#18627=CARTESIAN_POINT('',(200.,150.,50.));
#18628=CARTESIAN_POINT('Origin',(200.,450.,50.));
#18629=CARTESIAN_POINT('',(200.,100.,48.0000007152557));
#18630=CARTESIAN_POINT('',(200.,350.,48.0000007152557));
#18631=CARTESIAN_POINT('',(200.,100.,50.));
#18632=CARTESIAN_POINT('Origin',(50.,100.,50.));
#18633=CARTESIAN_POINT('',(150.,100.,48.0000007152557));
#18634=CARTESIAN_POINT('Origin',(250.,250.,48.0000007152557));
#18635=CARTESIAN_POINT('Origin',(50.,200.,50.));
#18636=CARTESIAN_POINT('',(200.,200.,48.0000007152557));
#18637=CARTESIAN_POINT('',(150.,200.,48.0000007152557));
#18638=CARTESIAN_POINT('',(150.,200.,48.0000007152557));
#18639=CARTESIAN_POINT('',(200.,200.,50.));
#18640=CARTESIAN_POINT('',(200.,200.,50.));
#18641=CARTESIAN_POINT('',(150.,200.,50.));
#18642=CARTESIAN_POINT('',(175.,200.,50.));
#18643=CARTESIAN_POINT('',(150.,200.,50.));
#18644=CARTESIAN_POINT('Origin',(300.,250.,50.));
#18645=CARTESIAN_POINT('',(200.,250.,50.));
#18646=CARTESIAN_POINT('',(200.,350.,50.));
#18647=CARTESIAN_POINT('',(150.,250.,50.));
#18648=CARTESIAN_POINT('',(175.,250.,50.));
#18649=CARTESIAN_POINT('',(150.,350.,50.));
#18650=CARTESIAN_POINT('Origin',(200.,450.,50.));
#18651=CARTESIAN_POINT('',(200.,250.,48.0000007152557));
#18652=CARTESIAN_POINT('',(200.,350.,48.0000007152557));
#18653=CARTESIAN_POINT('',(200.,250.,50.));
#18654=CARTESIAN_POINT('Origin',(150.,450.,50.));
#18655=CARTESIAN_POINT('',(150.,250.,48.0000007152557));
#18656=CARTESIAN_POINT('',(150.,350.,48.0000007152557));
#18657=CARTESIAN_POINT('',(150.,250.,50.));
#18658=CARTESIAN_POINT('Origin',(50.,250.,50.));
#18659=CARTESIAN_POINT('',(150.,250.,48.0000007152557));
#18660=CARTESIAN_POINT('Origin',(250.,250.,48.0000007152557));
#18661=CARTESIAN_POINT('Origin',(50.,250.,50.));
#18662=CARTESIAN_POINT('',(200.,250.,48.0000007152557));
#18663=CARTESIAN_POINT('',(150.,250.,48.0000007152557));
#18664=CARTESIAN_POINT('',(150.,250.,48.0000007152557));
#18665=CARTESIAN_POINT('',(200.,250.,50.));
#18666=CARTESIAN_POINT('',(200.,250.,50.));
#18667=CARTESIAN_POINT('',(150.,250.,50.));
#18668=CARTESIAN_POINT('',(175.,250.,50.));
#18669=CARTESIAN_POINT('',(150.,250.,50.));
#18670=CARTESIAN_POINT('Origin',(300.,250.,50.));
#18671=CARTESIAN_POINT('',(200.,300.,50.));
#18672=CARTESIAN_POINT('',(150.,300.,50.));
#18673=CARTESIAN_POINT('',(175.,300.,50.));
#18674=CARTESIAN_POINT('',(150.,350.,50.));
#18675=CARTESIAN_POINT('',(200.,350.,50.));
#18676=CARTESIAN_POINT('Origin',(150.,450.,50.));
#18677=CARTESIAN_POINT('',(150.,300.,48.0000007152557));
#18678=CARTESIAN_POINT('',(150.,350.,48.0000007152557));
#18679=CARTESIAN_POINT('',(150.,300.,50.));
#18680=CARTESIAN_POINT('Origin',(50.,300.,50.));
#18681=CARTESIAN_POINT('',(200.,300.,48.0000007152557));
#18682=CARTESIAN_POINT('',(150.,300.,48.0000007152557));
#18683=CARTESIAN_POINT('',(200.,300.,50.));
#18684=CARTESIAN_POINT('Origin',(200.,450.,50.));
#18685=CARTESIAN_POINT('',(200.,350.,48.0000007152557));
#18686=CARTESIAN_POINT('Origin',(250.,250.,48.0000007152557));
#18687=CARTESIAN_POINT('Origin',(150.,450.,50.));
#18688=CARTESIAN_POINT('',(150.,350.,48.0000007152557));
#18689=CARTESIAN_POINT('',(150.,400.,48.0000007152557));
#18690=CARTESIAN_POINT('',(150.,350.,48.0000007152557));
#18691=CARTESIAN_POINT('',(150.,350.,50.));
#18692=CARTESIAN_POINT('',(150.,350.,50.));
#18693=CARTESIAN_POINT('',(150.,400.,50.));
#18694=CARTESIAN_POINT('',(150.,350.,50.));
#18695=CARTESIAN_POINT('',(150.,400.,50.));
#18696=CARTESIAN_POINT('Origin',(300.,250.,50.));
#18697=CARTESIAN_POINT('',(200.,350.,50.));
#18698=CARTESIAN_POINT('',(175.,350.,50.));
#18699=CARTESIAN_POINT('',(200.,400.,50.));
#18700=CARTESIAN_POINT('',(200.,350.,50.));
#18701=CARTESIAN_POINT('',(175.,400.,50.));
#18702=CARTESIAN_POINT('Origin',(50.,400.,50.));
#18703=CARTESIAN_POINT('',(200.,400.,48.0000007152557));
#18704=CARTESIAN_POINT('',(150.,400.,48.0000007152557));
#18705=CARTESIAN_POINT('',(200.,400.,50.));
#18706=CARTESIAN_POINT('Origin',(200.,450.,50.));
#18707=CARTESIAN_POINT('',(200.,350.,48.0000007152557));
#18708=CARTESIAN_POINT('',(200.,350.,48.0000007152557));
#18709=CARTESIAN_POINT('',(200.,350.,50.));
#18710=CARTESIAN_POINT('Origin',(50.,350.,50.));
#18711=CARTESIAN_POINT('',(150.,350.,48.0000007152557));
#18712=CARTESIAN_POINT('Origin',(250.,250.,48.0000007152557));
#18713=CARTESIAN_POINT('Origin',(50.,50.,50.));
#18714=CARTESIAN_POINT('',(200.,50.,48.0000007152557));
#18715=CARTESIAN_POINT('',(150.,50.,48.0000007152557));
#18716=CARTESIAN_POINT('',(150.,50.,48.0000007152557));
#18717=CARTESIAN_POINT('',(200.,50.,50.));
#18718=CARTESIAN_POINT('',(200.,50.,50.));
#18719=CARTESIAN_POINT('',(150.,50.,50.));
#18720=CARTESIAN_POINT('',(175.,50.,50.));
#18721=CARTESIAN_POINT('',(150.,50.,50.));
#18722=CARTESIAN_POINT('Origin',(150.,450.,50.));
#18723=CARTESIAN_POINT('',(150.,100.,48.0000007152557));
#18724=CARTESIAN_POINT('',(150.,350.,48.0000007152557));
#18725=CARTESIAN_POINT('',(150.,100.,50.));
#18726=CARTESIAN_POINT('',(150.,350.,50.));
#18727=CARTESIAN_POINT('',(150.,100.,50.));
#18728=CARTESIAN_POINT('Origin',(300.,250.,50.));
#18729=CARTESIAN_POINT('',(200.,100.,50.));
#18730=CARTESIAN_POINT('',(175.,100.,50.));
#18731=CARTESIAN_POINT('',(200.,350.,50.));
#18732=CARTESIAN_POINT('Origin',(50.,100.,50.));
#18733=CARTESIAN_POINT('',(200.,100.,48.0000007152557));
#18734=CARTESIAN_POINT('',(150.,100.,48.0000007152557));
#18735=CARTESIAN_POINT('',(200.,100.,50.));
#18736=CARTESIAN_POINT('Origin',(200.,450.,50.));
#18737=CARTESIAN_POINT('',(200.,350.,48.0000007152557));
#18738=CARTESIAN_POINT('Origin',(250.,250.,48.0000007152557));
#18739=CARTESIAN_POINT('Origin',(50.,150.,50.));
#18740=CARTESIAN_POINT('',(200.,150.,48.0000007152557));
#18741=CARTESIAN_POINT('',(150.,150.,48.0000007152557));
#18742=CARTESIAN_POINT('',(150.,150.,48.0000007152557));
#18743=CARTESIAN_POINT('',(200.,150.,50.));
#18744=CARTESIAN_POINT('',(200.,150.,50.));
#18745=CARTESIAN_POINT('',(150.,150.,50.));
#18746=CARTESIAN_POINT('',(175.,150.,50.));
#18747=CARTESIAN_POINT('',(150.,150.,50.));
#18748=CARTESIAN_POINT('Origin',(300.,250.,50.));
#18749=CARTESIAN_POINT('',(200.,200.,50.));
#18750=CARTESIAN_POINT('',(150.,200.,50.));
#18751=CARTESIAN_POINT('',(175.,200.,50.));
#18752=CARTESIAN_POINT('',(150.,350.,50.));
#18753=CARTESIAN_POINT('',(200.,350.,50.));
#18754=CARTESIAN_POINT('Origin',(150.,450.,50.));
#18755=CARTESIAN_POINT('',(150.,200.,48.0000007152557));
#18756=CARTESIAN_POINT('',(150.,350.,48.0000007152557));
#18757=CARTESIAN_POINT('',(150.,200.,50.));
#18758=CARTESIAN_POINT('Origin',(50.,200.,50.));
#18759=CARTESIAN_POINT('',(200.,200.,48.0000007152557));
#18760=CARTESIAN_POINT('',(150.,200.,48.0000007152557));
#18761=CARTESIAN_POINT('',(200.,200.,50.));
#18762=CARTESIAN_POINT('Origin',(200.,450.,50.));
#18763=CARTESIAN_POINT('',(200.,350.,48.0000007152557));
#18764=CARTESIAN_POINT('Origin',(250.,250.,48.0000007152557));
#18765=CARTESIAN_POINT('Origin',(50.,300.,50.));
#18766=CARTESIAN_POINT('',(200.,300.,48.0000007152557));
#18767=CARTESIAN_POINT('',(150.,300.,48.0000007152557));
#18768=CARTESIAN_POINT('',(150.,300.,48.0000007152557));
#18769=CARTESIAN_POINT('',(200.,300.,50.));
#18770=CARTESIAN_POINT('',(200.,300.,50.));
#18771=CARTESIAN_POINT('',(150.,300.,50.));
#18772=CARTESIAN_POINT('',(175.,300.,50.));
#18773=CARTESIAN_POINT('',(150.,300.,50.));
#18774=CARTESIAN_POINT('Origin',(150.,450.,50.));
#18775=CARTESIAN_POINT('',(150.,350.,48.0000007152557));
#18776=CARTESIAN_POINT('',(150.,350.,48.0000007152557));
#18777=CARTESIAN_POINT('',(150.,350.,50.));
#18778=CARTESIAN_POINT('',(150.,350.,50.));
#18779=CARTESIAN_POINT('',(150.,350.,50.));
#18780=CARTESIAN_POINT('Origin',(300.,250.,50.));
#18781=CARTESIAN_POINT('',(200.,350.,50.));
#18782=CARTESIAN_POINT('',(175.,350.,50.));
#18783=CARTESIAN_POINT('',(200.,350.,50.));
#18784=CARTESIAN_POINT('Origin',(50.,350.,50.));
#18785=CARTESIAN_POINT('',(200.,350.,48.0000007152557));
#18786=CARTESIAN_POINT('',(150.,350.,48.0000007152557));
#18787=CARTESIAN_POINT('',(200.,350.,50.));
#18788=CARTESIAN_POINT('Origin',(200.,450.,50.));
#18789=CARTESIAN_POINT('',(200.,350.,48.0000007152557));
#18790=CARTESIAN_POINT('Origin',(250.,250.,48.0000007152557));
#18791=CARTESIAN_POINT('Origin',(50.,50.,50.));
#18792=CARTESIAN_POINT('',(450.,50.,48.0000007152557));
#18793=CARTESIAN_POINT('',(400.,50.,48.0000007152557));
#18794=CARTESIAN_POINT('',(150.,50.,48.0000007152557));
#18795=CARTESIAN_POINT('',(450.,50.,50.));
#18796=CARTESIAN_POINT('',(450.,50.,50.));
#18797=CARTESIAN_POINT('',(400.,50.,50.));
#18798=CARTESIAN_POINT('',(175.,50.,50.));
#18799=CARTESIAN_POINT('',(400.,50.,50.));
#18800=CARTESIAN_POINT('Origin',(400.,450.,50.));
#18801=CARTESIAN_POINT('',(400.,100.,48.0000007152557));
#18802=CARTESIAN_POINT('',(400.,350.,48.0000007152557));
#18803=CARTESIAN_POINT('',(400.,100.,50.));
#18804=CARTESIAN_POINT('',(400.,350.,50.));
#18805=CARTESIAN_POINT('',(400.,100.,50.));
#18806=CARTESIAN_POINT('Origin',(300.,250.,50.));
#18807=CARTESIAN_POINT('',(450.,100.,50.));
#18808=CARTESIAN_POINT('',(175.,100.,50.));
#18809=CARTESIAN_POINT('',(450.,150.,50.));
#18810=CARTESIAN_POINT('Origin',(50.,100.,50.));
#18811=CARTESIAN_POINT('',(450.,100.,48.0000007152557));
#18812=CARTESIAN_POINT('',(150.,100.,48.0000007152557));
#18813=CARTESIAN_POINT('',(450.,100.,50.));
#18814=CARTESIAN_POINT('Origin',(450.,50.,50.));
#18815=CARTESIAN_POINT('',(450.,150.,48.0000007152557));
#18816=CARTESIAN_POINT('Origin',(250.,250.,48.0000007152557));
#18817=CARTESIAN_POINT('Origin',(50.,150.,50.));
#18818=CARTESIAN_POINT('',(450.,150.,48.0000007152557));
#18819=CARTESIAN_POINT('',(400.,150.,48.0000007152557));
#18820=CARTESIAN_POINT('',(150.,150.,48.0000007152557));
#18821=CARTESIAN_POINT('',(450.,150.,50.));
#18822=CARTESIAN_POINT('',(450.,150.,50.));
#18823=CARTESIAN_POINT('',(400.,150.,50.));
#18824=CARTESIAN_POINT('',(175.,150.,50.));
#18825=CARTESIAN_POINT('',(400.,150.,50.));
#18826=CARTESIAN_POINT('Origin',(300.,250.,50.));
#18827=CARTESIAN_POINT('',(450.,200.,50.));
#18828=CARTESIAN_POINT('',(450.,150.,50.));
#18829=CARTESIAN_POINT('',(400.,200.,50.));
#18830=CARTESIAN_POINT('',(175.,200.,50.));
#18831=CARTESIAN_POINT('',(400.,350.,50.));
#18832=CARTESIAN_POINT('Origin',(450.,50.,50.));
#18833=CARTESIAN_POINT('',(450.,200.,48.0000007152557));
#18834=CARTESIAN_POINT('',(450.,150.,48.0000007152557));
#18835=CARTESIAN_POINT('',(450.,200.,50.));
#18836=CARTESIAN_POINT('Origin',(400.,450.,50.));
#18837=CARTESIAN_POINT('',(400.,200.,48.0000007152557));
#18838=CARTESIAN_POINT('',(400.,350.,48.0000007152557));
#18839=CARTESIAN_POINT('',(400.,200.,50.));
#18840=CARTESIAN_POINT('Origin',(50.,200.,50.));
#18841=CARTESIAN_POINT('',(150.,200.,48.0000007152557));
#18842=CARTESIAN_POINT('Origin',(250.,250.,48.0000007152557));
#18843=CARTESIAN_POINT('Origin',(400.,450.,50.));
#18844=CARTESIAN_POINT('',(400.,250.,48.0000007152557));
#18845=CARTESIAN_POINT('',(400.,300.,48.0000007152557));
#18846=CARTESIAN_POINT('',(400.,350.,48.0000007152557));
#18847=CARTESIAN_POINT('',(400.,250.,50.));
#18848=CARTESIAN_POINT('',(400.,250.,50.));
#18849=CARTESIAN_POINT('',(400.,300.,50.));
#18850=CARTESIAN_POINT('',(400.,350.,50.));
#18851=CARTESIAN_POINT('',(400.,300.,50.));
#18852=CARTESIAN_POINT('Origin',(50.,300.,50.));
#18853=CARTESIAN_POINT('',(450.,300.,48.0000007152557));
#18854=CARTESIAN_POINT('',(150.,300.,48.0000007152557));
#18855=CARTESIAN_POINT('',(450.,300.,50.));
#18856=CARTESIAN_POINT('',(175.,300.,50.));
#18857=CARTESIAN_POINT('',(450.,300.,50.));
#18858=CARTESIAN_POINT('Origin',(300.,250.,50.));
#18859=CARTESIAN_POINT('',(450.,250.,50.));
#18860=CARTESIAN_POINT('',(175.,250.,50.));
#18861=CARTESIAN_POINT('',(450.,150.,50.));
#18862=CARTESIAN_POINT('Origin',(450.,50.,50.));
#18863=CARTESIAN_POINT('',(450.,250.,48.0000007152557));
#18864=CARTESIAN_POINT('',(450.,150.,48.0000007152557));
#18865=CARTESIAN_POINT('',(450.,250.,50.));
#18866=CARTESIAN_POINT('Origin',(50.,250.,50.));
#18867=CARTESIAN_POINT('',(150.,250.,48.0000007152557));
#18868=CARTESIAN_POINT('Origin',(250.,250.,48.0000007152557));
#18869=CARTESIAN_POINT('Origin',(400.,450.,50.));
#18870=CARTESIAN_POINT('',(400.,350.,48.0000007152557));
#18871=CARTESIAN_POINT('',(400.,400.,48.0000007152557));
#18872=CARTESIAN_POINT('',(400.,350.,48.0000007152557));
#18873=CARTESIAN_POINT('',(400.,350.,50.));
#18874=CARTESIAN_POINT('',(400.,350.,50.));
#18875=CARTESIAN_POINT('',(400.,400.,50.));
#18876=CARTESIAN_POINT('',(400.,350.,50.));
#18877=CARTESIAN_POINT('',(400.,400.,50.));
#18878=CARTESIAN_POINT('Origin',(300.,250.,50.));
#18879=CARTESIAN_POINT('',(450.,350.,50.));
#18880=CARTESIAN_POINT('',(175.,350.,50.));
#18881=CARTESIAN_POINT('',(450.,400.,50.));
#18882=CARTESIAN_POINT('',(450.,150.,50.));
#18883=CARTESIAN_POINT('',(175.,400.,50.));
#18884=CARTESIAN_POINT('Origin',(50.,400.,50.));
#18885=CARTESIAN_POINT('',(450.,400.,48.0000007152557));
#18886=CARTESIAN_POINT('',(150.,400.,48.0000007152557));
#18887=CARTESIAN_POINT('',(450.,400.,50.));
#18888=CARTESIAN_POINT('Origin',(450.,50.,50.));
#18889=CARTESIAN_POINT('',(450.,350.,48.0000007152557));
#18890=CARTESIAN_POINT('',(450.,150.,48.0000007152557));
#18891=CARTESIAN_POINT('',(450.,350.,50.));
#18892=CARTESIAN_POINT('Origin',(50.,350.,50.));
#18893=CARTESIAN_POINT('',(150.,350.,48.0000007152557));
#18894=CARTESIAN_POINT('Origin',(250.,250.,48.0000007152557));
#18895=CARTESIAN_POINT('Origin',(50.,100.,50.));
#18896=CARTESIAN_POINT('',(450.,100.,48.0000007152557));
#18897=CARTESIAN_POINT('',(400.,100.,48.0000007152557));
#18898=CARTESIAN_POINT('',(150.,100.,48.0000007152557));
#18899=CARTESIAN_POINT('',(450.,100.,50.));
#18900=CARTESIAN_POINT('',(450.,100.,50.));
#18901=CARTESIAN_POINT('',(400.,100.,50.));
#18902=CARTESIAN_POINT('',(175.,100.,50.));
#18903=CARTESIAN_POINT('',(400.,100.,50.));
#18904=CARTESIAN_POINT('Origin',(300.,250.,50.));
#18905=CARTESIAN_POINT('',(450.,150.,50.));
#18906=CARTESIAN_POINT('',(400.,150.,50.));
#18907=CARTESIAN_POINT('',(175.,150.,50.));
#18908=CARTESIAN_POINT('',(400.,350.,50.));
#18909=CARTESIAN_POINT('',(450.,150.,50.));
#18910=CARTESIAN_POINT('Origin',(400.,450.,50.));
#18911=CARTESIAN_POINT('',(400.,150.,48.0000007152557));
#18912=CARTESIAN_POINT('',(400.,350.,48.0000007152557));
#18913=CARTESIAN_POINT('',(400.,150.,50.));
#18914=CARTESIAN_POINT('Origin',(50.,150.,50.));
#18915=CARTESIAN_POINT('',(450.,150.,48.0000007152557));
#18916=CARTESIAN_POINT('',(150.,150.,48.0000007152557));
#18917=CARTESIAN_POINT('',(450.,150.,50.));
#18918=CARTESIAN_POINT('Origin',(450.,50.,50.));
#18919=CARTESIAN_POINT('',(450.,150.,48.0000007152557));
#18920=CARTESIAN_POINT('Origin',(250.,250.,48.0000007152557));
#18921=CARTESIAN_POINT('Origin',(50.,200.,50.));
#18922=CARTESIAN_POINT('',(450.,200.,48.0000007152557));
#18923=CARTESIAN_POINT('',(400.,200.,48.0000007152557));
#18924=CARTESIAN_POINT('',(150.,200.,48.0000007152557));
#18925=CARTESIAN_POINT('',(450.,200.,50.));
#18926=CARTESIAN_POINT('',(450.,200.,50.));
#18927=CARTESIAN_POINT('',(400.,200.,50.));
#18928=CARTESIAN_POINT('',(175.,200.,50.));
#18929=CARTESIAN_POINT('',(400.,200.,50.));
#18930=CARTESIAN_POINT('Origin',(400.,450.,50.));
#18931=CARTESIAN_POINT('',(400.,250.,48.0000007152557));
#18932=CARTESIAN_POINT('',(400.,350.,48.0000007152557));
#18933=CARTESIAN_POINT('',(400.,250.,50.));
#18934=CARTESIAN_POINT('',(400.,350.,50.));
#18935=CARTESIAN_POINT('',(400.,250.,50.));
#18936=CARTESIAN_POINT('Origin',(300.,250.,50.));
#18937=CARTESIAN_POINT('',(450.,250.,50.));
#18938=CARTESIAN_POINT('',(175.,250.,50.));
#18939=CARTESIAN_POINT('',(450.,150.,50.));
#18940=CARTESIAN_POINT('Origin',(50.,250.,50.));
#18941=CARTESIAN_POINT('',(450.,250.,48.0000007152557));
#18942=CARTESIAN_POINT('',(150.,250.,48.0000007152557));
#18943=CARTESIAN_POINT('',(450.,250.,50.));
#18944=CARTESIAN_POINT('Origin',(450.,50.,50.));
#18945=CARTESIAN_POINT('',(450.,150.,48.0000007152557));
#18946=CARTESIAN_POINT('Origin',(250.,250.,48.0000007152557));
#18947=CARTESIAN_POINT('Origin',(50.,300.,50.));
#18948=CARTESIAN_POINT('',(450.,300.,48.0000007152557));
#18949=CARTESIAN_POINT('',(400.,300.,48.0000007152557));
#18950=CARTESIAN_POINT('',(150.,300.,48.0000007152557));
#18951=CARTESIAN_POINT('',(450.,300.,50.));
#18952=CARTESIAN_POINT('',(450.,300.,50.));
#18953=CARTESIAN_POINT('',(400.,300.,50.));
#18954=CARTESIAN_POINT('',(175.,300.,50.));
#18955=CARTESIAN_POINT('',(400.,300.,50.));
#18956=CARTESIAN_POINT('Origin',(400.,450.,50.));
#18957=CARTESIAN_POINT('',(400.,350.,48.0000007152557));
#18958=CARTESIAN_POINT('',(400.,350.,48.0000007152557));
#18959=CARTESIAN_POINT('',(400.,350.,50.));
#18960=CARTESIAN_POINT('',(400.,350.,50.));
#18961=CARTESIAN_POINT('',(400.,350.,50.));
#18962=CARTESIAN_POINT('Origin',(300.,250.,50.));
#18963=CARTESIAN_POINT('',(450.,350.,50.));
#18964=CARTESIAN_POINT('',(175.,350.,50.));
#18965=CARTESIAN_POINT('',(450.,150.,50.));
#18966=CARTESIAN_POINT('Origin',(50.,350.,50.));
#18967=CARTESIAN_POINT('',(450.,350.,48.0000007152557));
#18968=CARTESIAN_POINT('',(150.,350.,48.0000007152557));
#18969=CARTESIAN_POINT('',(450.,350.,50.));
#18970=CARTESIAN_POINT('Origin',(450.,50.,50.));
#18971=CARTESIAN_POINT('',(450.,150.,48.0000007152557));
#18972=CARTESIAN_POINT('Origin',(250.,250.,48.0000007152557));
#18973=CARTESIAN_POINT('Origin',(50.,50.,50.));
#18974=CARTESIAN_POINT('',(400.,50.,48.0000007152557));
#18975=CARTESIAN_POINT('',(350.,50.,48.0000007152557));
#18976=CARTESIAN_POINT('',(150.,50.,48.0000007152557));
#18977=CARTESIAN_POINT('',(400.,50.,50.));
#18978=CARTESIAN_POINT('',(400.,50.,50.));
#18979=CARTESIAN_POINT('',(350.,50.,50.));
#18980=CARTESIAN_POINT('',(175.,50.,50.));
#18981=CARTESIAN_POINT('',(350.,50.,50.));
#18982=CARTESIAN_POINT('Origin',(350.,450.,50.));
#18983=CARTESIAN_POINT('',(350.,100.,48.0000007152557));
#18984=CARTESIAN_POINT('',(350.,350.,48.0000007152557));
#18985=CARTESIAN_POINT('',(350.,100.,50.));
#18986=CARTESIAN_POINT('',(350.,350.,50.));
#18987=CARTESIAN_POINT('',(350.,100.,50.));
#18988=CARTESIAN_POINT('Origin',(300.,250.,50.));
#18989=CARTESIAN_POINT('',(400.,100.,50.));
#18990=CARTESIAN_POINT('',(175.,100.,50.));
#18991=CARTESIAN_POINT('',(400.,350.,50.));
#18992=CARTESIAN_POINT('Origin',(50.,100.,50.));
#18993=CARTESIAN_POINT('',(400.,100.,48.0000007152557));
#18994=CARTESIAN_POINT('',(150.,100.,48.0000007152557));
#18995=CARTESIAN_POINT('',(400.,100.,50.));
#18996=CARTESIAN_POINT('Origin',(400.,450.,50.));
#18997=CARTESIAN_POINT('',(400.,350.,48.0000007152557));
#18998=CARTESIAN_POINT('Origin',(250.,250.,48.0000007152557));
#18999=CARTESIAN_POINT('Origin',(50.,150.,50.));
#19000=CARTESIAN_POINT('',(400.,150.,48.0000007152557));
#19001=CARTESIAN_POINT('',(350.,150.,48.0000007152557));
#19002=CARTESIAN_POINT('',(150.,150.,48.0000007152557));
#19003=CARTESIAN_POINT('',(400.,150.,50.));
#19004=CARTESIAN_POINT('',(400.,150.,50.));
#19005=CARTESIAN_POINT('',(350.,150.,50.));
#19006=CARTESIAN_POINT('',(175.,150.,50.));
#19007=CARTESIAN_POINT('',(350.,150.,50.));
#19008=CARTESIAN_POINT('Origin',(300.,250.,50.));
#19009=CARTESIAN_POINT('',(400.,200.,50.));
#19010=CARTESIAN_POINT('',(400.,350.,50.));
#19011=CARTESIAN_POINT('',(350.,200.,50.));
#19012=CARTESIAN_POINT('',(175.,200.,50.));
#19013=CARTESIAN_POINT('',(350.,350.,50.));
#19014=CARTESIAN_POINT('Origin',(400.,450.,50.));
#19015=CARTESIAN_POINT('',(400.,200.,48.0000007152557));
#19016=CARTESIAN_POINT('',(400.,350.,48.0000007152557));
#19017=CARTESIAN_POINT('',(400.,200.,50.));
#19018=CARTESIAN_POINT('Origin',(350.,450.,50.));
#19019=CARTESIAN_POINT('',(350.,200.,48.0000007152557));
#19020=CARTESIAN_POINT('',(350.,350.,48.0000007152557));
#19021=CARTESIAN_POINT('',(350.,200.,50.));
#19022=CARTESIAN_POINT('Origin',(50.,200.,50.));
#19023=CARTESIAN_POINT('',(150.,200.,48.0000007152557));
#19024=CARTESIAN_POINT('Origin',(250.,250.,48.0000007152557));
#19025=CARTESIAN_POINT('Origin',(350.,450.,50.));
#19026=CARTESIAN_POINT('',(350.,250.,48.0000007152557));
#19027=CARTESIAN_POINT('',(350.,300.,48.0000007152557));
#19028=CARTESIAN_POINT('',(350.,350.,48.0000007152557));
#19029=CARTESIAN_POINT('',(350.,250.,50.));
#19030=CARTESIAN_POINT('',(350.,250.,50.));
#19031=CARTESIAN_POINT('',(350.,300.,50.));
#19032=CARTESIAN_POINT('',(350.,350.,50.));
#19033=CARTESIAN_POINT('',(350.,300.,50.));
#19034=CARTESIAN_POINT('Origin',(50.,300.,50.));
#19035=CARTESIAN_POINT('',(400.,300.,48.0000007152557));
#19036=CARTESIAN_POINT('',(150.,300.,48.0000007152557));
#19037=CARTESIAN_POINT('',(400.,300.,50.));
#19038=CARTESIAN_POINT('',(175.,300.,50.));
#19039=CARTESIAN_POINT('',(400.,300.,50.));
#19040=CARTESIAN_POINT('Origin',(300.,250.,50.));
#19041=CARTESIAN_POINT('',(400.,250.,50.));
#19042=CARTESIAN_POINT('',(175.,250.,50.));
#19043=CARTESIAN_POINT('',(400.,350.,50.));
#19044=CARTESIAN_POINT('Origin',(400.,450.,50.));
#19045=CARTESIAN_POINT('',(400.,250.,48.0000007152557));
#19046=CARTESIAN_POINT('',(400.,350.,48.0000007152557));
#19047=CARTESIAN_POINT('',(400.,250.,50.));
#19048=CARTESIAN_POINT('Origin',(50.,250.,50.));
#19049=CARTESIAN_POINT('',(150.,250.,48.0000007152557));
#19050=CARTESIAN_POINT('Origin',(250.,250.,48.0000007152557));
#19051=CARTESIAN_POINT('Origin',(350.,450.,50.));
#19052=CARTESIAN_POINT('',(350.,350.,48.0000007152557));
#19053=CARTESIAN_POINT('',(350.,400.,48.0000007152557));
#19054=CARTESIAN_POINT('',(350.,350.,48.0000007152557));
#19055=CARTESIAN_POINT('',(350.,350.,50.));
#19056=CARTESIAN_POINT('',(350.,350.,50.));
#19057=CARTESIAN_POINT('',(350.,400.,50.));
#19058=CARTESIAN_POINT('',(350.,350.,50.));
#19059=CARTESIAN_POINT('',(350.,400.,50.));
#19060=CARTESIAN_POINT('Origin',(300.,250.,50.));
#19061=CARTESIAN_POINT('',(400.,350.,50.));
#19062=CARTESIAN_POINT('',(175.,350.,50.));
#19063=CARTESIAN_POINT('',(400.,400.,50.));
#19064=CARTESIAN_POINT('',(400.,350.,50.));
#19065=CARTESIAN_POINT('',(175.,400.,50.));
#19066=CARTESIAN_POINT('Origin',(50.,400.,50.));
#19067=CARTESIAN_POINT('',(400.,400.,48.0000007152557));
#19068=CARTESIAN_POINT('',(150.,400.,48.0000007152557));
#19069=CARTESIAN_POINT('',(400.,400.,50.));
#19070=CARTESIAN_POINT('Origin',(400.,450.,50.));
#19071=CARTESIAN_POINT('',(400.,350.,48.0000007152557));
#19072=CARTESIAN_POINT('',(400.,350.,48.0000007152557));
#19073=CARTESIAN_POINT('',(400.,350.,50.));
#19074=CARTESIAN_POINT('Origin',(50.,350.,50.));
#19075=CARTESIAN_POINT('',(150.,350.,48.0000007152557));
#19076=CARTESIAN_POINT('Origin',(250.,250.,48.0000007152557));
#19077=CARTESIAN_POINT('Origin',(50.,100.,50.));
#19078=CARTESIAN_POINT('',(400.,100.,48.0000007152557));
#19079=CARTESIAN_POINT('',(350.,100.,48.0000007152557));
#19080=CARTESIAN_POINT('',(150.,100.,48.0000007152557));
#19081=CARTESIAN_POINT('',(400.,100.,50.));
#19082=CARTESIAN_POINT('',(400.,100.,50.));
#19083=CARTESIAN_POINT('',(350.,100.,50.));
#19084=CARTESIAN_POINT('',(175.,100.,50.));
#19085=CARTESIAN_POINT('',(350.,100.,50.));
#19086=CARTESIAN_POINT('Origin',(300.,250.,50.));
#19087=CARTESIAN_POINT('',(400.,150.,50.));
#19088=CARTESIAN_POINT('',(350.,150.,50.));
#19089=CARTESIAN_POINT('',(175.,150.,50.));
#19090=CARTESIAN_POINT('',(350.,350.,50.));
#19091=CARTESIAN_POINT('',(400.,350.,50.));
#19092=CARTESIAN_POINT('Origin',(350.,450.,50.));
#19093=CARTESIAN_POINT('',(350.,150.,48.0000007152557));
#19094=CARTESIAN_POINT('',(350.,350.,48.0000007152557));
#19095=CARTESIAN_POINT('',(350.,150.,50.));
#19096=CARTESIAN_POINT('Origin',(50.,150.,50.));
#19097=CARTESIAN_POINT('',(400.,150.,48.0000007152557));
#19098=CARTESIAN_POINT('',(150.,150.,48.0000007152557));
#19099=CARTESIAN_POINT('',(400.,150.,50.));
#19100=CARTESIAN_POINT('Origin',(400.,450.,50.));
#19101=CARTESIAN_POINT('',(400.,350.,48.0000007152557));
#19102=CARTESIAN_POINT('Origin',(250.,250.,48.0000007152557));
#19103=CARTESIAN_POINT('Origin',(50.,200.,50.));
#19104=CARTESIAN_POINT('',(400.,200.,48.0000007152557));
#19105=CARTESIAN_POINT('',(350.,200.,48.0000007152557));
#19106=CARTESIAN_POINT('',(150.,200.,48.0000007152557));
#19107=CARTESIAN_POINT('',(400.,200.,50.));
#19108=CARTESIAN_POINT('',(400.,200.,50.));
#19109=CARTESIAN_POINT('',(350.,200.,50.));
#19110=CARTESIAN_POINT('',(175.,200.,50.));
#19111=CARTESIAN_POINT('',(350.,200.,50.));
#19112=CARTESIAN_POINT('Origin',(350.,450.,50.));
#19113=CARTESIAN_POINT('',(350.,250.,48.0000007152557));
#19114=CARTESIAN_POINT('',(350.,350.,48.0000007152557));
#19115=CARTESIAN_POINT('',(350.,250.,50.));
#19116=CARTESIAN_POINT('',(350.,350.,50.));
#19117=CARTESIAN_POINT('',(350.,250.,50.));
#19118=CARTESIAN_POINT('Origin',(300.,250.,50.));
#19119=CARTESIAN_POINT('',(400.,250.,50.));
#19120=CARTESIAN_POINT('',(175.,250.,50.));
#19121=CARTESIAN_POINT('',(400.,350.,50.));
#19122=CARTESIAN_POINT('Origin',(50.,250.,50.));
#19123=CARTESIAN_POINT('',(400.,250.,48.0000007152557));
#19124=CARTESIAN_POINT('',(150.,250.,48.0000007152557));
#19125=CARTESIAN_POINT('',(400.,250.,50.));
#19126=CARTESIAN_POINT('Origin',(400.,450.,50.));
#19127=CARTESIAN_POINT('',(400.,350.,48.0000007152557));
#19128=CARTESIAN_POINT('Origin',(250.,250.,48.0000007152557));
#19129=CARTESIAN_POINT('Origin',(50.,300.,50.));
#19130=CARTESIAN_POINT('',(400.,300.,48.0000007152557));
#19131=CARTESIAN_POINT('',(350.,300.,48.0000007152557));
#19132=CARTESIAN_POINT('',(150.,300.,48.0000007152557));
#19133=CARTESIAN_POINT('',(400.,300.,50.));
#19134=CARTESIAN_POINT('',(400.,300.,50.));
#19135=CARTESIAN_POINT('',(350.,300.,50.));
#19136=CARTESIAN_POINT('',(175.,300.,50.));
#19137=CARTESIAN_POINT('',(350.,300.,50.));
#19138=CARTESIAN_POINT('Origin',(350.,450.,50.));
#19139=CARTESIAN_POINT('',(350.,350.,48.0000007152557));
#19140=CARTESIAN_POINT('',(350.,350.,48.0000007152557));
#19141=CARTESIAN_POINT('',(350.,350.,50.));
#19142=CARTESIAN_POINT('',(350.,350.,50.));
#19143=CARTESIAN_POINT('',(350.,350.,50.));
#19144=CARTESIAN_POINT('Origin',(300.,250.,50.));
#19145=CARTESIAN_POINT('',(400.,350.,50.));
#19146=CARTESIAN_POINT('',(175.,350.,50.));
#19147=CARTESIAN_POINT('',(400.,350.,50.));
#19148=CARTESIAN_POINT('Origin',(50.,350.,50.));
#19149=CARTESIAN_POINT('',(400.,350.,48.0000007152557));
#19150=CARTESIAN_POINT('',(150.,350.,48.0000007152557));
#19151=CARTESIAN_POINT('',(400.,350.,50.));
#19152=CARTESIAN_POINT('Origin',(400.,450.,50.));
#19153=CARTESIAN_POINT('',(400.,350.,48.0000007152557));
#19154=CARTESIAN_POINT('Origin',(250.,250.,48.0000007152557));
#19155=CARTESIAN_POINT('Origin',(250.,450.,50.));
#19156=CARTESIAN_POINT('',(250.,50.,48.0000007152557));
#19157=CARTESIAN_POINT('',(250.,100.,48.0000007152557));
#19158=CARTESIAN_POINT('',(250.,350.,48.0000007152557));
#19159=CARTESIAN_POINT('',(250.,50.,50.));
#19160=CARTESIAN_POINT('',(250.,50.,50.));
#19161=CARTESIAN_POINT('',(250.,100.,50.));
#19162=CARTESIAN_POINT('',(250.,350.,50.));
#19163=CARTESIAN_POINT('',(250.,100.,50.));
#19164=CARTESIAN_POINT('Origin',(50.,50.,50.));
#19165=CARTESIAN_POINT('',(300.,50.,48.0000007152557));
#19166=CARTESIAN_POINT('',(150.,50.,48.0000007152557));
#19167=CARTESIAN_POINT('',(300.,50.,50.));
#19168=CARTESIAN_POINT('',(300.,50.,50.));
#19169=CARTESIAN_POINT('',(175.,50.,50.));
#19170=CARTESIAN_POINT('Origin',(300.,250.,50.));
#19171=CARTESIAN_POINT('',(300.,100.,50.));
#19172=CARTESIAN_POINT('',(175.,100.,50.));
#19173=CARTESIAN_POINT('',(300.,350.,50.));
#19174=CARTESIAN_POINT('Origin',(50.,100.,50.));
#19175=CARTESIAN_POINT('',(300.,100.,48.0000007152557));
#19176=CARTESIAN_POINT('',(150.,100.,48.0000007152557));
#19177=CARTESIAN_POINT('',(300.,100.,50.));
#19178=CARTESIAN_POINT('Origin',(300.,450.,50.));
#19179=CARTESIAN_POINT('',(300.,350.,48.0000007152557));
#19180=CARTESIAN_POINT('Origin',(250.,250.,48.0000007152557));
#19181=CARTESIAN_POINT('Origin',(250.,450.,50.));
#19182=CARTESIAN_POINT('',(250.,150.,48.0000007152557));
#19183=CARTESIAN_POINT('',(250.,200.,48.0000007152557));
#19184=CARTESIAN_POINT('',(250.,350.,48.0000007152557));
#19185=CARTESIAN_POINT('',(250.,150.,50.));
#19186=CARTESIAN_POINT('',(250.,150.,50.));
#19187=CARTESIAN_POINT('',(250.,200.,50.));
#19188=CARTESIAN_POINT('',(250.,350.,50.));
#19189=CARTESIAN_POINT('',(250.,200.,50.));
#19190=CARTESIAN_POINT('Origin',(300.,250.,50.));
#19191=CARTESIAN_POINT('',(300.,150.,50.));
#19192=CARTESIAN_POINT('',(175.,150.,50.));
#19193=CARTESIAN_POINT('',(300.,200.,50.));
#19194=CARTESIAN_POINT('',(300.,350.,50.));
#19195=CARTESIAN_POINT('',(175.,200.,50.));
#19196=CARTESIAN_POINT('Origin',(50.,200.,50.));
#19197=CARTESIAN_POINT('',(300.,200.,48.0000007152557));
#19198=CARTESIAN_POINT('',(150.,200.,48.0000007152557));
#19199=CARTESIAN_POINT('',(300.,200.,50.));
#19200=CARTESIAN_POINT('Origin',(300.,450.,50.));
#19201=CARTESIAN_POINT('',(300.,150.,48.0000007152557));
#19202=CARTESIAN_POINT('',(300.,350.,48.0000007152557));
#19203=CARTESIAN_POINT('',(300.,150.,50.));
#19204=CARTESIAN_POINT('Origin',(50.,150.,50.));
#19205=CARTESIAN_POINT('',(150.,150.,48.0000007152557));
#19206=CARTESIAN_POINT('Origin',(250.,250.,48.0000007152557));
#19207=CARTESIAN_POINT('Origin',(50.,250.,50.));
#19208=CARTESIAN_POINT('',(300.,250.,48.0000007152557));
#19209=CARTESIAN_POINT('',(250.,250.,48.0000007152557));
#19210=CARTESIAN_POINT('',(150.,250.,48.0000007152557));
#19211=CARTESIAN_POINT('',(300.,250.,50.));
#19212=CARTESIAN_POINT('',(300.,250.,50.));
#19213=CARTESIAN_POINT('',(250.,250.,50.));
#19214=CARTESIAN_POINT('',(175.,250.,50.));
#19215=CARTESIAN_POINT('',(250.,250.,50.));
#19216=CARTESIAN_POINT('Origin',(300.,250.,50.));
#19217=CARTESIAN_POINT('',(300.,300.,50.));
#19218=CARTESIAN_POINT('',(300.,350.,50.));
#19219=CARTESIAN_POINT('',(250.,300.,50.));
#19220=CARTESIAN_POINT('',(175.,300.,50.));
#19221=CARTESIAN_POINT('',(250.,350.,50.));
#19222=CARTESIAN_POINT('Origin',(300.,450.,50.));
#19223=CARTESIAN_POINT('',(300.,300.,48.0000007152557));
#19224=CARTESIAN_POINT('',(300.,350.,48.0000007152557));
#19225=CARTESIAN_POINT('',(300.,300.,50.));
#19226=CARTESIAN_POINT('Origin',(250.,450.,50.));
#19227=CARTESIAN_POINT('',(250.,300.,48.0000007152557));
#19228=CARTESIAN_POINT('',(250.,350.,48.0000007152557));
#19229=CARTESIAN_POINT('',(250.,300.,50.));
#19230=CARTESIAN_POINT('Origin',(50.,300.,50.));
#19231=CARTESIAN_POINT('',(150.,300.,48.0000007152557));
#19232=CARTESIAN_POINT('Origin',(250.,250.,48.0000007152557));
#19233=CARTESIAN_POINT('Origin',(250.,450.,50.));
#19234=CARTESIAN_POINT('',(250.,350.,48.0000007152557));
#19235=CARTESIAN_POINT('',(250.,400.,48.0000007152557));
#19236=CARTESIAN_POINT('',(250.,350.,48.0000007152557));
#19237=CARTESIAN_POINT('',(250.,350.,50.));
#19238=CARTESIAN_POINT('',(250.,350.,50.));
#19239=CARTESIAN_POINT('',(250.,400.,50.));
#19240=CARTESIAN_POINT('',(250.,350.,50.));
#19241=CARTESIAN_POINT('',(250.,400.,50.));
#19242=CARTESIAN_POINT('Origin',(50.,400.,50.));
#19243=CARTESIAN_POINT('',(300.,400.,48.0000007152557));
#19244=CARTESIAN_POINT('',(150.,400.,48.0000007152557));
#19245=CARTESIAN_POINT('',(300.,400.,50.));
#19246=CARTESIAN_POINT('',(175.,400.,50.));
#19247=CARTESIAN_POINT('',(300.,400.,50.));
#19248=CARTESIAN_POINT('Origin',(300.,250.,50.));
#19249=CARTESIAN_POINT('',(300.,350.,50.));
#19250=CARTESIAN_POINT('',(175.,350.,50.));
#19251=CARTESIAN_POINT('',(300.,350.,50.));
#19252=CARTESIAN_POINT('Origin',(300.,450.,50.));
#19253=CARTESIAN_POINT('',(300.,350.,48.0000007152557));
#19254=CARTESIAN_POINT('',(300.,350.,48.0000007152557));
#19255=CARTESIAN_POINT('',(300.,350.,50.));
#19256=CARTESIAN_POINT('Origin',(50.,350.,50.));
#19257=CARTESIAN_POINT('',(150.,350.,48.0000007152557));
#19258=CARTESIAN_POINT('Origin',(250.,250.,48.0000007152557));
#19259=CARTESIAN_POINT('Origin',(50.,100.,50.));
#19260=CARTESIAN_POINT('',(300.,100.,48.0000007152557));
#19261=CARTESIAN_POINT('',(250.,100.,48.0000007152557));
#19262=CARTESIAN_POINT('',(150.,100.,48.0000007152557));
#19263=CARTESIAN_POINT('',(300.,100.,50.));
#19264=CARTESIAN_POINT('',(300.,100.,50.));
#19265=CARTESIAN_POINT('',(250.,100.,50.));
#19266=CARTESIAN_POINT('',(175.,100.,50.));
#19267=CARTESIAN_POINT('',(250.,100.,50.));
#19268=CARTESIAN_POINT('Origin',(250.,450.,50.));
#19269=CARTESIAN_POINT('',(250.,150.,48.0000007152557));
#19270=CARTESIAN_POINT('',(250.,350.,48.0000007152557));
#19271=CARTESIAN_POINT('',(250.,150.,50.));
#19272=CARTESIAN_POINT('',(250.,350.,50.));
#19273=CARTESIAN_POINT('',(250.,150.,50.));
#19274=CARTESIAN_POINT('Origin',(300.,250.,50.));
#19275=CARTESIAN_POINT('',(300.,150.,50.));
#19276=CARTESIAN_POINT('',(175.,150.,50.));
#19277=CARTESIAN_POINT('',(300.,350.,50.));
#19278=CARTESIAN_POINT('Origin',(50.,150.,50.));
#19279=CARTESIAN_POINT('',(300.,150.,48.0000007152557));
#19280=CARTESIAN_POINT('',(150.,150.,48.0000007152557));
#19281=CARTESIAN_POINT('',(300.,150.,50.));
#19282=CARTESIAN_POINT('Origin',(300.,450.,50.));
#19283=CARTESIAN_POINT('',(300.,350.,48.0000007152557));
#19284=CARTESIAN_POINT('Origin',(250.,250.,48.0000007152557));
#19285=CARTESIAN_POINT('Origin',(50.,200.,50.));
#19286=CARTESIAN_POINT('',(300.,200.,48.0000007152557));
#19287=CARTESIAN_POINT('',(250.,200.,48.0000007152557));
#19288=CARTESIAN_POINT('',(150.,200.,48.0000007152557));
#19289=CARTESIAN_POINT('',(300.,200.,50.));
#19290=CARTESIAN_POINT('',(300.,200.,50.));
#19291=CARTESIAN_POINT('',(250.,200.,50.));
#19292=CARTESIAN_POINT('',(175.,200.,50.));
#19293=CARTESIAN_POINT('',(250.,200.,50.));
#19294=CARTESIAN_POINT('Origin',(300.,250.,50.));
#19295=CARTESIAN_POINT('',(300.,250.,50.));
#19296=CARTESIAN_POINT('',(250.,250.,50.));
#19297=CARTESIAN_POINT('',(175.,250.,50.));
#19298=CARTESIAN_POINT('',(250.,350.,50.));
#19299=CARTESIAN_POINT('',(300.,350.,50.));
#19300=CARTESIAN_POINT('Origin',(250.,450.,50.));
#19301=CARTESIAN_POINT('',(250.,250.,48.0000007152557));
#19302=CARTESIAN_POINT('',(250.,350.,48.0000007152557));
#19303=CARTESIAN_POINT('',(250.,250.,50.));
#19304=CARTESIAN_POINT('Origin',(50.,250.,50.));
#19305=CARTESIAN_POINT('',(300.,250.,48.0000007152557));
#19306=CARTESIAN_POINT('',(150.,250.,48.0000007152557));
#19307=CARTESIAN_POINT('',(300.,250.,50.));
#19308=CARTESIAN_POINT('Origin',(300.,450.,50.));
#19309=CARTESIAN_POINT('',(300.,350.,48.0000007152557));
#19310=CARTESIAN_POINT('Origin',(250.,250.,48.0000007152557));
#19311=CARTESIAN_POINT('Origin',(50.,300.,50.));
#19312=CARTESIAN_POINT('',(300.,300.,48.0000007152557));
#19313=CARTESIAN_POINT('',(250.,300.,48.0000007152557));
#19314=CARTESIAN_POINT('',(150.,300.,48.0000007152557));
#19315=CARTESIAN_POINT('',(300.,300.,50.));
#19316=CARTESIAN_POINT('',(300.,300.,50.));
#19317=CARTESIAN_POINT('',(250.,300.,50.));
#19318=CARTESIAN_POINT('',(175.,300.,50.));
#19319=CARTESIAN_POINT('',(250.,300.,50.));
#19320=CARTESIAN_POINT('Origin',(250.,450.,50.));
#19321=CARTESIAN_POINT('',(250.,350.,48.0000007152557));
#19322=CARTESIAN_POINT('',(250.,350.,48.0000007152557));
#19323=CARTESIAN_POINT('',(250.,350.,50.));
#19324=CARTESIAN_POINT('',(250.,350.,50.));
#19325=CARTESIAN_POINT('',(250.,350.,50.));
#19326=CARTESIAN_POINT('Origin',(300.,250.,50.));
#19327=CARTESIAN_POINT('',(300.,350.,50.));
#19328=CARTESIAN_POINT('',(175.,350.,50.));
#19329=CARTESIAN_POINT('',(300.,350.,50.));
#19330=CARTESIAN_POINT('Origin',(50.,350.,50.));
#19331=CARTESIAN_POINT('',(300.,350.,48.0000007152557));
#19332=CARTESIAN_POINT('',(150.,350.,48.0000007152557));
#19333=CARTESIAN_POINT('',(300.,350.,50.));
#19334=CARTESIAN_POINT('Origin',(300.,450.,50.));
#19335=CARTESIAN_POINT('',(300.,350.,48.0000007152557));
#19336=CARTESIAN_POINT('Origin',(250.,250.,48.0000007152557));
#19337=CARTESIAN_POINT('Origin',(300.,250.,50.));
#19338=CARTESIAN_POINT('',(350.,100.,50.));
#19339=CARTESIAN_POINT('',(300.,100.,50.));
#19340=CARTESIAN_POINT('',(175.,100.,50.));
#19341=CARTESIAN_POINT('',(300.,50.,50.));
#19342=CARTESIAN_POINT('',(300.,350.,50.));
#19343=CARTESIAN_POINT('',(350.,50.,50.));
#19344=CARTESIAN_POINT('',(175.,50.,50.));
#19345=CARTESIAN_POINT('',(350.,350.,50.));
#19346=CARTESIAN_POINT('Origin',(50.,50.,50.));
#19347=CARTESIAN_POINT('',(350.,50.,48.0000007152557));
#19348=CARTESIAN_POINT('',(300.,50.,48.0000007152557));
#19349=CARTESIAN_POINT('',(150.,50.,48.0000007152557));
#19350=CARTESIAN_POINT('',(350.,50.,50.));
#19351=CARTESIAN_POINT('',(300.,50.,50.));
#19352=CARTESIAN_POINT('Origin',(300.,450.,50.));
#19353=CARTESIAN_POINT('',(300.,100.,48.0000007152557));
#19354=CARTESIAN_POINT('',(300.,350.,48.0000007152557));
#19355=CARTESIAN_POINT('',(300.,100.,50.));
#19356=CARTESIAN_POINT('Origin',(50.,100.,50.));
#19357=CARTESIAN_POINT('',(350.,100.,48.0000007152557));
#19358=CARTESIAN_POINT('',(150.,100.,48.0000007152557));
#19359=CARTESIAN_POINT('',(350.,100.,50.));
#19360=CARTESIAN_POINT('Origin',(350.,450.,50.));
#19361=CARTESIAN_POINT('',(350.,350.,48.0000007152557));
#19362=CARTESIAN_POINT('Origin',(250.,250.,48.0000007152557));
#19363=CARTESIAN_POINT('Origin',(50.,150.,50.));
#19364=CARTESIAN_POINT('',(350.,150.,48.0000007152557));
#19365=CARTESIAN_POINT('',(300.,150.,48.0000007152557));
#19366=CARTESIAN_POINT('',(150.,150.,48.0000007152557));
#19367=CARTESIAN_POINT('',(350.,150.,50.));
#19368=CARTESIAN_POINT('',(350.,150.,50.));
#19369=CARTESIAN_POINT('',(300.,150.,50.));
#19370=CARTESIAN_POINT('',(175.,150.,50.));
#19371=CARTESIAN_POINT('',(300.,150.,50.));
#19372=CARTESIAN_POINT('Origin',(300.,250.,50.));
#19373=CARTESIAN_POINT('',(350.,200.,50.));
#19374=CARTESIAN_POINT('',(350.,350.,50.));
#19375=CARTESIAN_POINT('',(300.,200.,50.));
#19376=CARTESIAN_POINT('',(175.,200.,50.));
#19377=CARTESIAN_POINT('',(300.,350.,50.));
#19378=CARTESIAN_POINT('Origin',(350.,450.,50.));
#19379=CARTESIAN_POINT('',(350.,200.,48.0000007152557));
#19380=CARTESIAN_POINT('',(350.,350.,48.0000007152557));
#19381=CARTESIAN_POINT('',(350.,200.,50.));
#19382=CARTESIAN_POINT('Origin',(300.,450.,50.));
#19383=CARTESIAN_POINT('',(300.,200.,48.0000007152557));
#19384=CARTESIAN_POINT('',(300.,350.,48.0000007152557));
#19385=CARTESIAN_POINT('',(300.,200.,50.));
#19386=CARTESIAN_POINT('Origin',(50.,200.,50.));
#19387=CARTESIAN_POINT('',(150.,200.,48.0000007152557));
#19388=CARTESIAN_POINT('Origin',(250.,250.,48.0000007152557));
#19389=CARTESIAN_POINT('Origin',(50.,250.,50.));
#19390=CARTESIAN_POINT('',(350.,250.,48.0000007152557));
#19391=CARTESIAN_POINT('',(300.,250.,48.0000007152557));
#19392=CARTESIAN_POINT('',(150.,250.,48.0000007152557));
#19393=CARTESIAN_POINT('',(350.,250.,50.));
#19394=CARTESIAN_POINT('',(350.,250.,50.));
#19395=CARTESIAN_POINT('',(300.,250.,50.));
#19396=CARTESIAN_POINT('',(175.,250.,50.));
#19397=CARTESIAN_POINT('',(300.,250.,50.));
#19398=CARTESIAN_POINT('Origin',(350.,450.,50.));
#19399=CARTESIAN_POINT('',(350.,300.,48.0000007152557));
#19400=CARTESIAN_POINT('',(350.,350.,48.0000007152557));
#19401=CARTESIAN_POINT('',(350.,300.,50.));
#19402=CARTESIAN_POINT('',(350.,300.,50.));
#19403=CARTESIAN_POINT('',(350.,350.,50.));
#19404=CARTESIAN_POINT('Origin',(300.,250.,50.));
#19405=CARTESIAN_POINT('',(300.,300.,50.));
#19406=CARTESIAN_POINT('',(175.,300.,50.));
#19407=CARTESIAN_POINT('',(300.,350.,50.));
#19408=CARTESIAN_POINT('Origin',(300.,450.,50.));
#19409=CARTESIAN_POINT('',(300.,300.,48.0000007152557));
#19410=CARTESIAN_POINT('',(300.,350.,48.0000007152557));
#19411=CARTESIAN_POINT('',(300.,300.,50.));
#19412=CARTESIAN_POINT('Origin',(50.,300.,50.));
#19413=CARTESIAN_POINT('',(150.,300.,48.0000007152557));
#19414=CARTESIAN_POINT('Origin',(250.,250.,48.0000007152557));
#19415=CARTESIAN_POINT('Origin',(300.,450.,50.));
#19416=CARTESIAN_POINT('',(300.,350.,48.0000007152557));
#19417=CARTESIAN_POINT('',(300.,400.,48.0000007152557));
#19418=CARTESIAN_POINT('',(300.,350.,48.0000007152557));
#19419=CARTESIAN_POINT('',(300.,350.,50.));
#19420=CARTESIAN_POINT('',(300.,350.,50.));
#19421=CARTESIAN_POINT('',(300.,400.,50.));
#19422=CARTESIAN_POINT('',(300.,350.,50.));
#19423=CARTESIAN_POINT('',(300.,400.,50.));
#19424=CARTESIAN_POINT('Origin',(300.,250.,50.));
#19425=CARTESIAN_POINT('',(350.,350.,50.));
#19426=CARTESIAN_POINT('',(175.,350.,50.));
#19427=CARTESIAN_POINT('',(350.,400.,50.));
#19428=CARTESIAN_POINT('',(350.,350.,50.));
#19429=CARTESIAN_POINT('',(175.,400.,50.));
#19430=CARTESIAN_POINT('Origin',(50.,400.,50.));
#19431=CARTESIAN_POINT('',(350.,400.,48.0000007152557));
#19432=CARTESIAN_POINT('',(150.,400.,48.0000007152557));
#19433=CARTESIAN_POINT('',(350.,400.,50.));
#19434=CARTESIAN_POINT('Origin',(350.,450.,50.));
#19435=CARTESIAN_POINT('',(350.,350.,48.0000007152557));
#19436=CARTESIAN_POINT('',(350.,350.,48.0000007152557));
#19437=CARTESIAN_POINT('',(350.,350.,50.));
#19438=CARTESIAN_POINT('Origin',(50.,350.,50.));
#19439=CARTESIAN_POINT('',(150.,350.,48.0000007152557));
#19440=CARTESIAN_POINT('Origin',(250.,250.,48.0000007152557));
#19441=CARTESIAN_POINT('Origin',(50.,100.,50.));
#19442=CARTESIAN_POINT('',(350.,100.,48.0000007152557));
#19443=CARTESIAN_POINT('',(300.,100.,48.0000007152557));
#19444=CARTESIAN_POINT('',(150.,100.,48.0000007152557));
#19445=CARTESIAN_POINT('',(350.,100.,50.));
#19446=CARTESIAN_POINT('',(350.,100.,50.));
#19447=CARTESIAN_POINT('',(300.,100.,50.));
#19448=CARTESIAN_POINT('',(175.,100.,50.));
#19449=CARTESIAN_POINT('',(300.,100.,50.));
#19450=CARTESIAN_POINT('Origin',(300.,250.,50.));
#19451=CARTESIAN_POINT('',(350.,150.,50.));
#19452=CARTESIAN_POINT('',(300.,150.,50.));
#19453=CARTESIAN_POINT('',(175.,150.,50.));
#19454=CARTESIAN_POINT('',(300.,350.,50.));
#19455=CARTESIAN_POINT('',(350.,350.,50.));
#19456=CARTESIAN_POINT('Origin',(300.,450.,50.));
#19457=CARTESIAN_POINT('',(300.,150.,48.0000007152557));
#19458=CARTESIAN_POINT('',(300.,350.,48.0000007152557));
#19459=CARTESIAN_POINT('',(300.,150.,50.));
#19460=CARTESIAN_POINT('Origin',(50.,150.,50.));
#19461=CARTESIAN_POINT('',(350.,150.,48.0000007152557));
#19462=CARTESIAN_POINT('',(150.,150.,48.0000007152557));
#19463=CARTESIAN_POINT('',(350.,150.,50.));
#19464=CARTESIAN_POINT('Origin',(350.,450.,50.));
#19465=CARTESIAN_POINT('',(350.,350.,48.0000007152557));
#19466=CARTESIAN_POINT('Origin',(250.,250.,48.0000007152557));
#19467=CARTESIAN_POINT('Origin',(50.,200.,50.));
#19468=CARTESIAN_POINT('',(350.,200.,48.0000007152557));
#19469=CARTESIAN_POINT('',(300.,200.,48.0000007152557));
#19470=CARTESIAN_POINT('',(150.,200.,48.0000007152557));
#19471=CARTESIAN_POINT('',(350.,200.,50.));
#19472=CARTESIAN_POINT('',(350.,200.,50.));
#19473=CARTESIAN_POINT('',(300.,200.,50.));
#19474=CARTESIAN_POINT('',(175.,200.,50.));
#19475=CARTESIAN_POINT('',(300.,200.,50.));
#19476=CARTESIAN_POINT('Origin',(300.,450.,50.));
#19477=CARTESIAN_POINT('',(300.,250.,48.0000007152557));
#19478=CARTESIAN_POINT('',(300.,350.,48.0000007152557));
#19479=CARTESIAN_POINT('',(300.,250.,50.));
#19480=CARTESIAN_POINT('',(300.,350.,50.));
#19481=CARTESIAN_POINT('',(300.,250.,50.));
#19482=CARTESIAN_POINT('Origin',(300.,250.,50.));
#19483=CARTESIAN_POINT('',(350.,250.,50.));
#19484=CARTESIAN_POINT('',(175.,250.,50.));
#19485=CARTESIAN_POINT('',(350.,350.,50.));
#19486=CARTESIAN_POINT('Origin',(50.,250.,50.));
#19487=CARTESIAN_POINT('',(350.,250.,48.0000007152557));
#19488=CARTESIAN_POINT('',(150.,250.,48.0000007152557));
#19489=CARTESIAN_POINT('',(350.,250.,50.));
#19490=CARTESIAN_POINT('Origin',(350.,450.,50.));
#19491=CARTESIAN_POINT('',(350.,350.,48.0000007152557));
#19492=CARTESIAN_POINT('Origin',(250.,250.,48.0000007152557));
#19493=CARTESIAN_POINT('Origin',(50.,300.,50.));
#19494=CARTESIAN_POINT('',(350.,300.,48.0000007152557));
#19495=CARTESIAN_POINT('',(300.,300.,48.0000007152557));
#19496=CARTESIAN_POINT('',(150.,300.,48.0000007152557));
#19497=CARTESIAN_POINT('',(350.,300.,50.));
#19498=CARTESIAN_POINT('',(350.,300.,50.));
#19499=CARTESIAN_POINT('',(300.,300.,50.));
#19500=CARTESIAN_POINT('',(175.,300.,50.));
#19501=CARTESIAN_POINT('',(300.,300.,50.));
#19502=CARTESIAN_POINT('Origin',(300.,450.,50.));
#19503=CARTESIAN_POINT('',(300.,350.,48.0000007152557));
#19504=CARTESIAN_POINT('',(300.,350.,48.0000007152557));
#19505=CARTESIAN_POINT('',(300.,350.,50.));
#19506=CARTESIAN_POINT('',(300.,350.,50.));
#19507=CARTESIAN_POINT('',(300.,350.,50.));
#19508=CARTESIAN_POINT('Origin',(300.,250.,50.));
#19509=CARTESIAN_POINT('',(350.,350.,50.));
#19510=CARTESIAN_POINT('',(175.,350.,50.));
#19511=CARTESIAN_POINT('',(350.,350.,50.));
#19512=CARTESIAN_POINT('Origin',(50.,350.,50.));
#19513=CARTESIAN_POINT('',(350.,350.,48.0000007152557));
#19514=CARTESIAN_POINT('',(150.,350.,48.0000007152557));
#19515=CARTESIAN_POINT('',(350.,350.,50.));
#19516=CARTESIAN_POINT('Origin',(350.,450.,50.));
#19517=CARTESIAN_POINT('',(350.,350.,48.0000007152557));
#19518=CARTESIAN_POINT('Origin',(250.,250.,48.0000007152557));
#19519=CARTESIAN_POINT('Origin',(50.,50.,50.));
#19520=CARTESIAN_POINT('',(250.,50.,48.0000007152557));
#19521=CARTESIAN_POINT('',(200.,50.,48.0000007152557));
#19522=CARTESIAN_POINT('',(150.,50.,48.0000007152557));
#19523=CARTESIAN_POINT('',(250.,50.,50.));
#19524=CARTESIAN_POINT('',(250.,50.,50.));
#19525=CARTESIAN_POINT('',(200.,50.,50.));
#19526=CARTESIAN_POINT('',(175.,50.,50.));
#19527=CARTESIAN_POINT('',(200.,50.,50.));
#19528=CARTESIAN_POINT('Origin',(300.,250.,50.));
#19529=CARTESIAN_POINT('',(250.,100.,50.));
#19530=CARTESIAN_POINT('',(200.,100.,50.));
#19531=CARTESIAN_POINT('',(175.,100.,50.));
#19532=CARTESIAN_POINT('',(200.,350.,50.));
#19533=CARTESIAN_POINT('',(250.,350.,50.));
#19534=CARTESIAN_POINT('Origin',(200.,450.,50.));
#19535=CARTESIAN_POINT('',(200.,100.,48.0000007152557));
#19536=CARTESIAN_POINT('',(200.,350.,48.0000007152557));
#19537=CARTESIAN_POINT('',(200.,100.,50.));
#19538=CARTESIAN_POINT('Origin',(50.,100.,50.));
#19539=CARTESIAN_POINT('',(250.,100.,48.0000007152557));
#19540=CARTESIAN_POINT('',(150.,100.,48.0000007152557));
#19541=CARTESIAN_POINT('',(250.,100.,50.));
#19542=CARTESIAN_POINT('Origin',(250.,450.,50.));
#19543=CARTESIAN_POINT('',(250.,350.,48.0000007152557));
#19544=CARTESIAN_POINT('Origin',(250.,250.,48.0000007152557));
#19545=CARTESIAN_POINT('Origin',(50.,150.,50.));
#19546=CARTESIAN_POINT('',(250.,150.,48.0000007152557));
#19547=CARTESIAN_POINT('',(200.,150.,48.0000007152557));
#19548=CARTESIAN_POINT('',(150.,150.,48.0000007152557));
#19549=CARTESIAN_POINT('',(250.,150.,50.));
#19550=CARTESIAN_POINT('',(250.,150.,50.));
#19551=CARTESIAN_POINT('',(200.,150.,50.));
#19552=CARTESIAN_POINT('',(175.,150.,50.));
#19553=CARTESIAN_POINT('',(200.,150.,50.));
#19554=CARTESIAN_POINT('Origin',(300.,250.,50.));
#19555=CARTESIAN_POINT('',(250.,200.,50.));
#19556=CARTESIAN_POINT('',(250.,350.,50.));
#19557=CARTESIAN_POINT('',(200.,200.,50.));
#19558=CARTESIAN_POINT('',(175.,200.,50.));
#19559=CARTESIAN_POINT('',(200.,350.,50.));
#19560=CARTESIAN_POINT('Origin',(250.,450.,50.));
#19561=CARTESIAN_POINT('',(250.,200.,48.0000007152557));
#19562=CARTESIAN_POINT('',(250.,350.,48.0000007152557));
#19563=CARTESIAN_POINT('',(250.,200.,50.));
#19564=CARTESIAN_POINT('Origin',(200.,450.,50.));
#19565=CARTESIAN_POINT('',(200.,200.,48.0000007152557));
#19566=CARTESIAN_POINT('',(200.,350.,48.0000007152557));
#19567=CARTESIAN_POINT('',(200.,200.,50.));
#19568=CARTESIAN_POINT('Origin',(50.,200.,50.));
#19569=CARTESIAN_POINT('',(150.,200.,48.0000007152557));
#19570=CARTESIAN_POINT('Origin',(250.,250.,48.0000007152557));
#19571=CARTESIAN_POINT('Origin',(50.,250.,50.));
#19572=CARTESIAN_POINT('',(250.,250.,48.0000007152557));
#19573=CARTESIAN_POINT('',(200.,250.,48.0000007152557));
#19574=CARTESIAN_POINT('',(150.,250.,48.0000007152557));
#19575=CARTESIAN_POINT('',(250.,250.,50.));
#19576=CARTESIAN_POINT('',(250.,250.,50.));
#19577=CARTESIAN_POINT('',(200.,250.,50.));
#19578=CARTESIAN_POINT('',(175.,250.,50.));
#19579=CARTESIAN_POINT('',(200.,250.,50.));
#19580=CARTESIAN_POINT('Origin',(250.,450.,50.));
#19581=CARTESIAN_POINT('',(250.,300.,48.0000007152557));
#19582=CARTESIAN_POINT('',(250.,350.,48.0000007152557));
#19583=CARTESIAN_POINT('',(250.,300.,50.));
#19584=CARTESIAN_POINT('',(250.,300.,50.));
#19585=CARTESIAN_POINT('',(250.,350.,50.));
#19586=CARTESIAN_POINT('Origin',(300.,250.,50.));
#19587=CARTESIAN_POINT('',(200.,300.,50.));
#19588=CARTESIAN_POINT('',(175.,300.,50.));
#19589=CARTESIAN_POINT('',(200.,350.,50.));
#19590=CARTESIAN_POINT('Origin',(200.,450.,50.));
#19591=CARTESIAN_POINT('',(200.,300.,48.0000007152557));
#19592=CARTESIAN_POINT('',(200.,350.,48.0000007152557));
#19593=CARTESIAN_POINT('',(200.,300.,50.));
#19594=CARTESIAN_POINT('Origin',(50.,300.,50.));
#19595=CARTESIAN_POINT('',(150.,300.,48.0000007152557));
#19596=CARTESIAN_POINT('Origin',(250.,250.,48.0000007152557));
#19597=CARTESIAN_POINT('Origin',(200.,450.,50.));
#19598=CARTESIAN_POINT('',(200.,350.,48.0000007152557));
#19599=CARTESIAN_POINT('',(200.,400.,48.0000007152557));
#19600=CARTESIAN_POINT('',(200.,350.,48.0000007152557));
#19601=CARTESIAN_POINT('',(200.,350.,50.));
#19602=CARTESIAN_POINT('',(200.,350.,50.));
#19603=CARTESIAN_POINT('',(200.,400.,50.));
#19604=CARTESIAN_POINT('',(200.,350.,50.));
#19605=CARTESIAN_POINT('',(200.,400.,50.));
#19606=CARTESIAN_POINT('Origin',(300.,250.,50.));
#19607=CARTESIAN_POINT('',(250.,350.,50.));
#19608=CARTESIAN_POINT('',(175.,350.,50.));
#19609=CARTESIAN_POINT('',(250.,400.,50.));
#19610=CARTESIAN_POINT('',(250.,350.,50.));
#19611=CARTESIAN_POINT('',(175.,400.,50.));
#19612=CARTESIAN_POINT('Origin',(50.,400.,50.));
#19613=CARTESIAN_POINT('',(250.,400.,48.0000007152557));
#19614=CARTESIAN_POINT('',(150.,400.,48.0000007152557));
#19615=CARTESIAN_POINT('',(250.,400.,50.));
#19616=CARTESIAN_POINT('Origin',(250.,450.,50.));
#19617=CARTESIAN_POINT('',(250.,350.,48.0000007152557));
#19618=CARTESIAN_POINT('',(250.,350.,48.0000007152557));
#19619=CARTESIAN_POINT('',(250.,350.,50.));
#19620=CARTESIAN_POINT('Origin',(50.,350.,50.));
#19621=CARTESIAN_POINT('',(150.,350.,48.0000007152557));
#19622=CARTESIAN_POINT('Origin',(250.,250.,48.0000007152557));
#19623=CARTESIAN_POINT('Origin',(50.,100.,50.));
#19624=CARTESIAN_POINT('',(250.,100.,48.0000007152557));
#19625=CARTESIAN_POINT('',(200.,100.,48.0000007152557));
#19626=CARTESIAN_POINT('',(150.,100.,48.0000007152557));
#19627=CARTESIAN_POINT('',(250.,100.,50.));
#19628=CARTESIAN_POINT('',(250.,100.,50.));
#19629=CARTESIAN_POINT('',(200.,100.,50.));
#19630=CARTESIAN_POINT('',(175.,100.,50.));
#19631=CARTESIAN_POINT('',(200.,100.,50.));
#19632=CARTESIAN_POINT('Origin',(300.,250.,50.));
#19633=CARTESIAN_POINT('',(250.,150.,50.));
#19634=CARTESIAN_POINT('',(200.,150.,50.));
#19635=CARTESIAN_POINT('',(175.,150.,50.));
#19636=CARTESIAN_POINT('',(200.,350.,50.));
#19637=CARTESIAN_POINT('',(250.,350.,50.));
#19638=CARTESIAN_POINT('Origin',(200.,450.,50.));
#19639=CARTESIAN_POINT('',(200.,150.,48.0000007152557));
#19640=CARTESIAN_POINT('',(200.,350.,48.0000007152557));
#19641=CARTESIAN_POINT('',(200.,150.,50.));
#19642=CARTESIAN_POINT('Origin',(50.,150.,50.));
#19643=CARTESIAN_POINT('',(250.,150.,48.0000007152557));
#19644=CARTESIAN_POINT('',(150.,150.,48.0000007152557));
#19645=CARTESIAN_POINT('',(250.,150.,50.));
#19646=CARTESIAN_POINT('Origin',(250.,450.,50.));
#19647=CARTESIAN_POINT('',(250.,350.,48.0000007152557));
#19648=CARTESIAN_POINT('Origin',(250.,250.,48.0000007152557));
#19649=CARTESIAN_POINT('Origin',(50.,200.,50.));
#19650=CARTESIAN_POINT('',(250.,200.,48.0000007152557));
#19651=CARTESIAN_POINT('',(200.,200.,48.0000007152557));
#19652=CARTESIAN_POINT('',(150.,200.,48.0000007152557));
#19653=CARTESIAN_POINT('',(250.,200.,50.));
#19654=CARTESIAN_POINT('',(250.,200.,50.));
#19655=CARTESIAN_POINT('',(200.,200.,50.));
#19656=CARTESIAN_POINT('',(175.,200.,50.));
#19657=CARTESIAN_POINT('',(200.,200.,50.));
#19658=CARTESIAN_POINT('Origin',(200.,450.,50.));
#19659=CARTESIAN_POINT('',(200.,250.,48.0000007152557));
#19660=CARTESIAN_POINT('',(200.,350.,48.0000007152557));
#19661=CARTESIAN_POINT('',(200.,250.,50.));
#19662=CARTESIAN_POINT('',(200.,350.,50.));
#19663=CARTESIAN_POINT('',(200.,250.,50.));
#19664=CARTESIAN_POINT('Origin',(300.,250.,50.));
#19665=CARTESIAN_POINT('',(250.,250.,50.));
#19666=CARTESIAN_POINT('',(175.,250.,50.));
#19667=CARTESIAN_POINT('',(250.,350.,50.));
#19668=CARTESIAN_POINT('Origin',(50.,250.,50.));
#19669=CARTESIAN_POINT('',(250.,250.,48.0000007152557));
#19670=CARTESIAN_POINT('',(150.,250.,48.0000007152557));
#19671=CARTESIAN_POINT('',(250.,250.,50.));
#19672=CARTESIAN_POINT('Origin',(250.,450.,50.));
#19673=CARTESIAN_POINT('',(250.,350.,48.0000007152557));
#19674=CARTESIAN_POINT('Origin',(250.,250.,48.0000007152557));
#19675=CARTESIAN_POINT('Origin',(50.,300.,50.));
#19676=CARTESIAN_POINT('',(250.,300.,48.0000007152557));
#19677=CARTESIAN_POINT('',(200.,300.,48.0000007152557));
#19678=CARTESIAN_POINT('',(150.,300.,48.0000007152557));
#19679=CARTESIAN_POINT('',(250.,300.,50.));
#19680=CARTESIAN_POINT('',(250.,300.,50.));
#19681=CARTESIAN_POINT('',(200.,300.,50.));
#19682=CARTESIAN_POINT('',(175.,300.,50.));
#19683=CARTESIAN_POINT('',(200.,300.,50.));
#19684=CARTESIAN_POINT('Origin',(200.,450.,50.));
#19685=CARTESIAN_POINT('',(200.,350.,48.0000007152557));
#19686=CARTESIAN_POINT('',(200.,350.,48.0000007152557));
#19687=CARTESIAN_POINT('',(200.,350.,50.));
#19688=CARTESIAN_POINT('',(200.,350.,50.));
#19689=CARTESIAN_POINT('',(200.,350.,50.));
#19690=CARTESIAN_POINT('Origin',(300.,250.,50.));
#19691=CARTESIAN_POINT('',(250.,350.,50.));
#19692=CARTESIAN_POINT('',(175.,350.,50.));
#19693=CARTESIAN_POINT('',(250.,350.,50.));
#19694=CARTESIAN_POINT('Origin',(50.,350.,50.));
#19695=CARTESIAN_POINT('',(250.,350.,48.0000007152557));
#19696=CARTESIAN_POINT('',(150.,350.,48.0000007152557));
#19697=CARTESIAN_POINT('',(250.,350.,50.));
#19698=CARTESIAN_POINT('Origin',(250.,450.,50.));
#19699=CARTESIAN_POINT('',(250.,350.,48.0000007152557));
#19700=CARTESIAN_POINT('Origin',(250.,250.,48.0000007152557));
#19701=CARTESIAN_POINT('Origin',(300.,250.,43.));
#19702=CARTESIAN_POINT('',(-20.,4.44089209850063E-15,43.0000006407499));
#19703=CARTESIAN_POINT('',(-20.,500.,43.0000006407499));
#19704=CARTESIAN_POINT('',(-20.,375.,43.0000006407499));
#19705=CARTESIAN_POINT('',(4.44089209850063E-14,520.,43.0000006407499));
#19706=CARTESIAN_POINT('Origin',(4.44089209850063E-14,500.,43.0000006407499));
#19707=CARTESIAN_POINT('',(600.,520.,43.0000006407499));
#19708=CARTESIAN_POINT('',(450.,520.,43.0000006407499));
#19709=CARTESIAN_POINT('',(620.,500.,43.0000006407499));
#19710=CARTESIAN_POINT('Origin',(600.,500.,43.0000006407499));
#19711=CARTESIAN_POINT('',(620.,4.31842741858589E-14,43.0000006407499));
#19712=CARTESIAN_POINT('',(620.,125.,43.0000006407499));
#19713=CARTESIAN_POINT('',(600.,-20.,43.0000006407499));
#19714=CARTESIAN_POINT('Origin',(600.,4.44089209850063E-14,43.0000006407499));
#19715=CARTESIAN_POINT('',(-3.4450928483977E-15,-20.,43.0000006407499));
#19716=CARTESIAN_POINT('',(150.,-20.,43.0000006407499));
#19717=CARTESIAN_POINT('Origin',(-1.99840144432528E-14,-1.77635683940025E-14,
43.0000006407499));
#19718=CARTESIAN_POINT('Origin',(250.,250.,48.0000007152557));
#19719=CARTESIAN_POINT('',(450.,50.,48.0000007152557));
#19720=CARTESIAN_POINT('',(50.,50.,48.0000007152557));
#19721=CARTESIAN_POINT('',(150.,50.,48.0000007152557));
#19722=CARTESIAN_POINT('',(450.,450.,48.0000007152557));
#19723=CARTESIAN_POINT('',(450.,150.,48.0000007152557));
#19724=CARTESIAN_POINT('',(50.,450.,48.0000007152557));
#19725=CARTESIAN_POINT('',(350.,450.,48.0000007152557));
#19726=CARTESIAN_POINT('',(50.,350.,48.0000007152557));
#19727=CARTESIAN_POINT('Origin',(300.,250.,50.));
#19728=CARTESIAN_POINT('',(-20.,4.44089209850063E-15,50.));
#19729=CARTESIAN_POINT('',(-4.44089209850063E-15,-20.,50.));
#19730=CARTESIAN_POINT('Origin',(-1.99840144432528E-14,-1.77635683940025E-14,
50.));
#19731=CARTESIAN_POINT('',(600.,-20.,50.));
#19732=CARTESIAN_POINT('',(-4.44089209850063E-15,-20.,50.));
#19733=CARTESIAN_POINT('',(620.,4.31842741858589E-14,50.));
#19734=CARTESIAN_POINT('Origin',(600.,4.44089209850063E-14,50.));
#19735=CARTESIAN_POINT('',(620.,500.,50.));
#19736=CARTESIAN_POINT('',(620.,4.44089209850063E-14,50.));
#19737=CARTESIAN_POINT('',(600.,520.,50.));
#19738=CARTESIAN_POINT('Origin',(600.,500.,50.));
#19739=CARTESIAN_POINT('',(4.44089209850063E-14,520.,50.));
#19740=CARTESIAN_POINT('',(600.,520.,50.));
#19741=CARTESIAN_POINT('',(-20.,500.,50.));
#19742=CARTESIAN_POINT('Origin',(4.44089209850063E-14,500.,50.));
#19743=CARTESIAN_POINT('',(-20.,500.,50.));
#19744=CARTESIAN_POINT('',(450.,50.,50.));
#19745=CARTESIAN_POINT('',(50.,50.,50.));
#19746=CARTESIAN_POINT('',(175.,50.,50.));
#19747=CARTESIAN_POINT('',(50.,450.,50.));
#19748=CARTESIAN_POINT('',(50.,350.,50.));
#19749=CARTESIAN_POINT('',(450.,450.,50.));
#19750=CARTESIAN_POINT('',(375.,450.,50.));
#19751=CARTESIAN_POINT('',(450.,150.,50.));
#19752=CARTESIAN_POINT('Origin',(-1.99840144432528E-14,-1.77635683940025E-14,
0.));
#19753=CARTESIAN_POINT('',(-3.4450928483977E-15,-20.,0.));
#19754=CARTESIAN_POINT('',(-20.,4.44089209850063E-15,0.));
#19755=CARTESIAN_POINT('Origin',(-3.4450928483977E-15,-20.,0.));
#19756=CARTESIAN_POINT('',(600.,-20.,0.));
#19757=CARTESIAN_POINT('Origin',(600.,4.44089209850063E-14,0.));
#19758=CARTESIAN_POINT('',(620.,4.31842741858589E-14,0.));
#19759=CARTESIAN_POINT('Origin',(620.,4.44089209850063E-14,0.));
#19760=CARTESIAN_POINT('',(620.,500.,0.));
#19761=CARTESIAN_POINT('Origin',(450.,50.,50.));
#19762=CARTESIAN_POINT('',(450.,50.,50.));
#19763=CARTESIAN_POINT('',(450.,450.,50.));
#19764=CARTESIAN_POINT('Origin',(50.,50.,50.));
#19765=CARTESIAN_POINT('',(50.,50.,50.));
#19766=CARTESIAN_POINT('Origin',(450.,450.,50.));
#19767=CARTESIAN_POINT('',(50.,450.,50.));
#19768=CARTESIAN_POINT('Origin',(50.,450.,50.));
#19769=CARTESIAN_POINT('Origin',(-20.,500.,0.));
#19770=CARTESIAN_POINT('',(-20.,500.,0.));
#19771=CARTESIAN_POINT('Origin',(4.44089209850063E-14,500.,0.));
#19772=CARTESIAN_POINT('',(4.44089209850063E-14,520.,0.));
#19773=CARTESIAN_POINT('Origin',(600.,520.,0.));
#19774=CARTESIAN_POINT('',(600.,520.,0.));
#19775=CARTESIAN_POINT('Origin',(600.,500.,0.));
#19776=CARTESIAN_POINT('',(0.,0.,0.));
#19777=CARTESIAN_POINT('',(-98.0019855499268,-7.,0.));
#19778=CARTESIAN_POINT('',(0.,0.,0.));
#19779=CARTESIAN_POINT('',(-60.0000000000002,500.000000000001,90.0000000000003));
#19780=CARTESIAN_POINT('',(-60.0000000000002,3.94430452610507E-30,90.0000000000004));
#19781=CARTESIAN_POINT('Origin',(0.,0.,0.));
#19782=UNCERTAINTY_MEASURE_WITH_UNIT(LENGTH_MEASURE(0.01),#19798,
'DISTANCE_ACCURACY_VALUE',
'Maximum model space distance between geometric entities at asserted c
onnectivities');
#19783=UNCERTAINTY_MEASURE_WITH_UNIT(LENGTH_MEASURE(0.01),#19798,
'DISTANCE_ACCURACY_VALUE',
'Maximum model space distance between geometric entities at asserted c
onnectivities');
#19784=UNCERTAINTY_MEASURE_WITH_UNIT(LENGTH_MEASURE(0.01),#19798,
'DISTANCE_ACCURACY_VALUE',
'Maximum model space distance between geometric entities at asserted c
onnectivities');
#19785=UNCERTAINTY_MEASURE_WITH_UNIT(LENGTH_MEASURE(0.01),#19798,
'DISTANCE_ACCURACY_VALUE',
'Maximum model space distance between geometric entities at asserted c
onnectivities');
#19786=UNCERTAINTY_MEASURE_WITH_UNIT(LENGTH_MEASURE(0.01),#19798,
'DISTANCE_ACCURACY_VALUE',
'Maximum model space distance between geometric entities at asserted c
onnectivities');
#19787=UNCERTAINTY_MEASURE_WITH_UNIT(LENGTH_MEASURE(0.01),#19798,
'DISTANCE_ACCURACY_VALUE',
'Maximum model space distance between geometric entities at asserted c
onnectivities');
#19788=UNCERTAINTY_MEASURE_WITH_UNIT(LENGTH_MEASURE(0.01),#19798,
'DISTANCE_ACCURACY_VALUE',
'Maximum model space distance between geometric entities at asserted c
onnectivities');
#19789=UNCERTAINTY_MEASURE_WITH_UNIT(LENGTH_MEASURE(0.01),#19798,
'DISTANCE_ACCURACY_VALUE',
'Maximum model space distance between geometric entities at asserted c
onnectivities');
#19790=(
GEOMETRIC_REPRESENTATION_CONTEXT(3)
GLOBAL_UNCERTAINTY_ASSIGNED_CONTEXT((#19782))
GLOBAL_UNIT_ASSIGNED_CONTEXT((#19798,#19800,#19801))
REPRESENTATION_CONTEXT('','3D')
);
#19791=(
GEOMETRIC_REPRESENTATION_CONTEXT(3)
GLOBAL_UNCERTAINTY_ASSIGNED_CONTEXT((#19783))
GLOBAL_UNIT_ASSIGNED_CONTEXT((#19798,#19800,#19801))
REPRESENTATION_CONTEXT('','3D')
);
#19792=(
GEOMETRIC_REPRESENTATION_CONTEXT(3)
GLOBAL_UNCERTAINTY_ASSIGNED_CONTEXT((#19784))
GLOBAL_UNIT_ASSIGNED_CONTEXT((#19798,#19800,#19801))
REPRESENTATION_CONTEXT('','3D')
);
#19793=(
GEOMETRIC_REPRESENTATION_CONTEXT(3)
GLOBAL_UNCERTAINTY_ASSIGNED_CONTEXT((#19785))
GLOBAL_UNIT_ASSIGNED_CONTEXT((#19798,#19800,#19801))
REPRESENTATION_CONTEXT('','3D')
);
#19794=(
GEOMETRIC_REPRESENTATION_CONTEXT(3)
GLOBAL_UNCERTAINTY_ASSIGNED_CONTEXT((#19786))
GLOBAL_UNIT_ASSIGNED_CONTEXT((#19798,#19800,#19801))
REPRESENTATION_CONTEXT('','3D')
);
#19795=(
GEOMETRIC_REPRESENTATION_CONTEXT(3)
GLOBAL_UNCERTAINTY_ASSIGNED_CONTEXT((#19787))
GLOBAL_UNIT_ASSIGNED_CONTEXT((#19798,#19800,#19801))
REPRESENTATION_CONTEXT('','3D')
);
#19796=(
GEOMETRIC_REPRESENTATION_CONTEXT(3)
GLOBAL_UNCERTAINTY_ASSIGNED_CONTEXT((#19788))
GLOBAL_UNIT_ASSIGNED_CONTEXT((#19798,#19800,#19801))
REPRESENTATION_CONTEXT('','3D')
);
#19797=(
GEOMETRIC_REPRESENTATION_CONTEXT(3)
GLOBAL_UNCERTAINTY_ASSIGNED_CONTEXT((#19789))
GLOBAL_UNIT_ASSIGNED_CONTEXT((#19798,#19800,#19801))
REPRESENTATION_CONTEXT('','3D')
);
#19798=(
LENGTH_UNIT()
NAMED_UNIT(*)
SI_UNIT(.MILLI.,.METRE.)
);
#19799=(
LENGTH_UNIT()
NAMED_UNIT(*)
SI_UNIT($,.METRE.)
);
#19800=(
NAMED_UNIT(*)
PLANE_ANGLE_UNIT()
SI_UNIT($,.RADIAN.)
);
#19801=(
NAMED_UNIT(*)
SI_UNIT($,.STERADIAN.)
SOLID_ANGLE_UNIT()
);
#19802=SHAPE_DEFINITION_REPRESENTATION(#19809,#19823);
#19803=SHAPE_DEFINITION_REPRESENTATION(#19810,#19824);
#19804=SHAPE_DEFINITION_REPRESENTATION(#19811,#19825);
#19805=SHAPE_DEFINITION_REPRESENTATION(#19812,#19826);
#19806=SHAPE_DEFINITION_REPRESENTATION(#19813,#19827);
#19807=SHAPE_DEFINITION_REPRESENTATION(#19814,#19828);
#19808=SHAPE_DEFINITION_REPRESENTATION(#19815,#19829);
#19809=PRODUCT_DEFINITION_SHAPE('',$,#19831);
#19810=PRODUCT_DEFINITION_SHAPE('',$,#19832);
#19811=PRODUCT_DEFINITION_SHAPE('',$,#19833);
#19812=PRODUCT_DEFINITION_SHAPE('',$,#19834);
#19813=PRODUCT_DEFINITION_SHAPE('',$,#19835);
#19814=PRODUCT_DEFINITION_SHAPE('',$,#19836);
#19815=PRODUCT_DEFINITION_SHAPE('',$,#19837);
#19816=PRODUCT_DEFINITION_SHAPE($,$,#35);
#19817=PRODUCT_DEFINITION_SHAPE($,$,#36);
#19818=PRODUCT_DEFINITION_SHAPE($,$,#37);
#19819=PRODUCT_DEFINITION_SHAPE($,$,#38);
#19820=PRODUCT_DEFINITION_SHAPE($,$,#39);
#19821=PRODUCT_DEFINITION_SHAPE($,$,#40);
#19822=PRODUCT_DEFINITION_SHAPE($,$,#41);
#19823=SHAPE_REPRESENTATION('',(#11635,#12497,#12498,#12499,#12500,#12501),
#19790);
#19824=SHAPE_REPRESENTATION('',(#11636),#19791);
#19825=SHAPE_REPRESENTATION('',(#11672),#19792);
#19826=SHAPE_REPRESENTATION('',(#11679),#19793);
#19827=SHAPE_REPRESENTATION('',(#11686,#12088),#19794);
#19828=SHAPE_REPRESENTATION('',(#11687,#12089),#19795);
#19829=SHAPE_REPRESENTATION('',(#11688),#19796);
#19830=PRODUCT_DEFINITION_CONTEXT('part definition',#19853,'design');
#19831=PRODUCT_DEFINITION('2026-06-09-09-11-23-947','Untitled',#19838,#19830);
#19832=PRODUCT_DEFINITION('2026-06-19-13-24-00-058','big box',#19839,#19830);
#19833=PRODUCT_DEFINITION('2026-06-30-17-07-46-428','Component20',#19840,
#19830);
#19834=PRODUCT_DEFINITION('2026-06-30-17-08-41-838','Component21',#19841,
#19830);
#19835=PRODUCT_DEFINITION('2026-07-01-15-59-59-734',
'MGNR-7-R0499-H-M 469806',#19842,#19830);
#19836=PRODUCT_DEFINITION('2026-07-01-15-59-59-734_1',
'MGNR-7-R0499-H-M 469806',#19843,#19830);
#19837=PRODUCT_DEFINITION('2026-07-01-15-59-59-735',
'MGNR-7-R_857EA8204C097978A51D2F721FA9D4C0_MGNR7R',#19844,#19830);
#19838=PRODUCT_DEFINITION_FORMATION('',$,#19855);
#19839=PRODUCT_DEFINITION_FORMATION('',$,#19856);
#19840=PRODUCT_DEFINITION_FORMATION('',$,#19857);
#19841=PRODUCT_DEFINITION_FORMATION('',$,#19858);
#19842=PRODUCT_DEFINITION_FORMATION('',$,#19859);
#19843=PRODUCT_DEFINITION_FORMATION('',$,#19860);
#19844=PRODUCT_DEFINITION_FORMATION('',$,#19861);
#19845=PRODUCT_RELATED_PRODUCT_CATEGORY('Untitled','Untitled',(#19855));
#19846=PRODUCT_RELATED_PRODUCT_CATEGORY('big box','big box',(#19856));
#19847=PRODUCT_RELATED_PRODUCT_CATEGORY('Component20','Component20',(#19857));
#19848=PRODUCT_RELATED_PRODUCT_CATEGORY('Component21','Component21',(#19858));
#19849=PRODUCT_RELATED_PRODUCT_CATEGORY('MGNR-7-R0499-H-M 469806',
'MGNR-7-R0499-H-M 469806',(#19859));
#19850=PRODUCT_RELATED_PRODUCT_CATEGORY('MGNR-7-R0499-H-M 469806',
'MGNR-7-R0499-H-M 469806',(#19860));
#19851=PRODUCT_RELATED_PRODUCT_CATEGORY(
'MGNR-7-R_857EA8204C097978A51D2F721FA9D4C0_MGNR7R',
'MGNR-7-R_857EA8204C097978A51D2F721FA9D4C0_MGNR7R',(#19861));
#19852=APPLICATION_PROTOCOL_DEFINITION('international standard',
'automotive_design',2009,#19853);
#19853=APPLICATION_CONTEXT(
'Core Data for Automotive Mechanical Design Process');
#19854=PRODUCT_CONTEXT('part definition',#19853,'mechanical');
#19855=PRODUCT('2026-06-09-09-11-23-947','Untitled',$,(#19854));
#19856=PRODUCT('2026-06-19-13-24-00-058','big box',$,(#19854));
#19857=PRODUCT('2026-06-30-17-07-46-428','Component20',$,(#19854));
#19858=PRODUCT('2026-06-30-17-08-41-838','Component21',$,(#19854));
#19859=PRODUCT('2026-07-01-15-59-59-734','MGNR-7-R0499-H-M 469806',
'STEP AP214',(#19854));
#19860=PRODUCT('2026-07-01-15-59-59-734_1','MGNR-7-R0499-H-M 469806',
'STEP AP214',(#19854));
#19861=PRODUCT('2026-07-01-15-59-59-735',
'MGNR-7-R_857EA8204C097978A51D2F721FA9D4C0_MGNR7R',$,(#19854));
#19862=PRESENTATION_STYLE_ASSIGNMENT((#19870));
#19863=PRESENTATION_STYLE_ASSIGNMENT((#19871));
#19864=PRESENTATION_STYLE_ASSIGNMENT((#19872));
#19865=PRESENTATION_STYLE_ASSIGNMENT((#19873));
#19866=PRESENTATION_STYLE_ASSIGNMENT((#19874));
#19867=PRESENTATION_STYLE_ASSIGNMENT((#19875));
#19868=PRESENTATION_STYLE_ASSIGNMENT((#19876));
#19869=PRESENTATION_STYLE_ASSIGNMENT((NULL_STYLE(.NULL.)));
#19870=SURFACE_STYLE_USAGE(.BOTH.,#19877);
#19871=SURFACE_STYLE_USAGE(.BOTH.,#19878);
#19872=SURFACE_STYLE_USAGE(.BOTH.,#19879);
#19873=SURFACE_STYLE_USAGE(.BOTH.,#19880);
#19874=SURFACE_STYLE_USAGE(.BOTH.,#19881);
#19875=SURFACE_STYLE_USAGE(.BOTH.,#19882);
#19876=SURFACE_STYLE_USAGE(.BOTH.,#19883);
#19877=SURFACE_SIDE_STYLE('',(#19884));
#19878=SURFACE_SIDE_STYLE('',(#19885));
#19879=SURFACE_SIDE_STYLE('',(#19886));
#19880=SURFACE_SIDE_STYLE('',(#19887));
#19881=SURFACE_SIDE_STYLE('',(#19888));
#19882=SURFACE_SIDE_STYLE('',(#19889));
#19883=SURFACE_SIDE_STYLE('',(#19890));
#19884=SURFACE_STYLE_FILL_AREA(#19891);
#19885=SURFACE_STYLE_FILL_AREA(#19892);
#19886=SURFACE_STYLE_FILL_AREA(#19893);
#19887=SURFACE_STYLE_FILL_AREA(#19894);
#19888=SURFACE_STYLE_FILL_AREA(#19895);
#19889=SURFACE_STYLE_FILL_AREA(#19896);
#19890=SURFACE_STYLE_FILL_AREA(#19897);
#19891=FILL_AREA_STYLE('Mahogany',(#19898));
#19892=FILL_AREA_STYLE('Stainless Steel - Polished',(#19899));
#19893=FILL_AREA_STYLE('Oak',(#19900));
#19894=FILL_AREA_STYLE('Walnut',(#19901));
#19895=FILL_AREA_STYLE('Mahogany',(#19902));
#19896=FILL_AREA_STYLE('Steel - Satin',(#19903));
#19897=FILL_AREA_STYLE('Opaque(202,209,238)',(#19904));
#19898=FILL_AREA_STYLE_COLOUR('Mahogany',#19905);
#19899=FILL_AREA_STYLE_COLOUR('Stainless Steel - Polished',#19906);
#19900=FILL_AREA_STYLE_COLOUR('Oak',#19907);
#19901=FILL_AREA_STYLE_COLOUR('Walnut',#19908);
#19902=FILL_AREA_STYLE_COLOUR('Mahogany',#19909);
#19903=FILL_AREA_STYLE_COLOUR('Steel - Satin',#19910);
#19904=FILL_AREA_STYLE_COLOUR('Opaque(202,209,238)',#19911);
#19905=COLOUR_RGB('Mahogany',0.,0.,0.);
#19906=COLOUR_RGB('Stainless Steel - Polished',0.796078431372549,0.796078431372549,
0.796078431372549);
#19907=COLOUR_RGB('Oak',0.,0.,0.);
#19908=COLOUR_RGB('Walnut',0.,0.,0.);
#19909=COLOUR_RGB('Mahogany',0.,0.,0.);
#19910=COLOUR_RGB('Steel - Satin',0.627450980392157,0.627450980392157,0.627450980392157);
#19911=COLOUR_RGB('Opaque(202,209,238)',0.792156862745098,0.819607843137255,
0.933333333333333);
ENDSEC;
END-ISO-10303-21;
